Unnamed: 3
Value
-9.805
-9.297
-8.755
-8.043
-7.068
-6.079
-5.35
-5.004
-5.072
-5.471
-6.099
-6.936
-7.87
-8.764
-9.583
-10.282
-10.845
-11.248
-11.3
-10.849
-9.993
-8.867
-7.637
-6.573
-5.786
-5.389
-5.421
-5.754
-6.278
-6.952
-7.689
-8.354
-8.991
-9.689
-10.35
-10.826
-10.962
-10.72
-10.196
-9.485
-8.642
-7.859
-7.303
-6.965
-6.798
-6.85
-7.05
-7.376
-7.882
-8.565
-9.393
-10.232
-10.915
-11.278
-11.296
-11.128
-10.956
-10.783
-10.436
-9.84
-9.173
-8.555
-8.039
-7.644
-7.358
-7.244
-7.376
-7.764
-8.34
-8.937
-9.436
-9.803
-9.982
-9.871
-9.506
-9.063
-8.549
-7.898
-7.195
-6.541
-5.938
-5.453
-5.153
-5.094
-5.316
-5.809
-6.439
-6.997
-7.31
-7.378
-7.356
-7.265
-7.115
-6.94
-6.661
-6.192
-5.584
-5.01
-4.531
-4.071
-3.699
-3.772
-4.304
-4.777
-4.983
-5.175
-5.582
-6.161
-6.6
-6.695
-6.514
-6.283
-6.117
-6.006
-5.97
-6.097
-6.337
-6.589
-6.954
-7.573
-8.454
-9.4
-10.123
-10.484
-10.599
-10.524
-10.189
-9.615
-8.98
-8.581
-8.54
-8.619
-8.601
-8.594
-8.815
-9.397
-10.366
-11.516
-12.373
-12.673
-12.55
-12.271
-12.024
-11.854
-11.738
-11.693
-11.613
-11.382
-11.083
-10.799
-10.608
-10.738
-11.316
-12.051
-12.55
-12.65
-12.475
-12.269
-12.115
-11.997
-11.965
-11.958
-11.813
-11.561
-11.43
-11.531
-11.794
-12.157
-12.566
-12.988
-13.362
-13.616
-13.703
-13.655
-13.473
-13.255
-13.126
-12.986
-12.747
-12.528
-12.441
-12.376
-12.28
-12.337
-12.686
-13.217
-13.693
-13.952
-13.981
-13.777
-13.417
-13.051
-12.709
-12.384
-12.16
-12.151
-12.396
-12.773
-13.128
-13.401
-13.648
-13.886
-14.077
-14.102
-13.863
-13.389
-12.799
-12.058
-11.201
-10.477
-10.037
-9.821
-9.864
-10.162
-10.511
-10.763
-10.942
-11.119
-11.264
-11.319
-11.196
-10.84
-10.227
-9.506
-8.83
-8.192
-7.612
-7.224
-7.099
-7.188
-7.392
-7.621
-7.859
-8.133
-8.465
-8.792
-9.034
-9.091
-8.846
-8.32
-7.694
-7.177
-6.784
-6.373
-5.988
-5.761
-5.654
-5.623
-5.783
-6.113
-6.446
-6.823
-7.36
-7.996
-8.503
-8.796
-8.978
-9.05
-8.882
-8.537
-8.22
-7.844
-7.394
-7.017
-6.843
-6.911
-7.319
-7.962
-8.585
-9.173
-9.778
-10.293
-10.622
-10.792
-10.794
-10.627
-10.39
-10.137
-9.767
-9.279
-8.911
-8.871
-8.973
-8.978
-8.893
-8.907
-9.025
-9.243
-9.663
-10.204
-10.681
-11.08
-11.379
-11.407
-11.196
-10.935
-10.613
-10.18
-9.771
-9.536
-9.385
-9.227
-9.132
-9.152
-9.202
-9.307
-9.649
-10.261
-10.912
-11.47
-11.967
-12.285
-12.212
-11.77
-11.266
-11.031
-11.087
-11.064
-10.727
-10.395
-10.145
-9.73
-9.179
-8.764
-8.426
-8.145
-8.22
-8.728
-9.4
-9.663
-9.83
-10.742
-11.963
-12.155
-11.464
-10.972
-10.901
-11.037
-11.189
-11.146
-10.629
-9.819
-9.404
-9.91
-10.556
-10.214
-9.393
-9.32
-10.086
-10.676
-10.66
-10.384
-9.928
-9.084
-8.344
-8.349
-8.689
-8.612
-8.24
-8.356
-9.274
-10.377
-11.073
-11.57
-12.124
-12.607
-12.981
-13.095
-12.777
-12.108
-11.209
-10.468
-10.327
-10.465
-10.359
-10.189
-10.282
-10.699
-11.237
-11.593
-11.813
-12.072
-12.056
-11.639
-11.407
-11.609
-11.809
-11.706
-11.595
-11.833
-12.214
-12.23
-11.781
-11.287
-11.094
-11.198
-11.416
-11.448
-11.239
-10.938
-10.72
-10.583
-10.472
-10.427
-10.49
-10.67
-10.912
-11.062
-10.824
-10.438
-10.431
-10.663
-10.522
-10.085
-9.905
-9.991
-9.894
-9.366
-8.646
-8.222
-8.156
-7.98
-7.659
-7.678
-8.048
-8.454
-8.851
-9.148
-9.13
-8.978
-8.905
-8.864
-8.563
-7.736
-6.695
-6.215
-6.313
-6.296
-5.991
-5.768
-5.997
-6.636
-7.295
-7.651
-7.818
-7.962
-8.111
-8.15
-7.939
-7.605
-7.256
-6.886
-6.561
-6.403
-6.466
-6.691
-6.877
-7.027
-7.301
-7.514
-7.54
-7.587
-7.834
-8.14
-8.37
-8.567
-8.789
-8.959
-9.03
-8.962
-8.624
-8.215
-7.959
-7.73
-7.519
-7.367
-7.052
-6.587
-6.383
-6.646
-7.354
-8.222
-8.844
-9.2
-9.612
-10.134
-10.472
-10.516
-10.393
-10.314
-10.348
-10.4
-10.375
-10.291
-10.085
-9.749
-9.624
-9.849
-10.166
-10.402
-10.617
-10.846
-11.11
-11.178
-10.892
-10.579
-10.393
-10.101
-9.642
-9.111
-8.589
-8.225
-8.136
-8.251
-8.488
-8.776
-9.189
-9.787
-10.452
-10.879
-11.098
-11.457
-11.946
-12.198
-12.157
-11.983
-11.584
-10.949
-10.237
-9.601
-9.32
-9.477
-9.812
-10.189
-10.676
-11.153
-11.366
-11.289
-11.051
-10.699
-10.186
-9.436
-8.511
-7.646
-6.906
-6.353
-6.195
-6.444
-6.854
-7.331
-7.929
-8.576
-9.018
-9.122
-9.023
-8.869
-8.664
-8.342
-7.85
-7.333
-7.011
-6.904
-6.911
-7.027
-7.274
-7.61
-7.87
-7.87
-7.741
-7.605
-7.324
-6.773
-6.054
-5.327
-4.647
-4.114
-3.835
-3.745
-3.695
-3.819
-4.162
-4.525
-4.768
-4.874
-4.827
-4.76
-4.677
-4.402
-4.039
-3.876
-3.865
-3.867
-3.956
-4.271
-4.734
-5.105
-5.251
-5.353
-5.573
-5.8
-5.868
-5.818
-5.643
-5.216
-4.577
-3.962
-3.49
-2.962
-2.338
-1.914
-1.839
-1.807
-1.637
-1.533
-1.773
-2.415
-3.219
-3.886
-4.355
-4.72
-5.042
-5.262
-5.335
-5.362
-5.332
-5.16
-4.999
-4.976
-5.028
-5.01
-4.838
-4.641
-4.536
-4.468
-4.291
-4.101
-4.08
-4.203
-4.237
-4.11
-3.869
-3.552
-3.239
-2.982
-2.776
-2.588
-2.343
-2.103
-2.143
-2.524
-2.971
-3.248
-3.454
-3.783
-4.212
-4.597
-4.894
-5.056
-5.079
-4.976
-4.76
-4.448
-4.057
-3.602
-3.071
-2.524
-2.155
-2.068
-2.073
-2
-1.851
-1.644
-1.365
-1.127
-1.025
-0.977
-0.97
-1.021
-1.027
-0.957
-0.869
-0.639
-0.208
0.224
0.528
0.603
0.374
0.016
-0.254
-0.508
-0.898
-1.365
-1.755
-1.907
-1.864
-1.839
-1.837
-1.714
-1.438
-1.011
-0.428
0.12
0.55
0.97
1.354
1.529
1.488
1.277
1.088
1.122
1.297
1.377
1.31
1.297
1.481
1.737
1.839
1.796
1.737
1.596
1.345
1.177
1.288
1.462
1.42
1.102
0.596
-0.009
-0.601
-1.12
-1.596
-1.991
-2.199
-2.109
-1.742
-1.367
-1.098
-0.758
-0.132
0.784
1.778
2.518
2.915
3.114
3.107
2.855
2.474
1.964
1.268
0.421
-0.48
-1.331
-1.934
-2.252
-2.366
-2.384
-2.322
-2.202
-2.098
-2.062
-2.088
-2.062
-1.894
-1.692
-1.649
-1.823
-2.121
-2.366
-2.524
-2.59
-2.502
-2.248
-1.903
-1.444
-0.859
-0.22
0.415
1.12
1.869
2.479
2.774
2.755
2.595
2.3
1.841
1.356
0.959
0.58
0.195
-0.097
-0.158
-0.054
0.038
0.186
0.606
1.215
1.794
2.411
3.005
3.472
3.886
4.268
4.461
4.396
4.098
3.654
3.327
3.32
3.479
3.536
3.622
3.997
4.593
5.103
5.437
5.736
5.979
6.092
6.12
5.999
5.754
5.484
5.094
4.55
4.017
3.5
2.948
2.567
2.485
2.633
2.855
3.067
3.361
3.699
3.833
3.778
3.767
3.829
3.817
3.695
3.565
3.541
3.745
4.291
5.303
6.648
8.045
8.998
8.896
7.721
5.888
3.708
1.728
0.344
-0.565
-0.947
-0.705
-0.387
-0.17
0.442
1.263
1.769
2.232
3.087
4.169
5.275
6.353
7.145
7.081
5.741
3.567
1.349
-0.38
-1.444
-1.884
-1.805
-1.068
0.17
1.429
2.792
4.459
5.983
6.963
7.607
7.993
7.852
6.782
4.817
2.497
0.372
-1.56
-3.261
-4.342
-4.512
-3.799
-2.068
0.821
4.314
7.542
9.955
11.312
11.65
11.309
10.593
9.572
8.256
6.48
4.35
2.533
1.379
0.784
0.828
1.848
3.999
7.065
10.464
13.471
15.61
16.785
17.083
16.449
14.88
12.686
10.282
7.921
6.038
5.187
5.582
7.061
9.227
11.629
14.048
16.388
18.418
19.985
21.059
21.517
21.389
20.743
19.584
17.99
16.295
14.941
14.224
14.262
14.921
16.025
17.442
19.094
20.959
22.805
24.261
25.273
25.804
25.486
24.334
22.914
21.474
20.065
18.997
18.364
17.883
17.554
17.688
18.312
19.237
20.346
21.585
22.884
24.03
24.643
24.676
24.191
23.146
21.616
19.838
18.003
16.406
15.408
15.059
15.229
15.785
16.642
17.586
18.395
18.931
19.103
18.949
18.466
17.527
16.166
14.648
13.077
11.387
9.712
8.344
7.503
7.151
7.177
7.565
8.311
9.284
10.382
11.407
11.931
11.629
10.606
9.331
8
6.587
5.115
3.561
1.923
0.358
-1.043
-2.281
-3.137
-3.366
-2.933
-2.057
-0.952
0.213
1.154
1.567
1.483
1.134
0.625
-0.145
-1.197
-2.222
-3.048
-3.822
-4.495
-4.745
-4.647
-4.507
-4.223
-3.456
-2.237
-0.932
0.202
1.175
1.982
2.429
2.374
1.873
1.129
0.354
-0.372
-1.109
-1.644
-1.66
-1.274
-0.689
0.227
1.454
2.73
4.046
5.46
6.895
8.166
9.1
9.678
9.951
9.778
9.048
8.111
7.494
7.362
7.285
6.999
7.161
8.174
9.209
9.689
10.25
10.985
11.316
11.598
12.387
13.156
13.273
13.213
13.432
13.314
12.459
11.57
10.996
10.486
10.33
10.701
11.144
11.427
11.74
12.096
12.489
12.874
13.113
13.092
12.736
12.226
11.806
11.389
10.792
10.18
9.611
8.867
7.936
7.149
6.909
7.117
7.299
7.506
8.022
8.635
9.027
9.063
8.719
8.166
7.576
6.94
6.387
6.09
5.788
5.312
4.892
4.536
3.989
3.293
2.807
2.819
3.248
3.758
4.239
4.831
5.427
5.865
6.18
6.414
6.553
6.471
6.151
5.834
5.557
5.126
4.722
4.695
5.031
5.539
6.086
6.507
6.898
7.372
7.932
8.703
9.581
10.207
10.449
10.545
10.541
10.386
10.089
9.778
9.631
9.733
10.041
10.497
11.037
11.604
12.108
12.457
12.861
13.505
14.219
14.832
15.374
15.834
16.057
15.955
15.676
15.615
15.778
15.762
15.641
15.741
15.891
15.869
15.896
16.061
16.213
16.341
16.497
16.665
16.758
16.912
17.248
17.71
18.05
18.109
17.897
17.418
16.826
16.419
16.186
15.955
15.95
16.193
16.408
16.631
16.912
16.942
16.798
16.894
17.125
17.116
16.883
16.674
16.481
16.154
15.558
14.766
14.01
13.605
13.675
13.945
14.299
14.857
15.535
16.136
16.515
16.679
16.694
16.54
16.213
15.98
15.834
15.447
15.014
14.937
15.068
15.143
15.224
15.311
15.463
15.778
16.161
16.49
16.638
16.463
16.041
15.592
15.238
14.955
14.626
14.215
13.92
13.986
14.249
14.499
14.757
15.048
15.352
15.644
15.885
15.914
15.723
15.662
15.921
16.177
16.207
16.138
16.112
16.082
15.996
15.78
15.537
15.453
15.54
15.682
15.834
16.019
16.252
16.531
16.934
17.538
18.146
18.441
18.375
18.194
18.057
17.865
17.406
16.749
16.193
15.826
15.537
15.358
15.417
15.676
16.032
16.418
16.79
17.112
17.338
17.495
17.579
17.442
17.132
16.923
16.849
16.64
16.229
15.789
15.449
15.186
14.911
14.728
14.726
14.844
15.002
15.202
15.381
15.413
15.222
14.816
14.349
13.945
13.46
12.834
12.348
12.212
12.319
12.536
12.858
13.231
13.7
14.417
15.229
15.749
15.814
15.574
15.315
15.113
14.793
14.276
13.688
13.192
12.858
12.763
12.992
13.432
13.934
14.519
15.177
15.676
15.862
15.839
15.674
15.374
15.025
14.551
13.902
13.378
13.201
13.353
13.784
14.39
15.263
16.651
18.296
19.618
20.34
20.518
20.278
19.627
18.482
16.957
15.515
14.412
13.651
13.484
14.04
14.845
15.342
15.739
16.476
17.214
17.49
17.565
17.769
17.917
17.957
17.994
17.913
17.42
16.592
15.991
15.708
15.363
14.978
14.755
14.633
14.805
15.417
15.937
16.014
15.984
16.202
16.436
16.15
15.245
14.322
13.745
13.401
13.291
13.355
13.158
12.686
12.382
12.443
12.677
12.765
12.747
12.729
12.593
12.273
12.078
12.038
11.783
11.518
11.618
11.835
11.641
11.105
10.66
10.256
9.792
9.483
9.3
9.034
8.758
8.671
8.807
9.045
9.211
9.37
9.667
9.851
9.708
9.479
9.241
8.839
8.297
7.748
7.41
7.206
6.773
6.224
5.934
5.765
5.553
5.324
5.085
4.94
4.909
4.945
5.126
5.271
5.117
4.77
4.391
4.092
4.038
4.201
4.543
4.922
5.108
5.085
4.99
4.749
4.389
4.141
3.956
3.659
3.186
2.715
2.374
1.907
1.27
0.88
0.682
0.292
-0.032
0.058
0.356
0.535
0.591
0.836
1.304
1.485
1.158
0.707
0.246
-0.372
-0.964
-1.277
-1.451
-1.647
-1.744
-1.735
-1.817
-1.884
-1.776
-1.685
-1.724
-1.719
-1.685
-1.789
-2.007
-2.35
-2.889
-3.484
-3.944
-4.339
-4.652
-4.86
-4.999
-5.028
-4.99
-4.969
-4.953
-4.883
-4.829
-4.799
-4.788
-4.909
-5.278
-5.754
-6.074
-6.176
-6.362
-6.73
-7.061
-7.247
-7.337
-7.329
-7.179
-6.958
-6.75
-6.437
-5.956
-5.525
-5.275
-5.174
-5.085
-4.909
-4.853
-5.108
-5.571
-6.14
-6.806
-7.426
-7.873
-8.152
-8.218
-7.973
-7.558
-7.202
-6.893
-6.537
-6.092
-5.636
-5.244
-4.942
-4.797
-4.892
-5.162
-5.516
-5.976
-6.409
-6.677
-6.891
-7.29
-7.839
-8.24
-8.372
-8.347
-8.086
-7.447
-6.636
-6.043
-5.827
-5.872
-6.076
-6.487
-7.095
-7.632
-7.977
-8.302
-8.746
-9.333
-9.903
-10.243
-10.196
-9.724
-8.973
-8.229
-7.587
-6.977
-6.469
-6.176
-6.172
-6.387
-6.614
-6.88
-7.449
-8.306
-9.23
-9.905
-10.166
-10.078
-9.689
-9.041
-8.411
-7.888
-7.331
-6.916
-6.795
-6.754
-6.693
-6.8
-7.14
-7.617
-8.059
-8.331
-8.437
-8.392
-8.211
-7.944
-7.635
-7.342
-7.163
-6.927
-6.543
-6.26
-6.246
-6.409
-6.63
-6.904
-7.342
-7.9
-8.356
-8.746
-9.102
-9.122
-8.644
-7.832
-6.865
-5.934
-5.157
-4.497
-4.041
-3.871
-3.876
-4.11
-4.665
-5.38
-6.022
-6.491
-6.782
-6.868
-6.702
-6.321
-5.791
-5.135
-4.45
-3.711
-2.819
-1.918
-1.199
-0.691
-0.417
-0.447
-0.834
-1.501
-2.109
-2.332
-2.181
-1.837
-1.478
-1.188
-0.991
-0.851
-0.514
0.145
0.839
1.315
1.551
1.501
1.154
0.851
0.78
0.755
0.658
0.503
0.302
0.109
0.054
0.14
0.387
0.889
1.517
1.987
2.3
2.531
2.599
2.565
2.592
2.495
2.034
1.395
0.83
0.358
-0.045
-0.267
-0.227
0.016
0.276
0.483
0.678
0.88
1.091
1.232
1.156
0.762
0.17
-0.442
-0.97
-1.381
-1.689
-1.93
-2.104
-2.181
-2.077
-1.746
-1.202
-0.492
0.215
0.73
0.973
0.966
0.784
0.526
0.195
-0.231
-0.737
-1.325
-2.005
-2.751
-3.474
-3.949
-3.994
-3.753
-3.486
-3.261
-3.03
-2.867
-2.742
-2.511
-2.127
-1.721
-1.599
-1.91
-2.502
-3.107
-3.531
-3.811
-4.092
-4.471
-4.847
-5.067
-5.076
-4.886
-4.443
-3.711
-2.828
-2.064
-1.61
-1.506
-1.694
-1.969
-2.132
-2.238
-2.565
-3.338
-4.412
-5.489
-6.417
-7.063
-7.301
-7.213
-7.036
-6.839
-6.571
-6.215
-5.747
-5.151
-4.568
-4.151
-4.069
-4.475
-5.235
-6.043
-6.728
-7.222
-7.496
-7.705
-8.027
-8.367
-8.465
-8.245
-7.766
-7.181
-6.602
-6.18
-6.11
-6.394
-6.791
-7.184
-7.501
-7.773
-8.07
-8.442
-8.807
-9.159
-9.485
-9.549
-9.191
-8.628
-8.19
-7.898
-7.548
-7.138
-6.818
-6.602
-6.469
-6.512
-6.795
-7.158
-7.326
-7.238
-7.099
-7.017
-6.988
-7.025
-7.091
-7.038
-6.823
-6.419
-5.935
-5.618
-5.541
-5.63
-5.858
-6.231
-6.584
-6.798
-6.945
-7.172
-7.558
-7.929
-8.039
-7.81
-7.356
-6.813
-6.332
-5.986
-5.791
-5.736
-5.786
-5.763
-5.555
-5.294
-5.251
-5.468
-5.845
-6.276
-6.561
-6.607
-6.514
-6.469
-6.582
-6.754
-6.723
-6.346
-5.609
-4.627
-3.747
-3.363
-3.752
-4.809
-6.01
-6.863
-7.265
-7.356
-7.236
-6.94
-6.7
-6.677
-6.569
-6.269
-6.002
-5.591
-4.883
-4.389
-4.453
-4.754
-4.845
-4.816
-4.963
-5.394
-6.047
-6.827
-7.437
-7.625
-7.503
-7.226
-6.898
-6.682
-6.643
-6.517
-6.172
-5.842
-5.931
-6.437
-6.973
-7.347
-7.635
-7.864
-8.166
-8.574
-8.703
-8.313
-7.71
-7.406
-7.483
-7.394
-6.77
-6.262
-6.48
-7.109
-7.637
-7.887
-7.914
-7.981
-8.222
-8.465
-8.646
-8.81
-8.9
-9
-9.3
-9.576
-9.542
-9.37
-9.302
-9.274
-9.1
-8.855
-8.619
-8.308
-7.87
-7.607
-7.903
-8.585
-9.163
-9.586
-10.023
-10.513
-11.067
-11.507
-11.513
-11.235
-11.09
-11.282
-11.516
-11.305
-10.67
-10.103
-9.726
-9.456
-9.485
-9.789
-10.232
-10.808
-11.454
-11.92
-11.972
-11.868
-12.117
-12.552
-12.534
-12.054
-11.616
-11.436
-11.335
-11.016
-10.572
-10.377
-10.397
-10.356
-10.379
-10.652
-11.16
-11.965
-12.881
-13.517
-13.641
-13.33
-12.874
-12.498
-12.058
-11.405
-10.753
-10.316
-10.107
-10.008
-10.003
-10.22
-10.729
-11.412
-11.983
-12.187
-12.115
-12.196
-12.602
-12.873
-12.589
-11.992
-11.368
-10.729
-10.173
-9.915
-9.926
-9.934
-9.949
-10.093
-10.295
-10.468
-10.76
-11.108
-11.196
-10.942
-10.572
-10.18
-9.686
-9.215
-8.962
-8.885
-8.887
-8.815
-8.517
-8.133
-7.998
-8.315
-8.996
-9.438
-9.315
-8.996
-8.751
-8.483
-8.145
-7.784
-7.499
-7.444
-7.483
-7.28
-6.932
-6.716
-6.809
-7.308
-7.903
-8.077
-7.888
-7.723
-7.733
-7.898
-8.014
-7.986
-7.9
-7.807
-7.716
-7.632
-7.551
-7.628
-7.95
-8.256
-8.199
-7.834
-7.414
-7.102
-6.984
-7.102
-7.444
-7.888
-8.207
-8.381
-8.571
-8.882
-9.284
-9.637
-9.821
-9.858
-9.771
-9.642
-9.631
-9.667
-9.567
-9.408
-9.2
-8.878
-8.558
-8.419
-8.519
-8.91
-9.515
-9.971
-10.098
-10.049
-9.98
-9.926
-9.856
-9.778
-9.785
-9.876
-9.851
-9.722
-9.64
-9.606
-9.601
-9.617
-9.674
-9.74
-9.851
-10.143
-10.5
-10.694
-10.665
-10.447
-10.132
-9.894
-9.66
-9.311
-8.968
-8.798
-8.764
-8.766
-8.859
-9.1
-9.413
-9.674
-9.844
-9.887
-9.774
-9.617
-9.631
-9.821
-9.915
-9.663
-9.145
-8.646
-8.336
-8.174
-8.143
-8.192
-8.374
-8.644
-8.857
-9.081
-9.438
-9.812
-10.057
-10.207
-10.248
-10.191
-10.064
-9.858
-9.635
-9.499
-9.42
-9.329
-9.089
-8.764
-8.61
-8.699
-8.973
-9.338
-9.606
-9.712
-9.955
-10.447
-10.894
-11.096
-11.112
-11.044
-10.897
-10.712
-10.572
-10.486
-10.479
-10.613
-10.817
-10.801
-10.542
-10.368
-10.441
-10.647
-10.92
-11.201
-11.389
-11.407
-11.314
-11.246
-11.278
-11.387
-11.527
-11.582
-11.446
-11.167
-10.921
-10.742
-10.586
-10.518
-10.593
-10.717
-10.708
-10.597
-10.47
-10.405
-10.5
-10.747
-10.972
-11.103
-11.173
-11.175
-11.087
-10.987
-10.915
-10.769
-10.563
-10.405
-10.238
-9.885
-9.465
-9.243
-9.189
-9.116
-9.023
-9.041
-9.141
-9.189
-9.175
-9.191
-9.252
-9.272
-9.266
-9.259
-9.179
-8.978
-8.658
-8.377
-8.249
-8.115
-7.923
-7.766
-7.621
-7.473
-7.34
-7.14
-6.947
-6.95
-6.92
-6.666
-6.473
-6.502
-6.636
-6.827
-7.167
-7.605
-7.839
-7.821
-7.739
-7.684
-7.637
-7.651
-7.684
-7.651
-7.476
-7.231
-7.015
-6.939
-7.02
-7.161
-7.29
-7.485
-7.644
-7.558
-7.431
-7.535
-7.728
-7.773
-7.744
-7.684
-7.54
-7.449
-7.548
-7.803
-8.118
-8.433
-8.653
-8.737
-8.746
-8.71
-8.633
-8.622
-8.723
-8.857
-8.914
-8.946
-9.009
-9.073
-9.104
-9.1
-9.073
-9.003
-8.911
-8.851
-8.835
-8.918
-9.096
-9.3
-9.57
-9.844
-9.971
-9.898
-9.856
-9.996
-10.193
-10.284
-10.318
-10.397
-10.443
-10.452
-10.49
-10.59
-10.67
-10.652
-10.631
-10.747
-10.838
-10.731
-10.456
-10.182
-9.998
-9.781
-9.465
-9.186
-8.978
-8.796
-8.798
-9.014
-9.263
-9.429
-9.511
-9.57
-9.728
-9.937
-10.003
-9.856
-9.647
-9.524
-9.495
-9.479
-9.388
-9.202
-9.057
-9.062
-9.137
-9.141
-9.045
-8.946
-8.864
-8.733
-8.514
-8.199
-7.762
-7.242
-6.787
-6.555
-6.589
-6.732
-6.788
-6.825
-6.977
-7.197
-7.453
-7.771
-8.096
-8.297
-8.411
-8.592
-8.71
-8.488
-8.007
-7.54
-7.128
-6.775
-6.502
-6.154
-5.711
-5.376
-5.216
-5.267
-5.482
-5.682
-5.672
-5.45
-5.156
-5.044
-5.239
-5.435
-5.221
-4.89
-4.799
-4.654
-4.291
-4.003
-3.845
-3.747
-3.838
-4.123
-4.309
-4.293
-4.364
-4.675
-4.827
-4.586
-4.307
-4.149
-4.003
-3.912
-4.008
-4.209
-4.423
-4.534
-4.393
-3.958
-3.216
-2.463
-2.098
-2.098
-2.077
-1.871
-1.651
-1.624
-1.699
-1.614
-1.519
-1.851
-2.485
-2.93
-3.069
-3.255
-3.711
-4.268
-4.554
-4.466
-4.173
-3.865
-3.654
-3.57
-3.545
-3.493
-3.382
-3.263
-3.166
-2.987
-2.719
-2.524
-2.601
-2.962
-3.4
-3.697
-3.847
-3.951
-3.928
-3.749
-3.656
-3.642
-3.32
-2.704
-2.34
-2.492
-2.817
-3.044
-3.15
-3.204
-3.209
-3.139
-3.073
-3.227
-3.502
-3.801
-4.219
-4.706
-4.897
-4.629
-4.133
-3.579
-3.041
-2.597
-2.297
-2.181
-2.193
-2.168
-2.207
-2.518
-2.994
-3.415
-3.659
-3.663
-3.526
-3.545
-3.647
-3.361
-2.599
-1.792
-1.193
-0.784
-0.503
-0.392
-0.444
-0.662
-1.032
-1.537
-2.08
-2.511
-2.858
-3.25
-3.523
-3.356
-2.807
-2.177
-1.614
-1.17
-0.843
-0.531
-0.176
0.111
0.287
0.32
0.204
-0.018
-0.317
-0.578
-0.648
-0.583
-0.46
-0.238
0.05
0.192
0.222
0.36
0.732
1.247
1.676
1.799
1.594
1.177
0.673
0.254
-0.052
-0.354
-0.549
-0.433
-0.093
0.261
0.591
1.057
1.681
2.302
2.701
2.835
2.789
2.595
2.123
1.329
0.32
-0.684
-1.472
-1.952
-2.227
-2.359
-2.304
-2.044
-1.694
-1.377
-1.077
-0.8
-0.583
-0.367
-0.12
-0.029
-0.297
-0.773
-1.236
-1.649
-2.032
-2.243
-2.234
-2.191
-2.134
-1.805
-1.236
-0.777
-0.532
-0.287
0.097
0.501
0.73
0.699
0.547
0.447
0.267
-0.188
-0.758
-1.125
-1.156
-0.968
-0.739
-0.454
-0.022
0.532
1.111
1.619
2.046
2.389
2.49
2.243
1.934
1.828
1.837
1.918
2.141
2.291
2.173
1.93
1.828
2.077
2.592
3.128
3.593
3.974
4.01
3.618
3.041
2.513
2.025
1.322
0.362
-0.299
-0.313
0.016
0.519
1.295
2.245
3.203
3.958
4.282
4.246
4.133
4.015
3.711
3.098
2.327
1.649
1.17
0.921
0.959
1.313
1.848
2.438
3.007
3.552
4.087
4.572
4.847
4.724
4.119
3.186
2.25
1.517
1.029
0.755
0.741
0.984
1.288
1.336
1.163
1.009
1.016
1.266
1.592
1.701
1.531
1.327
1.302
1.474
1.76
2.173
2.812
3.402
3.543
3.261
2.93
2.711
2.529
2.297
1.977
1.805
1.828
1.844
1.964
2.44
3.361
4.575
5.793
6.625
6.9
6.675
6.049
5.103
3.83
2.359
1.07
0.208
-0.442
-0.939
-0.934
-0.245
1.002
2.626
4.418
6.079
7.451
8.476
9.009
8.903
8.111
6.741
5.162
3.742
2.463
1.31
0.547
0.365
0.88
2.166
4.082
6.292
8.424
10.153
11.394
12.172
12.38
11.94
10.892
9.429
7.877
6.56
5.518
4.758
4.4
4.665
5.7
7.394
9.547
11.91
14.084
15.808
17.102
17.89
18.024
17.527
16.617
15.556
14.514
13.564
12.811
12.471
12.673
13.41
14.562
16.078
17.756
19.31
20.75
22.113
23.112
23.545
23.527
23.131
22.383
21.256
19.92
18.799
18.237
18.257
18.717
19.412
20.251
21.215
22.188
23.061
23.819
24.454
24.908
24.994
24.535
23.617
22.422
21.074
19.743
18.547
17.536
16.774
16.359
16.363
16.71
17.368
18.332
19.421
20.176
20.255
19.736
18.845
17.704
16.354
14.811
13.069
11.216
9.422
7.916
6.886
6.362
6.367
6.859
7.614
8.331
8.873
9.211
9.397
9.382
8.932
7.855
6.254
4.355
2.34
0.379
-1.343
-2.644
-3.452
-3.924
-4.149
-4.023
-3.529
-2.885
-2.237
-1.681
-1.306
-1.195
-1.402
-1.964
-2.867
-3.944
-4.987
-5.847
-6.569
-7.14
-7.378
-7.233
-6.71
-5.935
-5.069
-4.169
-3.198
-2.275
-1.572
-1.138
-0.907
-0.762
-0.791
-1.111
-1.59
-1.991
-2.198
-2.129
-1.916
-1.658
-1.254
-0.646
0.129
1.07
2.036
2.855
3.608
4.285
4.729
4.972
5.135
5.326
5.518
5.709
5.911
6.179
6.473
6.759
7.102
7.507
7.957
8.531
9.207
9.789
10.139
10.245
10.189
10.127
10.008
9.617
8.9
8.073
7.449
7.195
7.185
7.447
8.036
8.78
9.642
10.654
11.681
12.439
12.677
12.457
12.031
11.412
10.676
10.028
9.488
8.88
8.186
7.496
6.787
6.174
5.682
5.324
5.291
5.641
6.149
6.673
7.299
8.084
8.805
9.116
9.037
8.871
8.671
8.324
7.882
7.444
6.981
6.339
5.543
4.906
4.556
4.378
4.289
4.453
4.929
5.561
6.224
6.895
7.551
8.096
8.492
8.78
8.918
8.744
8.14
7.295
6.618
6.256
6.138
6.235
6.491
6.922
7.864
9.402
11.051
12.437
13.525
14.296
14.818
15.113
14.993
14.41
13.594
12.788
12.153
11.681
11.264
11.035
11.155
11.565
12.276
13.267
14.34
15.474
16.694
17.746
18.4
18.652
18.604
18.25
17.633
17.019
16.676
16.504
16.22
15.855
15.708
15.971
16.59
17.313
18.067
18.869
19.627
20.085
20.108
19.804
19.271
18.504
17.534
16.472
15.497
14.782
14.39
14.333
14.621
15.061
15.592
16.261
16.908
17.168
16.962
16.524
15.948
15.254
14.678
14.351
14.238
14.29
14.424
14.555
14.628
14.564
14.385
14.249
14.144
14.015
13.879
13.762
13.682
13.582
13.366
13.16
13.203
13.46
13.729
13.936
14.154
14.394
14.618
14.787
14.8
14.507
14.004
13.598
13.492
13.523
13.548
13.573
13.67
13.92
14.319
14.61
14.662
14.748
14.978
15.059
14.916
14.862
15.025
15.272
15.471
15.494
15.238
14.791
14.299
13.938
13.829
13.918
14.179
14.662
15.252
15.749
16.041
16.097
16.002
15.952
16.096
16.381
16.681
16.878
16.857
16.705
16.64
16.66
16.597
16.452
16.267
16.186
16.323
16.617
16.887
17.012
17.105
17.431
17.894
18.119
18.189
18.391
18.598
18.611
18.461
18.23
17.946
17.547
17.164
17.021
17.116
17.323
17.57
17.869
18.253
18.699
19.047
19.142
19.096
18.899
18.447
18.012
17.82
17.761
17.71
17.611
17.531
17.606
17.727
17.692
17.558
17.457
17.438
17.557
17.64
17.445
17.078
16.744
16.501
16.313
16.091
15.735
15.288
14.873
14.637
14.551
14.553
14.748
15.159
15.537
15.798
16.061
16.164
15.95
15.674
15.542
15.53
15.567
15.587
15.658
15.83
16.045
16.223
16.279
16.223
16.202
16.256
16.352
16.499
16.656
16.797
17.053
17.37
17.545
17.602
17.617
17.615
17.561
17.32
16.934
16.769
16.98
17.329
17.676
17.987
18.124
18.083
18.148
18.35
18.405
18.305
18.3
18.357
18.209
17.897
17.465
16.86
16.313
16.249
16.493
16.669
16.833
17.003
17.009
16.89
16.74
16.427
16.043
15.7
15.308
14.911
14.7
14.596
14.483
14.505
14.732
15.043
15.263
15.331
15.313
15.141
14.803
14.422
14.063
13.639
13.201
12.884
12.721
12.639
12.521
12.337
12.101
11.861
11.77
11.91
12.128
12.185
12.16
12.133
12.049
11.793
11.338
10.69
9.898
9.15
8.642
8.326
8.002
7.712
7.689
7.929
8.184
8.344
8.359
8.251
8.086
7.87
7.637
7.458
7.242
6.909
6.596
6.421
6.287
6.045
5.623
5.221
5.028
4.983
5.024
5.164
5.344
5.398
5.29
5.064
4.772
4.389
3.944
3.549
3.302
3.189
3.093
2.912
2.681
2.565
2.635
2.799
2.948
3.069
3.051
2.81
2.508
2.255
2.025
1.823
1.742
1.719
1.603
1.377
1.138
0.898
0.714
0.617
0.476
0.179
-0.246
-0.707
-1.052
-1.22
-1.356
-1.415
-1.233
-1.043
-0.993
-0.975
-0.984
-1.063
-1.163
-1.295
-1.451
-1.536
-1.594
-1.655
-1.669
-1.692
-1.721
-1.642
-1.554
-1.558
-1.594
-1.653
-1.762
-1.939
-2.238
-2.711
-3.307
-4.003
-4.582
-4.838
-4.969
-5.164
-5.305
-5.273
-5.203
-5.167
-5.112
-4.947
-4.67
-4.405
-4.193
-4.033
-3.978
-4.053
-4.232
-4.554
-4.994
-5.539
-6.233
-6.847
-7.136
-7.128
-6.961
-6.695
-6.373
-6.013
-5.682
-5.535
-5.618
-5.924
-6.398
-6.927
-7.514
-8.163
-8.726
-9.109
-9.259
-9.137
-8.826
-8.455
-8.097
-7.7
-7.109
-6.326
-5.666
-5.275
-5.083
-5.099
-5.29
-5.571
-5.895
-6.285
-6.698
-7.084
-7.365
-7.565
-7.753
-7.816
-7.671
-7.344
-6.975
-6.596
-6.287
-6.094
-5.997
-6.013
-6.176
-6.437
-6.8
-7.306
-7.85
-8.318
-8.712
-9.03
-9.22
-9.204
-8.93
-8.379
-7.703
-7.038
-6.389
-5.768
-5.192
-4.713
-4.434
-4.443
-4.738
-5.387
-6.442
-7.83
-9.452
-11.112
-12.516
-13.476
-13.832
-13.38
-12.203
-10.513
-8.3
-5.763
-3.545
-2.163
-2.109
-3.293
-4.845
-6.306
-8.118
-10.16
-11.565
-12.423
-13.136
-13.507
-13.29
-12.739
-12.067
-11.094
-9.66
-7.864
-6.104
-4.62
-3.468
-2.785
-3.046
-4.672
-7.184
-9.418
-10.885
-11.94
-12.45
-12.021
-10.915
-9.926
-9.241
-8.297
-7.086
-6.213
-5.613
-4.793
-3.912
-3.615
-4.098
-4.834
-5.344
-5.994
-6.961
-7.528
-7.526
-7.514
-7.383
-6.71
-5.591
-4.137
-2.611
-1.295
-0.068
0.954
1.381
1.549
1.934
2.288
2.395
2.277
1.877
1.338
0.658
-0.263
-1.041
-1.156
-0.576
0.408
1.436
2.354
3.282
4.074
4.507
4.847
5.285
5.52
5.425
5.072
4.536
3.942
3.47
3.42
3.999
5.005
5.956
6.505
6.673
6.743
6.705
6.501
6.419
6.424
5.891
4.618
3.137
1.876
0.998
0.521
0.591
1.358
2.392
2.907
3.15
3.869
4.82
5.28
5.271
5.042
4.495
3.674
2.824
2.123
1.465
0.717
-0.075
-0.959
-2.014
-2.907
-3.085
-2.368
-0.977
0.662
1.973
2.595
2.69
2.536
2.196
1.555
0.617
-0.358
-1.254
-2.175
-2.939
-3.261
-3.148
-2.704
-2.15
-1.823
-1.653
-1.456
-1.254
-1.102
-0.911
-0.758
-0.882
-1.406
-2.161
-2.959
-3.745
-4.43
-4.795
-4.82
-4.566
-4.185
-3.928
-3.808
-3.493
-3.08
-2.822
-2.712
-2.794
-3.111
-3.536
-3.912
-4.278
-4.758
-5.672
-6.965
-8.022
-8.496
-8.664
-8.617
-8.215
-7.569
-6.87
-6.358
-6.106
-5.759
-5.103
-4.386
-3.811
-3.567
-3.93
-4.868
-5.968
-6.857
-7.451
-7.916
-8.306
-8.508
-8.558
-8.574
-8.549
-8.32
-7.692
-6.854
-6.29
-6.031
-5.709
-5.446
-5.464
-5.471
-5.244
-5.046
-5.264
-5.994
-6.882
-7.684
-8.354
-8.563
-8.07
-7.242
-6.419
-5.725
-5.164
-4.677
-4.286
-4.126
-4.123
-4.298
-4.786
-5.461
-6.02
-6.337
-6.494
-6.659
-6.862
-6.859
-6.691
-6.584
-6.466
-6.167
-5.639
-5.026
-4.659
-4.616
-4.74
-5.069
-5.536
-5.913
-6.287
-6.77
-7.128
-7.254
-7.24
-7.147
-6.977
-6.673
-6.298
-6.047
-6.022
-6.165
-6.371
-6.55
-6.643
-6.75
-6.991
-7.417
-7.968
-8.492
-8.828
-8.985
-9.007
-8.885
-8.666
-8.383
-7.988
-7.517
-7.02
-6.502
-6.002
-5.809
-6.024
-6.424
-6.834
-7.181
-7.476
-7.775
-7.936
-7.857
-7.694
-7.517
-7.238
-6.884
-6.496
-5.991
-5.441
-5.115
-5.201
-5.654
-6.26
-6.689
-6.863
-6.925
-6.827
-6.483
-6.004
-5.496
-4.951
-4.396
-3.958
-3.753
-3.706
-3.649
-3.541
-3.659
-4.149
-4.74
-5.112
-5.339
-5.598
-5.775
-5.779
-5.723
-5.487
-4.979
-4.375
-3.878
-3.618
-3.636
-3.869
-4.309
-5.117
-6.161
-7.061
-7.658
-8.018
-8.218
-8.331
-8.3
-8.057
-7.739
-7.444
-7.061
-6.635
-6.396
-6.45
-6.707
-7.092
-7.669
-8.648
-10.078
-11.604
-12.747
-13.351
-13.5
-13.301
-12.852
-12.209
-11.482
-10.771
-10.173
-9.84
-9.826
-10.06
-10.531
-11.3
-12.298
-13.351
-14.218
-14.798
-15.113
-15.015
-14.542
-14.036
-13.598
-13.088
-12.528
-12.085
-11.833
-11.756
-11.851
-12.162
-12.53
-12.832
-13.208
-13.687
-14.063
-14.208
-14.131
-13.875
-13.628
-13.394
-13.095
-12.757
-12.516
-12.301
-12.013
-11.729
-11.659
-11.809
-12.135
-12.609
-13.169
-13.669
-13.945
-13.979
-13.836
-13.592
-13.312
-12.943
-12.459
-11.981
-11.57
-11.108
-10.66
-10.479
-10.588
-10.808
-11.08
-11.472
-11.892
-12.101
-12.067
-11.938
-11.835
-11.661
-11.237
-10.593
-10.044
-9.633
-9.119
-8.535
-8.107
-7.911
-7.998
-8.406
-8.973
-9.517
-9.96
-10.171
-10.18
-10.123
-10.014
-9.704
-9.263
-8.835
-8.338
-7.793
-7.34
-7.025
-6.893
-6.968
-7.115
-7.244
-7.399
-7.644
-7.939
-8.12
-8.227
-8.408
-8.583
-8.531
-8.202
-7.644
-7.047
-6.68
-6.659
-6.92
-7.317
-7.698
-7.981
-8.195
-8.413
-8.699
-8.959
-9.191
-9.418
-9.572
-9.581
-9.447
-9.282
-9.225
-9.338
-9.629
-9.978
-10.121
-10.041
-9.955
-9.998
-10.101
-10.157
-10.18
-10.196
-10.256
-10.418
-10.622
-10.708
-10.697
-10.724
-10.756
-10.683
-10.508
-10.256
-9.951
-9.694
-9.513
-9.382
-9.343
-9.534
-10.182
-11.409
-13.081
-14.902
-16.438
-17.23
-17.009
-15.869
-14.077
-12.033
-9.871
-7.628
-5.875
-5.115
-5.192
-6.002
-7.471
-9.089
-10.447
-11.75
-13.047
-13.929
-14.295
-14.507
-14.718
-14.596
-13.97
-13.036
-11.75
-9.898
-7.864
-6.414
-5.857
-5.983
-6.505
-7.313
-8.403
-9.724
-11.039
-12.142
-12.886
-13.16
-13.081
-12.868
-12.543
-12.033
-11.15
-9.797
-8.322
-7.208
-6.437
-5.824
-5.502
-5.659
-6.371
-7.666
-9.422
-11.135
-12.255
-12.784
-13.21
-13.773
-14.074
-13.744
-12.829
-11.763
-10.899
-10.162
-9.307
-8.385
-7.528
-6.816
-6.494
-6.769
-7.473
-8.32
-9.307
-10.593
-12.026
-13.133
-13.741
-14.002
-13.914
-13.41
-12.686
-11.981
-11.33
-10.693
-10.178
-10.005
-10.245
-10.627
-10.863
-11.016
-11.264
-11.668
-12.185
-12.67
-12.958
-13.092
-13.092
-12.886
-12.516
-12.006
-11.33
-10.627
-10.148
-10.062
-10.452
-11.067
-11.547
-11.85
-12.115
-12.262
-12.149
-11.768
-11.242
-10.701
-10.15
-9.663
-9.3
-8.982
-8.599
-8.229
-8.166
-8.506
-9.005
-9.493
-10.107
-10.923
-11.788
-12.546
-12.984
-12.832
-12.165
-11.298
-10.343
-9.272
-8.179
-7.226
-6.623
-6.432
-6.437
-6.466
-6.548
-6.757
-7.163
-7.78
-8.499
-9.222
-9.815
-10.08
-10.019
-9.767
-9.282
-8.626
-8.063
-7.714
-7.455
-7.224
-7.074
-7.158
-7.514
-7.936
-8.288
-8.57
-8.746
-8.839
-8.918
-8.962
-8.978
-8.998
-8.844
-8.365
-7.712
-7.125
-6.734
-6.661
-6.895
-7.321
-7.811
-8.288
-8.785
-9.343
-9.858
-10.173
-10.323
-10.379
-10.293
-10.08
-9.815
-9.485
-9.152
-8.864
-8.519
-8.097
-7.787
-7.716
-7.905
-8.363
-9.114
-9.951
-10.649
-11.035
-11.11
-10.933
-10.518
-9.978
-9.572
-9.32
-9.081
-8.91
-8.841
-8.78
-8.685
-8.755
-9.119
-9.708
-10.314
-10.738
-10.985
-11.178
-11.35
-11.448
-11.432
-11.201
-10.769
-10.35
-10.071
-9.874
-9.81
-9.975
-10.271
-10.447
-10.405
-10.284
-10.289
-10.427
-10.559
-10.629
-10.649
-10.624
-10.511
-10.277
-9.991
-9.803
-9.76
-9.953
-10.397
-10.921
-11.4
-11.851
-12.232
-12.448
-12.502
-12.33
-11.861
-11.291
-10.828
-10.495
-10.361
-10.389
-10.304
-9.937
-9.513
-9.263
-9.119
-9.018
-9.03
-9.175
-9.343
-9.37
-9.232
-8.962
-8.601
-8.279
-8.256
-8.535
-8.8
-8.873
-8.848
-8.878
-8.986
-9.084
-9.125
-9.078
-8.873
-8.483
-8.027
-7.632
-7.388
-7.297
-7.362
-7.548
-7.707
-7.573
-7.092
-6.535
-6.138
-5.895
-5.725
-5.62
-5.466
-5.208
-4.927
-4.736
-4.677
-4.731
-4.783
-4.899
-5.119
-5.269
-5.273
-5.262
-5.285
-5.321
-5.387
-5.489
-5.509
-5.324
-5.001
-4.727
-4.516
-4.289
-4.108
-3.971
-3.847
-3.786
-3.778
-3.77
-3.776
-3.77
-3.602
-3.298
-3.026
-2.815
-2.513
-2.064
-1.588
-1.191
-0.911
-0.773
-0.796
-1.009
-1.408
-1.871
-2.275
-2.624
-2.987
-3.309
-3.608
-3.958
-4.257
-4.366
-4.378
-4.303
-4.021
-3.597
-3.225
-2.953
-2.726
-2.477
-2.234
-2.077
-2.05
-2.161
-2.379
-2.658
-2.858
-2.851
-2.699
-2.642
-2.801
-3.019
-3.193
-3.316
-3.271
-2.985
-2.622
-2.425
-2.502
-2.833
-3.32
-3.878
-4.418
-4.816
-5.062
-5.321
-5.579
-5.684
-5.561
-5.26
-4.84
-4.364
-3.815
-3.241
-2.804
-2.565
-2.392
-2.237
-2.129
-2.07
-2.044
-2.109
-2.277
-2.436
-2.549
-2.683
-2.869
-3.003
-3.046
-3.012
-2.933
-2.864
-2.828
-2.882
-3.005
-3.016
-2.948
-2.937
-2.894
-2.774
-2.748
-2.778
-2.711
-2.615
-2.597
-2.515
-2.237
-1.821
-1.374
-0.929
-0.462
-0.016
0.328
0.662
1.018
1.251
1.268
1.175
1.014
0.782
0.553
0.358
0.15
-0.07
-0.261
-0.376
-0.401
-0.398
-0.46
-0.501
-0.437
-0.317
-0.133
0.156
0.576
1.005
1.315
1.503
1.629
1.728
1.825
1.948
2.116
2.325
2.47
2.407
2.148
1.925
1.887
1.907
1.825
1.619
1.331
1.002
0.591
0.172
-0.138
-0.458
-0.891
-1.313
-1.647
-1.975
-2.284
-2.459
-2.429
-2.25
-2.016
-1.851
-1.805
-1.799
-1.635
-1.152
-0.519
0.047
0.435
0.63
0.666
0.691
0.828
1.059
1.195
1.111
0.825
0.454
0.133
-0.034
-0.02
0.115
0.308
0.603
1.062
1.565
1.955
2.211
2.34
2.216
1.805
1.238
0.573
-0.006
-0.245
-0.195
-0.106
0.011
0.279
0.721
1.317
2.075
2.919
3.829
4.749
5.514
5.961
5.974
5.509
4.682
3.66
2.64
1.764
1.073
0.601
0.324
0.326
0.777
1.481
2.103
2.549
2.785
2.871
2.926
2.729
2.152
1.588
1.499
1.542
1.202
0.596
0.197
0.124
0.19
0.38
0.699
1.15
1.877
3.016
3.806
3.901
4.101
4.373
4.096
3.534
2.937
1.74
0.313
-0.29
-0.351
-0.884
-1.524
-1.483
-1.116
-0.943
-0.58
0.186
0.834
1.536
2.577
3.415
3.774
3.899
3.67
2.84
1.792
1.068
0.521
-0.297
-1.138
-1.351
-0.914
0.104
1.671
3.23
4.396
5.713
7.458
9.041
9.671
9.063
7.975
6.793
5.079
2.933
0.805
-1.114
-2.304
-2.363
-1.676
-0.354
1.73
4.285
6.865
9.245
11.316
12.598
12.634
11.709
10.366
8.663
6.981
5.72
4.357
2.905
2.295
3.015
4.627
6.711
9.152
11.926
14.646
16.74
17.89
17.879
16.908
15.452
13.77
11.691
9.377
7.444
6.301
5.881
6.172
7.372
9.122
11.094
13.332
15.705
17.79
19.543
20.941
21.626
21.464
20.537
19.117
17.441
15.8
14.347
13.178
12.623
13.033
14.295
15.909
17.69
19.582
21.404
22.76
23.556
23.924
23.683
22.862
22.034
21.405
20.482
19.289
18.302
17.715
17.57
17.944
18.763
19.847
21.204
22.66
23.976
24.862
24.95
24.288
23.177
21.766
20.154
18.502
16.898
15.522
14.503
13.875
13.736
14.031
14.637
15.376
16.195
17.094
17.919
18.309
18.164
17.683
16.91
15.737
14.129
12.151
9.989
8.036
6.584
5.845
5.806
6.131
6.734
7.792
9.045
10.039
10.674
10.826
10.482
9.756
8.481
6.558
4.273
2.018
-0.197
-2.229
-3.833
-4.809
-5.012
-4.391
-3.18
-1.692
-0.215
1.034
2.161
3.059
3.384
3.041
2.286
1.333
0.135
-1.399
-3.1
-4.597
-5.65
-6.262
-6.584
-6.501
-5.847
-4.7
-3.273
-1.751
-0.263
0.964
1.728
1.923
1.696
1.206
0.528
-0.21
-0.776
-1.186
-1.599
-1.796
-1.536
-0.851
0.176
1.536
3.148
4.763
6.235
7.51
8.549
9.297
9.756
9.853
9.56
9.037
8.433
7.821
7.229
6.854
6.766
6.825
6.961
7.208
7.532
8.057
9.023
10.119
11.028
11.835
12.573
12.936
13.01
13.04
12.906
12.457
11.865
11.28
10.495
9.66
9.347
9.501
9.581
9.629
9.957
10.425
10.838
11.327
12.006
12.466
12.328
11.861
11.319
10.464
9.307
8.356
7.832
7.442
6.954
6.561
6.537
6.898
7.603
8.383
9.007
9.581
10.312
10.939
11.203
11.075
10.572
9.916
9.134
8.032
6.625
5.175
4.038
3.606
3.693
3.982
4.556
5.389
6.274
7.163
8.052
8.766
9.309
9.645
9.645
9.347
8.83
8.202
7.659
7.274
6.922
6.757
6.954
7.535
8.356
9.347
10.465
11.559
12.373
12.87
13.24
13.469
13.332
12.861
12.269
11.693
11.157
10.801
10.749
10.99
11.359
11.969
13.049
14.34
15.433
16.359
17.298
18.125
18.675
18.885
18.747
18.348
17.828
17.246
16.638
16.186
16.05
16.184
16.436
16.808
17.366
17.967
18.588
19.307
19.943
20.199
20.099
19.788
19.258
18.513
17.606
16.694
16.027
15.705
15.623
15.619
15.7
16.078
16.883
17.81
18.524
19.067
19.603
19.959
19.907
19.482
18.813
18.01
17.146
16.4
15.844
15.453
15.285
15.395
15.692
16.093
16.581
16.95
17.012
16.815
16.493
16.093
15.715
15.445
15.279
15.204
15.17
15.154
15.204
15.408
15.8
16.284
16.658
16.964
17.257
17.32
17.182
17.166
17.196
17.046
16.744
16.367
16.061
15.905
15.658
15.399
15.396
15.517
15.578
15.605
15.565
15.445
15.274
15.115
15.131
15.166
15.05
14.991
15.133
15.352
15.615
15.912
16.168
16.468
16.898
17.382
17.787
17.957
17.917
17.917
17.978
17.869
17.483
17.001
16.815
17.019
17.101
16.934
17.057
17.511
17.915
18.291
18.747
19.058
19.151
19.101
19.031
18.99
18.931
18.915
18.956
18.917
18.91
19.085
19.214
19.201
19.312
19.577
19.791
19.892
19.884
19.752
19.547
19.335
19.099
18.827
18.472
18.028
17.613
17.291
17.03
16.776
16.651
16.817
17.13
17.323
17.431
17.599
17.803
17.937
17.854
17.624
17.441
17.232
16.803
16.252
15.789
15.415
15.218
15.372
15.751
16.082
16.422
16.903
17.341
17.586
17.765
17.985
18.132
17.994
17.527
16.975
16.522
16.05
15.619
15.401
15.497
15.782
16.075
16.302
16.553
16.871
17.216
17.516
17.434
16.846
16.248
16.107
16.354
16.64
16.683
16.597
16.594
16.608
16.735
17.062
17.357
17.441
17.558
17.772
18.035
18.243
18.3
18.314
18.101
17.604
17.254
17.194
17.039
16.864
17.078
17.364
17.268
16.792
16.361
16.197
16.213
16.511
17.016
17.368
17.558
17.89
18.071
17.973
17.985
18.153
18.062
17.651
17.384
17.506
17.524
17.066
16.764
16.867
16.908
16.794
16.488
15.796
14.952
14.514
14.798
15.635
16.055
15.34
14.048
13.131
12.891
12.965
12.904
12.734
12.484
12.044
11.786
11.938
12.303
12.861
13.739
14.637
15.149
15.011
14.104
12.929
12.131
11.804
11.446
10.619
9.631
8.826
8.174
7.671
7.431
7.31
7.102
6.906
6.862
7.052
7.383
7.821
8.388
9.05
9.442
9.293
8.766
8.052
7.149
6.149
5.312
4.772
4.641
4.813
4.742
4.253
3.753
3.418
3.191
3.234
3.706
4.366
4.824
4.94
4.809
4.466
3.804
2.996
2.459
2.1
1.603
1.029
0.614
0.424
0.387
0.372
0.227
-0.027
-0.351
-0.737
-1.052
-1.07
-0.671
-0.061
0.451
0.65
0.531
0.145
-0.46
-1.24
-1.9
-2.123
-2.143
-2.234
-2.24
-1.936
-1.456
-0.975
-0.671
-0.558
-0.48
-0.408
-0.41
-0.517
-0.702
-1.098
-1.907
-3.051
-4.134
-4.942
-5.494
-5.718
-5.675
-5.641
-5.734
-5.775
-5.476
-4.912
-4.588
-4.636
-4.706
-4.486
-3.971
-3.411
-3.132
-3.263
-3.62
-4.169
-4.972
-5.961
-6.934
-7.558
-7.689
-7.419
-7.022
-6.584
-6.092
-5.605
-5.316
-5.321
-5.507
-5.754
-5.997
-6.224
-6.465
-6.77
-7.009
-7.174
-7.481
-8.004
-8.594
-9.032
-9.152
-8.728
-7.775
-6.716
-5.954
-5.432
-4.963
-4.618
-4.62
-4.806
-4.835
-4.797
-5.04
-5.527
-5.991
-6.453
-6.993
-7.528
-7.998
-8.501
-8.985
-9.209
-8.939
-8.251
-7.465
-6.8
-6.285
-5.979
-5.979
-6.339
-6.957
-7.589
-8.066
-8.431
-8.905
-9.597
-10.407
-11.112
-11.495
-11.443
-11.057
-10.588
-10.067
-9.382
-8.549
-7.746
-7.106
-6.723
-6.612
-6.782
-7.265
-8.014
-8.835
-9.583
-10.198
-10.647
-11.06
-11.55
-11.869
-11.661
-10.908
-9.91
-8.973
-8.302
-7.963
-7.78
-7.565
-7.399
-7.458
-7.733
-8.266
-9.034
-9.826
-10.472
-10.86
-10.804
-10.345
-9.835
-9.615
-9.717
-9.799
-9.459
-8.664
-7.684
-6.823
-6.362
-6.521
-7.337
-8.503
-9.534
-10.22
-10.583
-10.597
-10.332
-10.037
-9.892
-9.803
-9.547
-9.086
-8.547
-8.014
-7.507
-7.084
-6.77
-6.537
-6.337
-6.087
-5.739
-5.412
-5.26
-5.383
-5.713
-5.927
-5.772
-5.35
-4.927
-4.588
-4.237
-3.783
-3.211
-2.617
-2.085
-1.665
-1.384
-1.166
-0.898
-0.707
-0.814
-1.145
-1.392
-1.492
-1.619
-1.678
-1.447
-0.905
-0.258
0.285
0.664
0.862
0.973
1.206
1.71
2.356
2.83
3.055
3.193
3.343
3.302
2.871
2.255
1.807
1.495
1.081
0.662
0.465
0.553
0.929
1.588
2.329
2.867
3.057
3.028
2.815
2.408
1.916
1.39
0.8
0.192
-0.347
-0.857
-1.286
-1.472
-1.286
-0.893
-0.506
-0.104
0.317
0.449
0.165
-0.254
-0.628
-1.039
-1.529
-2.052
-2.518
-2.842
-3.059
-3.155
-2.919
-2.32
-1.692
-1.338
-1.31
-1.554
-1.817
-1.969
-2.08
-2.202
-2.39
-2.794
-3.316
-3.674
-3.881
-4.051
-4.123
-4.134
-4.314
-4.643
-4.897
-4.972
-4.853
-4.505
-3.974
-3.452
-3.13
-3.139
-3.402
-3.711
-4.046
-4.353
-4.513
-4.657
-5.049
-5.672
-6.235
-6.432
-6.314
-6.167
-6.154
-6.197
-6.215
-6.355
-6.689
-6.958
-6.999
-6.906
-6.875
-7.029
-7.349
-7.68
-7.981
-8.152
-8.016
-7.787
-7.88
-8.19
-8.385
-8.431
-8.433
-8.383
-8.225
-8.002
-7.909
-7.98
-7.941
-7.662
-7.249
-6.857
-6.607
-6.582
-6.732
-7.029
-7.399
-7.651
-7.792
-8.018
-8.397
-8.889
-9.397
-9.706
-9.681
-9.441
-9.159
-8.905
-8.723
-8.531
-8.19
-7.596
-6.8
-6.02
-5.546
-5.423
-5.5
-5.672
-5.904
-6.167
-6.419
-6.682
-6.991
-7.315
-7.587
-7.814
-7.936
-7.828
-7.54
-7.301
-7.254
-7.447
-7.777
-8.059
-8.285
-8.57
-9.018
-9.611
-10.162
-10.479
-10.583
-10.382
-9.706
-8.753
-7.703
-6.561
-5.605
-5.187
-5.371
-5.92
-6.484
-6.968
-7.651
-8.524
-9.177
-9.586
-9.933
-9.989
-9.889
-9.805
-9.728
-9.581
-9.055
-8.199
-7.532
-7.249
-6.659
-5.915
-5.677
-6.201
-7.408
-8.615
-9.343
-9.694
-9.933
-9.962
-10.175
-10.449
-10.2
-9.54
-8.782
-8.207
-7.852
-7.442
-6.55
-5.623
-4.811
-4.332
-4.572
-5.262
-5.899
-6.406
-7.088
-8.025
-9.132
-9.862
-10.014
-9.835
-9.622
-9.74
-9.882
-9.513
-8.553
-7.265
-5.906
-5.056
-4.765
-4.7
-4.697
-4.672
-5.061
-6.219
-7.773
-8.862
-9.304
-9.252
-8.903
-8.537
-7.98
-7.249
-6.469
-5.831
-5.613
-5.85
-6.117
-5.992
-5.759
-5.94
-6.788
-7.816
-8.565
-9.159
-9.851
-10.486
-10.622
-10.277
-9.767
-9.436
-9.243
-9.227
-9.245
-9.114
-9.021
-9.177
-9.574
-9.989
-10.286
-10.371
-10.4
-10.454
-10.52
-10.658
-10.903
-11.205
-11.446
-11.75
-12.069
-12.173
-11.887
-11.523
-11.302
-11.253
-11.368
-11.47
-11.459
-11.42
-11.432
-11.255
-10.899
-10.665
-10.763
-11.103
-11.35
-11.434
-11.584
-11.961
-12.262
-12.358
-12.117
-11.539
-10.994
-10.804
-10.838
-10.806
-10.771
-10.806
-11.096
-11.559
-11.983
-12.25
-12.353
-12.342
-12.278
-12.194
-11.946
-11.622
-11.357
-11.189
-11.051
-10.99
-10.931
-10.727
-10.52
-10.47
-10.722
-11.201
-11.639
-11.838
-11.833
-11.665
-11.346
-10.92
-10.327
-9.849
-9.619
-9.447
-9.215
-9.134
-9.256
-9.485
-9.74
-9.926
-10.216
-10.627
-11.035
-11.353
-11.438
-11.072
-10.441
-9.951
-9.537
-8.918
-8.007
-7.354
-7.333
-7.71
-7.891
-7.81
-7.916
-8.431
-9.204
-9.876
-10.314
-10.449
-10.295
-10.068
-9.889
-9.581
-9.086
-8.61
-8.347
-8.295
-8.202
-8.05
-7.963
-8.14
-8.603
-9.08
-9.307
-9.302
-9.313
-9.354
-9.322
-9.29
-9.372
-9.377
-9.238
-9.193
-9.359
-9.617
-9.697
-9.611
-9.508
-9.388
-9.222
-9.037
-8.8
-8.501
-8.313
-8.313
-8.399
-8.537
-8.985
-9.774
-10.649
-11.43
-12.015
-12.242
-11.943
-11.338
-10.706
-9.951
-9.111
-8.47
-8.066
-7.71
-7.378
-7.244
-7.524
-8.14
-8.862
-9.474
-9.892
-10.132
-10.157
-9.934
-9.651
-9.531
-9.549
-9.513
-9.245
-8.81
-8.488
-8.436
-8.653
-8.97
-9.155
-9.143
-9.104
-9.091
-9.081
-9.125
-9.177
-9.15
-9.009
-8.78
-8.574
-8.508
-8.531
-8.553
-8.599
-8.681
-8.707
-8.607
-8.354
-8.088
-8.099
-8.336
-8.581
-8.737
-8.762
-8.615
-8.363
-8.174
-8.159
-8.304
-8.511
-8.685
-8.803
-8.896
-9.104
-9.54
-10.062
-10.436
-10.588
-10.493
-10.245
-9.915
-9.572
-9.307
-9.204
-9.2
-9.197
-9.177
-9.132
-9.096
-9.13
-9.307
-9.692
-10.204
-10.652
-10.978
-11.268
-11.489
-11.624
-11.758
-11.992
-12.23
-12.325
-12.337
-12.428
-12.446
-12.183
-11.711
-11.242
-10.887
-10.622
-10.402
-10.255
-10.293
-10.563
-10.938
-11.242
-11.432
-11.677
-11.969
-12.165
-12.276
-12.491
-12.825
-13.049
-13.015
-12.85
-12.716
-12.569
-12.337
-12.049
-11.758
-11.557
-11.459
-11.371
-11.246
-11.073
-10.846
-10.572
-10.284
-9.944
-9.599
-9.379
-9.304
-9.284
-9.155
-8.934
-8.805
-8.764
-8.683
-8.617
-8.601
-8.574
-8.544
-8.601
-8.703
-8.617
-8.37
-8.215
-8.127
-7.882
-7.535
-7.262
-7.079
-6.977
-6.929
-6.925
-6.934
-6.979
-7.07
-7.143
-7.117
-7.009
-6.925
-6.85
-6.775
-6.764
-6.711
-6.548
-6.365
-6.301
-6.383
-6.512
-6.487
-6.389
-6.55
-6.957
-7.279
-7.372
-7.406
-7.492
-7.532
-7.584
-7.771
-7.9
-7.757
-7.51
-7.447
-7.558
-7.619
-7.517
-7.367
-7.269
-7.163
-7.022
-6.9
-6.918
-7.104
-7.317
-7.589
-7.88
-8.016
-8.059
-8.17
-8.318
-8.419
-8.472
-8.517
-8.606
-8.735
-8.889
-9.011
-8.998
-8.841
-8.712
-8.66
-8.619
-8.589
-8.589
-8.674
-8.911
-9.177
-9.307
-9.309
-9.318
-9.363
-9.441
-9.581
-9.812
-10.001
-10.08
-10.125
-10.119
-9.978
-9.749
-9.578
-9.501
-9.442
-9.336
-9.289
-9.331
-9.349
-9.289
-9.2
-9.141
-9.116
-9.195
-9.367
-9.552
-9.694
-9.841
-9.989
-10.127
-10.214
-10.186
-10.019
-9.771
-9.488
-9.252
-9.138
-9.027
-8.841
-8.689
-8.583
-8.454
-8.374
-8.422
-8.555
-8.681
-8.792
-8.848
-8.851
-8.998
-9.426
-9.934
-10.259
-10.318
-10.098
-9.549
-8.485
-6.909
-5.251
-3.826
-2.515
-1.451
-1.188
-1.93
-3.397
-5.45
-7.877
-10.202
-11.938
-12.502
-11.761
-10.359
-8.56
-6.104
-3.586
-2.073
-1.379
-0.893
-0.836
-1.193
-1.562
-2.059
-2.962
-4.18
-5.525
-6.895
-8.125
-8.833
-8.701
-7.703
-6.002
-3.997
-2.343
-1.177
-0.228
0.156
-0.397
-1.333
-2.039
-2.712
-3.654
-4.831
-6.017
-6.741
-6.78
-6.272
-5.373
-4.345
-3.59
-3.067
-2.429
-1.647
-0.952
-0.524
-0.428
-0.68
-1.402
-2.642
-3.942
-4.87
-5.45
-5.816
-5.779
-5.384
-5.094
-4.938
-4.507
-3.824
-3.17
-2.606
-2.25
-2.141
-2.139
-2.392
-3.166
-4.268
-5.242
-5.834
-6.237
-6.705
-7.027
-6.805
-6.074
-5.046
-3.812
-2.559
-1.606
-1.195
-1.202
-1.402
-1.959
-2.874
-3.833
-4.749
-5.693
-6.494
-6.981
-7.222
-7.244
-6.909
-6.161
-5.175
-4.264
-3.559
-2.967
-2.413
-1.998
-1.936
-2.327
-2.926
-3.554
-4.332
-5.099
-5.45
-5.407
-5.216
-4.783
-3.982
-3.132
-2.549
-2.062
-1.34
-0.442
0.31
0.699
0.802
0.61
0.045
-0.702
-1.537
-2.502
-3.459
-4.112
-4.307
-4.051
-3.284
-2.028
-0.603
0.576
1.392
1.905
2.132
2.159
2.155
2.077
1.717
1.098
0.46
-0.091
-0.51
-0.666
-0.583
-0.303
0.279
1.199
2.259
3.332
4.357
5.131
5.479
5.278
4.512
3.445
2.39
1.451
0.676
0.147
-0.145
-0.358
-0.508
-0.344
0.24
1.041
1.862
2.722
3.686
4.502
4.754
4.414
3.792
2.994
2.023
1.068
0.217
-0.492
-0.936
-0.877
-0.238
0.596
1.238
1.751
2.302
2.742
3.012
3.191
3.222
2.905
2.107
0.843
-0.673
-2.202
-3.588
-4.675
-5.383
-5.679
-5.636
-5.312
-4.701
-3.693
-2.368
-1.145
-0.274
0.306
0.591
0.553
0.303
-0.075
-0.599
-1.258
-1.969
-2.712
-3.431
-3.938
-4.039
-3.654
-2.81
-1.737
-0.696
0.24
1.057
1.617
1.805
1.647
1.263
0.666
-0.156
-0.962
-1.56
-2.025
-2.279
-2.175
-1.742
-1.114
-0.303
0.653
1.651
2.66
3.567
4.208
4.586
4.752
4.716
4.507
4.244
3.967
3.704
3.443
3.166
3.071
3.32
3.812
4.257
4.527
4.738
4.967
5.072
5.026
5.033
5.042
4.795
4.309
3.693
3.067
2.637
2.474
2.536
2.722
2.892
3.098
3.561
4.196
4.847
5.471
5.965
6.199
6.113
5.791
5.368
4.922
4.477
4.187
4.015
3.69
3.239
2.912
2.833
3.01
3.373
3.697
3.886
3.956
3.845
3.502
2.91
2.161
1.397
0.689
0.15
-0.076
-0.034
0.338
1.256
2.531
3.693
4.459
4.742
4.582
4.175
3.711
3.216
2.694
2.3
2.125
2.248
2.699
3.293
3.894
4.623
5.514
6.38
6.916
6.95
6.476
5.573
4.285
2.758
1.25
-0.022
-0.966
-1.395
-1.211
-0.531
0.51
1.839
3.341
4.822
6.106
7.149
7.823
7.88
7.324
6.355
5.069
3.631
2.415
1.56
0.973
0.812
1.261
2.318
3.856
5.709
7.687
9.47
10.867
11.822
12.124
11.67
10.575
9.041
7.313
5.702
4.466
3.792
3.734
4.271
5.425
7.156
9.289
11.546
13.705
15.583
16.957
17.615
17.565
17.001
16.057
14.809
13.484
12.378
11.629
11.368
11.711
12.661
14.09
15.814
17.67
19.532
21.215
22.442
23.079
23.216
22.937
22.256
21.235
20.036
18.84
17.892
17.386
17.3
17.631
18.411
19.57
20.868
22.129
23.3
24.311
24.985
25.164
24.772
23.869
22.682
21.44
20.199
19.099
18.305
17.833
17.672
17.867
18.273
18.736
19.269
19.791
20.133
20.242
19.965
19.321
18.532
17.609
16.488
15.261
13.991
12.709
11.552
10.712
10.245
10.067
10.055
10.253
10.597
10.806
10.845
10.727
10.302
9.565
8.689
7.648
6.383
4.974
3.574
2.407
1.549
0.936
0.619
0.578
0.65
0.862
1.233
1.517
1.56
1.277
0.669
-0.176
-1.277
-2.635
-4.033
-5.187
-6.009
-6.394
-6.403
-6.154
-5.636
-4.868
-3.953
-2.928
-1.869
-1.016
-0.514
-0.455
-0.696
-1.065
-1.506
-2.059
-2.722
-3.418
-3.987
-4.178
-3.987
-3.567
-2.944
-2.088
-1.104
-0.133
0.719
1.474
2.145
2.658
3.052
3.374
3.482
3.356
3.18
3.087
3.105
3.368
3.949
4.768
5.718
6.832
8.148
9.597
11.135
12.639
13.788
14.562
15.272
15.694
15.118
13.417
11.096
8.851
7.202
6.038
5.321
5.824
7.548
9.03
9.667
10.427
11.511
12.117
12.641
14.043
15.363
15.279
14.463
13.873
12.911
11.085
9.363
8.392
7.584
6.469
5.535
5.335
5.691
6.14
6.424
6.766
7.41
8.022
8.395
8.764
8.996
8.857
8.776
8.833
8.56
7.977
7.177
5.816
4.271
3.345
3.021
3.034
3.434
3.982
4.285
4.448
4.972
6.027
6.988
7.369
7.773
8.785
9.576
9.159
8.148
7.562
7.056
6.072
5.085
4.675
4.588
4.407
4.438
5.342
6.854
8.19
9.404
10.699
11.539
11.865
12.253
12.695
12.709
12.074
11.09
10.352
9.749
8.728
7.682
7.285
7.562
8.266
9.132
10.103
11.379
12.879
14.276
15.497
16.47
16.971
16.776
15.993
15.2
14.752
14.371
13.747
12.92
12.418
12.727
13.28
13.276
13.41
14.571
16.182
17.418
18.312
19.092
19.543
19.457
19.035
18.4
17.184
15.533
14.501
14.523
14.689
14.396
14.265
14.805
15.558
15.973
16.367
17.116
17.738
17.803
17.575
17.248
16.604
15.819
15.17
14.463
13.518
12.677
12.25
12.115
12.146
12.412
12.899
13.412
13.752
13.714
13.278
12.861
12.793
12.956
13.276
13.747
14.113
14.317
14.344
14.013
13.675
13.886
14.206
14.161
14.203
14.451
14.56
14.712
14.932
14.746
14.412
14.512
14.807
14.921
14.97
15.091
15.115
14.996
14.807
14.396
13.732
13.365
13.687
14.056
13.966
13.879
14.143
14.512
14.791
14.945
14.898
14.796
14.922
15.208
15.406
15.583
15.975
16.468
16.79
16.821
16.418
15.737
15.338
15.463
15.635
15.504
15.374
15.44
15.433
15.259
15.125
15.107
15.208
15.522
16.191
16.96
17.331
17.343
17.382
17.406
17.248
16.957
16.619
16.327
16.215
16.331
16.574
16.756
16.705
16.449
16.304
16.436
16.631
16.715
16.867
17.205
17.57
17.683
17.343
16.685
15.996
15.318
14.769
14.669
14.866
14.939
14.993
15.259
15.56
15.594
15.342
15.018
14.862
14.989
15.476
16.177
16.597
16.476
16.002
15.465
15.022
14.596
14.084
13.723
13.732
14.066
14.542
14.902
15.05
15.015
14.868
14.805
14.844
14.734
14.537
14.555
14.755
14.989
15.188
15.131
14.728
14.303
14.159
14.408
14.916
15.236
15.342
15.721
16.334
16.71
16.69
16.343
15.891
15.615
15.476
15.167
14.653
14.301
14.324
14.644
14.97
15.115
15.206
15.433
15.821
16.229
16.445
16.282
15.971
15.778
15.694
15.705
15.73
15.637
15.415
15.154
15.015
15.161
15.429
15.545
15.463
15.3
15.13
14.989
14.845
14.551
14.262
14.088
13.981
13.87
13.721
13.714
13.954
14.165
14.206
14.215
14.097
13.739
13.419
13.26
13.14
12.956
12.722
12.548
12.407
12.18
11.992
12.006
12.119
12.301
12.528
12.625
12.518
12.244
11.731
11.121
10.56
9.926
9.277
8.855
8.692
8.699
8.785
8.826
8.737
8.519
8.347
8.444
8.792
9.214
9.513
9.552
9.366
9.011
8.324
7.308
6.326
5.659
5.335
5.303
5.384
5.421
5.518
5.813
6.301
6.746
6.839
6.523
6.051
5.672
5.453
5.239
4.922
4.523
4.128
3.774
3.504
3.296
3.075
2.917
3.059
3.531
4.023
4.273
4.275
4.03
3.622
3.222
2.851
2.37
1.728
0.973
0.227
-0.308
-0.728
-1.204
-1.521
-1.415
-0.9
-0.174
0.454
0.777
0.966
1.166
1.268
1.193
0.88
0.374
-0.143
-0.532
-0.776
-1.07
-1.592
-2.096
-2.3
-2.304
-2.243
-2.152
-2.129
-2.075
-1.896
-1.748
-1.758
-1.903
-2.225
-2.711
-3.186
-3.493
-3.645
-3.887
-4.337
-4.786
-5.051
-5.131
-5.117
-5.156
-5.244
-5.205
-4.845
-4.153
-3.415
-2.899
-2.552
-2.302
-2.374
-2.926
-3.808
-4.781
-5.731
-6.473
-6.841
-6.95
-6.993
-6.975
-6.78
-6.465
-6.143
-5.847
-5.582
-5.387
-5.226
-5.031
-4.813
-4.652
-4.718
-5.139
-5.763
-6.398
-7.015
-7.537
-7.828
-7.832
-7.621
-7.272
-6.911
-6.56
-6.143
-5.631
-5.038
-4.407
-3.994
-3.982
-4.18
-4.405
-4.682
-5.051
-5.502
-6.079
-6.784
-7.594
-8.395
-8.964
-9.177
-9.132
-8.846
-8.356
-7.834
-7.406
-7.127
-6.961
-6.766
-6.598
-6.602
-6.682
-6.773
-6.97
-7.329
-7.73
-8.079
-8.308
-8.408
-8.451
-8.524
-8.599
-8.596
-8.514
-8.354
-7.945
-7.19
-6.246
-5.28
-4.375
-3.701
-3.629
-4.607
-6.448
-8.329
-9.681
-10.472
-10.812
-10.724
-10.423
-10.191
-9.84
-9.057
-7.968
-6.986
-6.161
-5.482
-5.174
-5.269
-5.595
-5.924
-6.195
-6.514
-7.061
-7.88
-8.962
-10.18
-11.037
-11.112
-10.416
-9.313
-8.209
-7.308
-6.617
-6.087
-5.62
-5.287
-5.409
-5.94
-6.43
-6.684
-6.798
-6.947
-7.188
-7.285
-7.054
-6.646
-6.298
-5.931
-5.324
-4.579
-4.023
-3.742
-3.683
-3.774
-3.815
-3.454
-2.711
-2.132
-2.166
-2.724
-3.327
-3.631
-3.497
-2.919
-2.132
-1.555
-1.41
-1.403
-1.199
-0.862
-0.524
0.024
1.023
2.166
2.83
2.726
2.181
1.781
1.828
2.184
2.44
2.351
2
1.685
1.742
2.207
2.712
3.059
3.377
3.749
4.033
4.112
4.057
4.046
4.015
3.724
3.185
2.699
2.518
2.667
3.012
3.361
3.681
4.026
4.371
4.638
4.858
5.167
5.514
5.698
5.494
4.852
4.008
3.241
2.615
2.062
1.501
0.954
0.478
0.158
0.133
0.532
1.426
2.515
3.227
3.28
2.923
2.544
2.199
1.755
1.225
0.653
0.036
-0.573
-1.041
-1.277
-1.236
-0.88
-0.383
-0.009
0.154
0.176
0.158
0.326
0.771
1.093
0.848
0.206
-0.338
-0.678
-1.143
-1.884
-2.503
-2.688
-2.581
-2.474
-2.461
-2.495
-2.474
-2.35
-2.044
-1.558
-1.095
-0.934
-1.129
-1.501
-1.955
-2.485
-3.019
-3.379
-3.456
-3.395
-3.397
-3.452
-3.468
-3.418
-3.348
-3.3
-3.302
-3.374
-3.538
-3.697
-3.781
-3.865
-4.056
-4.443
-4.951
-5.435
-5.857
-6.29
-6.695
-6.929
-6.811
-6.369
-5.809
-5.376
-5.208
-5.178
-5.144
-5.061
-4.94
-4.831
-4.847
-4.981
-5.156
-5.383
-5.631
-5.891
-6.143
-6.36
-6.469
-6.378
-5.97
-5.305
-4.652
-4.185
-3.933
-3.969
-4.298
-4.757
-5.244
-5.709
-5.952
-5.954
-5.931
-5.92
-5.899
-5.954
-5.961
-5.705
-5.226
-4.701
-4.266
-3.992
-3.835
-3.547
-3.082
-2.763
-2.763
-3.091
-3.724
-4.564
-5.303
-5.709
-5.793
-5.802
-5.854
-5.931
-5.997
-6.004
-5.813
-5.355
-4.686
-4.041
-3.77
-3.919
-4.364
-4.924
-5.439
-5.899
-6.401
-6.891
-7.283
-7.63
-7.828
-7.759
-7.447
-7.07
-6.77
-6.51
-6.244
-6.106
-6.104
-6.065
-5.917
-5.895
-6.169
-6.648
-7.149
-7.453
-7.447
-7.185
-6.823
-6.505
-6.371
-6.353
-6.272
-5.945
-5.344
-4.724
-4.396
-4.441
-4.781
-5.172
-5.342
-5.337
-5.344
-5.394
-5.412
-5.371
-5.312
-5.271
-5.108
-4.706
-4.139
-3.59
-3.216
-3.073
-3.182
-3.4
-3.547
-3.62
-3.79
-4.078
-4.412
-4.634
-4.697
-4.608
-4.334
-4.019
-3.935
-4.139
-4.353
-4.278
-4.078
-4.141
-4.509
-4.931
-5.273
-5.548
-5.709
-5.782
-5.863
-5.994
-6.199
-6.48
-6.71
-6.766
-6.617
-6.321
-5.992
-5.824
-6.074
-6.739
-7.594
-8.336
-8.851
-9.232
-9.481
-9.542
-9.642
-9.915
-10.098
-9.98
-9.758
-9.686
-9.728
-9.803
-10.003
-10.427
-11.057
-11.722
-12.239
-12.654
-13.079
-13.417
-13.539
-13.443
-13.11
-12.577
-12.094
-11.858
-11.754
-11.582
-11.316
-11.15
-11.384
-12.008
-12.759
-13.478
-14.074
-14.422
-14.544
-14.589
-14.526
-14.329
-14.049
-13.584
-12.895
-12.265
-11.883
-11.711
-11.724
-11.972
-12.38
-12.806
-13.12
-13.26
-13.33
-13.453
-13.512
-13.478
-13.442
-13.296
-12.843
-12.155
-11.52
-11.114
-10.874
-10.688
-10.593
-10.542
-10.479
-10.572
-10.933
-11.264
-11.305
-11.173
-11.087
-11.128
-11.178
-11.096
-10.89
-10.606
-10.186
-9.617
-9.045
-8.606
-8.338
-8.333
-8.594
-8.946
-9.175
-9.207
-9.12
-9.027
-8.939
-8.766
-8.388
-7.887
-7.517
-7.392
-7.414
-7.521
-7.733
-8.059
-8.315
-8.401
-8.47
-8.565
-8.537
-8.447
-8.433
-8.397
-8.229
-7.966
-7.759
-7.655
-7.673
-7.816
-7.936
-7.952
-8.02
-8.318
-8.699
-8.986
-9.197
-9.327
-9.293
-9.173
-9.081
-9.009
-8.991
-9.093
-9.261
-9.377
-9.347
-9.274
-9.404
-9.867
-10.511
-11.13
-11.657
-12.08
-12.273
-12.242
-12.19
-12.191
-12.203
-12.117
-11.874
-11.5
-11.137
-10.949
-10.958
-11.057
-11.242
-11.546
-11.872
-12.039
-12.11
-12.196
-12.258
-12.203
-12.017
-11.681
-11.18
-10.588
-10.064
-9.71
-9.497
-9.404
-9.442
-9.597
-9.928
-10.364
-10.624
-10.57
-10.284
-9.856
-9.586
-9.56
-9.238
-8.689
-8.558
-8.628
-8.526
-8.651
-8.944
-8.596
-7.973
-8.084
-8.751
-9.059
-9.037
-9.511
-10.261
-10.531
-10.316
-9.919
-9.254
-8.481
-8.084
-8.152
-8.388
-8.243
-7.739
-7.664
-8.136
-8.517
-8.692
-8.978
-9.408
-9.937
-10.361
-10.527
-10.72
-11.042
-11.112
-10.79
-10.273
-9.485
-8.385
-7.526
-7.336
-7.542
-7.601
-7.451
-7.646
-8.531
-9.805
-11.023
-12.06
-12.811
-13.124
-13.008
-12.491
-11.527
-10.237
-8.914
-7.755
-7.05
-7.086
-7.558
-8.138
-9.193
-10.838
-12.378
-13.366
-14.007
-14.299
-14.174
-13.986
-14.029
-14.111
-13.893
-13.201
-12.108
-10.996
-10.184
-9.633
-9.331
-9.495
-10.214
-11.205
-12.198
-13.099
-13.825
-14.249
-14.36
-14.367
-14.333
-14.056
-13.482
-12.981
-12.636
-12.201
-11.709
-11.416
-11.472
-11.711
-11.858
-11.972
-12.364
-12.951
-13.36
-13.507
-13.494
-13.326
-12.834
-11.874
-10.724
-9.785
-9.145
-8.778
-8.928
-9.499
-10.01
-10.397
-11.001
-11.611
-11.686
-11.375
-11.198
-11.205
-11.135
-10.749
-9.975
-9.125
-8.599
-8.249
-7.792
-7.326
-7.063
-7.086
-7.313
-7.584
-7.848
-8.231
-8.719
-9.186
-9.64
-10.016
-10.209
-10.15
-9.719
-9.084
-8.488
-7.855
-7.202
-6.605
-6.013
-5.648
-5.698
-5.911
-6.094
-6.426
-6.997
-7.68
-8.342
-8.878
-9.075
-8.841
-8.399
-8.063
-7.914
-7.787
-7.612
-7.481
-7.403
-7.231
-6.932
-6.787
-7.074
-7.621
-8.102
-8.547
-9.096
-9.608
-9.835
-9.74
-9.481
-9.145
-8.588
-7.862
-7.256
-6.988
-7.065
-7.344
-7.664
-7.98
-8.392
-8.9
-9.424
-9.905
-10.371
-10.722
-10.826
-10.768
-10.549
-10.028
-9.402
-9.03
-8.959
-9.048
-9.202
-9.418
-9.778
-10.397
-11.09
-11.67
-12.149
-12.35
-12.09
-11.541
-10.951
-10.286
-9.426
-8.583
-8.096
-7.859
-7.671
-7.659
-7.98
-8.547
-9.354
-10.397
-11.468
-12.319
-12.743
-12.661
-12.298
-11.863
-11.273
-10.49
-9.821
-9.593
-9.749
-10.05
-10.386
-10.758
-11.144
-11.598
-12.117
-12.552
-12.761
-12.718
-12.342
-11.672
-10.951
-10.191
-9.295
-8.478
-8.086
-8.127
-8.465
-8.97
-9.537
-10.064
-10.52
-10.892
-11.198
-11.43
-11.525
-11.457
-11.201
-10.885
-10.622
-10.366
-10.026
-9.547
-9.089
-8.833
-8.715
-8.535
-8.295
-8.07
-8.039
-8.29
-8.607
-8.664
-8.385
-7.984
-7.664
-7.362
-7.004
-6.669
-6.36
-6.128
-6.049
-6.02
-5.854
-5.618
-5.546
-5.768
-6.235
-6.682
-6.818
-6.705
-6.553
-6.376
-6.219
-6.197
-6.206
-6.117
-5.931
-5.598
-5.126
-4.59
-4.094
-3.683
-3.345
-3.052
-2.855
-2.699
-2.59
-2.747
-3.257
-3.892
-4.364
-4.586
-4.582
-4.371
-4.049
-3.749
-3.461
-3.166
-2.948
-2.858
-2.946
-3.17
-3.33
-3.361
-3.431
-3.688
-4.015
-4.178
-4.119
-4.008
-3.94
-3.801
-3.422
-2.878
-2.363
-1.936
-1.642
-1.665
-2.057
-2.617
-3.059
-3.402
-3.781
-4.171
-4.516
-4.831
-5.046
-4.99
-4.611
-4.098
-3.77
-3.701
-3.693
-3.77
-4.021
-4.389
-4.742
-4.96
-5.083
-5.285
-5.509
-5.564
-5.539
-5.461
-5.253
-4.879
-4.427
-4.09
-3.93
-3.829
-3.76
-3.778
-3.84
-3.967
-4.23
-4.652
-5.119
-5.378
-5.346
-5.214
-5.101
-4.915
-4.623
-4.432
-4.45
-4.427
-4.234
-4.078
-3.992
-3.83
-3.611
-3.466
-3.327
-3.075
-2.863
-2.748
-2.66
-2.572
-2.481
-2.286
-1.933
-1.565
-1.24
-0.921
-0.691
-0.682
-0.802
-0.862
-0.877
-0.869
-0.746
-0.496
-0.281
-0.238
-0.231
-0.138
0.036
0.228
0.313
0.249
0.091
-0.036
-0.024
0.106
0.284
0.447
0.601
0.832
1.132
1.333
1.447
1.596
1.825
2.028
2.136
2.098
2.003
1.914
1.794
1.667
1.617
1.585
1.384
0.91
0.292
-0.256
-0.614
-0.784
-0.851
-0.851
-0.766
-0.673
-0.624
-0.539
-0.41
-0.249
0.016
0.32
0.465
0.302
-0.127
-0.617
-1.045
-1.477
-1.792
-1.916
-1.971
-2.064
-2.196
-2.363
-2.5
-2.572
-2.644
-2.73
-2.844
-2.982
-3.015
-2.923
-2.887
-2.921
-2.939
-2.971
-3.087
-3.266
-3.431
-3.407
-3.093
-2.597
-2.085
-1.635
-1.161
-0.619
-0.168
0.079
0.135
0.054
-0.052
-0.102
-0.117
-0.145
-0.238
-0.437
-0.601
-0.498
-0.168
0.284
0.759
1.238
1.637
1.928
2.075
2.068
1.912
1.576
1.147
0.696
0.297
0.034
0.029
0.478
1.236
1.905
2.433
3.089
3.838
4.4
4.706
4.799
4.627
4.008
2.971
1.912
1.295
1.147
1.111
0.914
0.632
0.55
0.694
0.959
1.562
2.577
3.554
4.191
4.683
5.312
5.811
5.67
4.953
4.173
3.304
2.005
0.653
-0.111
-0.276
-0.281
-0.238
0.016
0.473
0.859
1.25
2.141
3.559
4.781
5.308
5.33
5.138
4.625
3.547
2.136
0.687
-0.794
-2.263
-3.563
-4.641
-5.337
-5.33
-4.418
-2.763
-1.084
0.172
1.49
3.241
4.949
6.197
6.816
6.396
4.881
2.76
0.451
-1.725
-3.382
-4.456
-5.024
-4.963
-3.899
-1.807
0.565
2.663
4.69
6.73
8.344
9.037
8.549
7.143
5.518
3.992
2.293
0.147
-2.088
-3.507
-3.536
-2.556
-1.106
0.83
3.463
6.48
8.968
10.364
11.067
11.606
11.618
10.445
8.148
5.525
3.472
2.256
1.508
1.202
1.83
3.652
6.401
9.483
12.378
14.904
17.143
18.836
19.392
18.541
16.558
14.013
11.364
8.726
6.231
4.35
3.561
4.021
5.607
7.986
10.935
14.285
17.516
19.967
21.551
22.53
22.83
22.134
20.552
18.565
16.46
14.363
12.573
11.391
10.885
11.257
12.736
14.95
17.277
19.543
21.863
23.939
25.2
25.4
24.635
23.3
21.711
19.825
17.49
15.115
13.432
12.67
12.698
13.453
14.841
16.692
18.899
21.177
23.097
24.416
25.123
25.251
24.738
23.263
20.732
17.81
15.161
12.954
11.146
10.008
9.93
10.933
12.51
14.219
16.002
17.849
19.484
20.603
20.988
20.548
19.103
16.685
13.784
10.835
7.984
5.468
3.541
2.338
2.114
3
4.736
6.839
8.857
10.445
11.57
12.321
12.543
11.979
10.536
8.499
6.242
3.783
1.039
-1.531
-3.411
-4.434
-4.675
-4.303
-3.529
-2.502
-1.297
0.002
1.245
2.109
2.35
2.057
1.256
-0.176
-1.969
-3.57
-4.775
-5.687
-6.383
-6.773
-6.641
-5.92
-4.783
-3.332
-1.549
0.41
2.139
3.259
3.674
3.456
2.66
1.424
0.013
-1.426
-2.787
-3.933
-4.608
-4.62
-3.974
-2.807
-1.243
0.549
2.302
3.949
5.53
6.913
7.957
8.601
8.701
8.274
7.51
6.539
5.557
4.827
4.36
4.121
4.134
4.461
5.035
5.818
6.78
7.884
8.978
9.844
10.382
10.668
10.706
10.597
10.497
10.259
9.745
9.039
8.392
7.98
7.866
7.952
8.14
8.451
8.998
9.642
10.256
10.969
11.536
11.565
11.446
11.423
10.951
10.019
9.282
8.823
8.181
7.514
7.247
7.125
6.725
6.403
6.659
7.202
7.796
8.651
9.526
10.039
10.411
10.838
11.069
10.856
10.186
9.313
8.418
7.578
6.993
6.614
6.239
6.156
6.607
7.247
7.825
8.395
9.134
10.212
11.357
12.167
12.575
12.607
12.396
12.144
11.722
11.137
10.749
10.513
10.307
10.436
10.915
11.459
12.19
13.14
14.07
14.939
15.787
16.538
17.078
17.346
17.436
17.477
17.295
16.823
16.084
15.226
14.689
14.773
15.193
15.712
16.427
17.298
18.276
19.173
19.822
20.283
20.603
20.521
20.14
19.74
19.196
18.518
17.897
17.338
16.95
16.962
17.248
17.609
18.085
18.808
19.722
20.489
20.881
20.918
20.507
19.684
18.833
18.046
17.159
16.367
15.762
15.295
15.204
15.445
15.64
15.841
16.318
17.068
17.846
18.191
18.146
18.107
17.919
17.234
16.343
15.589
14.855
14.215
13.884
13.902
14.144
14.53
15.066
15.808
16.556
17.078
17.434
17.704
17.746
17.488
17.155
16.871
16.558
16.086
15.637
15.476
15.301
14.891
14.734
15.043
15.404
15.792
16.395
16.996
17.552
18.171
18.722
18.942
18.79
18.393
17.915
17.384
16.78
16.243
15.76
15.36
15.204
15.211
15.336
15.728
16.327
16.985
17.702
18.305
18.675
18.92
19.017
18.795
18.302
17.767
17.368
16.964
16.483
16.261
16.338
16.479
16.842
17.509
18.173
18.795
19.552
20.353
21.007
21.426
21.703
21.861
21.703
21.237
20.729
20.038
19.054
18.298
18.042
18.001
18.139
18.552
19.088
19.74
20.523
21.196
21.616
21.848
22
22.161
22.208
22.031
21.766
21.394
20.936
20.75
20.868
21.004
21.237
21.687
22.052
22.095
21.909
21.585
20.972
19.933
18.758
17.763
16.932
16.27
15.963
16.109
16.549
17.048
17.572
18.202
18.899
19.532
20.162
20.879
21.521
21.914
21.866
21.16
19.677
17.645
15.558
13.986
13.394
13.729
14.466
15.304
16.379
17.563
18.611
19.487
20.101
20.131
19.489
18.609
18.065
17.79
17.227
16.367
15.805
15.721
15.814
15.887
16.016
16.576
17.846
19.555
21.022
21.739
21.605
20.941
20.244
19.758
19.294
18.602
17.681
16.849
16.375
16.367
16.887
17.817
18.724
19.328
19.727
20.015
20.065
19.791
19.296
18.861
18.676
18.48
17.835
17.035
16.687
16.685
16.797
17.086
17.4
17.62
17.846
17.969
17.994
18.109
18.191
18.091
17.785
17.318
16.776
16.29
15.869
15.571
15.515
15.648
15.882
16.082
16.184
16.338
16.571
16.758
16.817
16.563
15.984
15.385
14.839
14.136
13.244
12.294
11.525
11.067
10.806
10.797
11.035
11.302
11.652
12.253
12.931
13.442
13.7
13.691
13.594
13.462
13.031
12.358
11.735
11.039
10.073
8.844
7.555
6.612
6.162
5.95
5.806
5.752
5.691
5.682
5.672
5.391
5.031
5.085
5.394
5.677
6.013
6.228
6.072
5.591
4.777
3.815
2.962
2.177
1.554
1.317
1.338
1.503
1.921
2.413
2.903
3.352
3.577
3.699
3.967
4.116
3.926
3.556
3.105
2.64
2.018
1.052
0.009
-0.746
-1.27
-1.603
-1.619
-1.345
-0.818
-0.24
0.14
0.356
0.455
0.419
0.365
0.267
0.036
-0.195
-0.49
-1.054
-1.683
-2.098
-2.327
-2.302
-1.9
-1.343
-0.875
-0.578
-0.39
-0.163
0.004
-0.072
-0.379
-0.836
-1.438
-2.155
-2.946
-3.729
-4.455
-5.144
-5.72
-6.083
-6.358
-6.569
-6.435
-6.027
-5.625
-5.192
-4.711
-4.316
-4.101
-4.039
-4.067
-4.157
-4.391
-4.657
-4.799
-4.929
-5.216
-5.757
-6.471
-7.065
-7.369
-7.494
-7.503
-7.358
-7.163
-7.002
-6.95
-6.968
-6.945
-6.945
-7.147
-7.432
-7.599
-7.669
-7.696
-7.834
-8.161
-8.503
-8.766
-9
-9.068
-9.05
-9.104
-8.973
-8.449
-7.757
-7.052
-6.355
-5.654
-4.953
-4.509
-4.534
-4.876
-5.38
-6.029
-6.73
-7.408
-8.088
-8.687
-9.1
-9.259
-9.23
-9.145
-9.014
-8.692
-8.229
-7.83
-7.499
-7.277
-7.247
-7.324
-7.501
-7.839
-8.236
-8.619
-9.057
-9.558
-9.982
-10.178
-10.05
-9.656
-9.193
-8.789
-8.429
-8.12
-7.877
-7.746
-7.862
-8.086
-8.197
-8.297
-8.576
-8.993
-9.47
-9.923
-10.189
-10.248
-10.175
-9.985
-9.769
-9.531
-9.179
-8.719
-8.379
-8.313
-8.415
-8.637
-8.959
-9.354
-9.778
-10.256
-10.742
-10.978
-10.869
-10.649
-10.516
-10.318
-9.93
-9.524
-9.263
-9.044
-8.759
-8.517
-8.496
-8.678
-8.923
-9.263
-9.815
-10.416
-10.871
-11.201
-11.394
-11.495
-11.6
-11.622
-11.479
-11.186
-10.794
-10.356
-9.949
-9.715
-9.763
-10.026
-10.327
-10.599
-10.792
-10.869
-10.856
-10.652
-10.216
-9.683
-9.1
-8.458
-7.764
-7.092
-6.473
-5.839
-5.162
-4.618
-4.382
-4.339
-4.391
-4.582
-4.783
-4.809
-4.541
-3.969
-3.35
-2.962
-2.681
-2.238
-1.544
-0.658
0.272
1.086
1.73
2.232
2.392
2.145
1.712
1.379
1.358
1.624
1.939
2.225
2.485
2.792
3.293
3.982
4.731
5.473
6.176
6.591
6.543
6.206
5.782
5.342
4.912
4.396
3.735
3.121
2.751
2.642
2.712
2.878
3.15
3.541
3.894
4.01
3.912
3.801
3.686
3.363
2.712
1.9
1.211
0.832
0.596
0.284
-0.109
-0.532
-0.88
-1.081
-1.222
-1.258
-1.08
-0.952
-1.147
-1.583
-1.993
-2.252
-2.438
-2.597
-2.615
-2.449
-2.275
-2.25
-2.386
-2.549
-2.599
-2.652
-2.855
-3.211
-3.656
-4.062
-4.214
-4.023
-3.74
-3.559
-3.452
-3.314
-3.189
-3.23
-3.547
-4.057
-4.464
-4.727
-5.038
-5.405
-5.625
-5.631
-5.53
-5.412
-5.242
-5.001
-4.817
-4.754
-4.86
-5.226
-5.67
-5.965
-6.149
-6.246
-6.321
-6.539
-6.859
-7.177
-7.562
-7.963
-8.177
-8.136
-8.081
-8.211
-8.361
-8.354
-8.284
-8.322
-8.44
-8.61
-8.805
-8.914
-8.907
-8.873
-8.91
-9.021
-9.081
-9.005
-8.893
-8.844
-8.776
-8.567
-8.229
-7.864
-7.61
-7.548
-7.673
-7.884
-8.218
-8.615
-8.975
-9.304
-9.645
-9.882
-9.939
-9.745
-9.338
-8.91
-8.571
-8.372
-8.306
-8.344
-8.56
-9.016
-9.593
-10.107
-10.468
-10.604
-10.534
-10.193
-9.49
-8.571
-7.566
-6.58
-5.968
-5.709
-5.489
-5.512
-5.958
-6.473
-6.906
-7.535
-8.406
-9.4
-10.456
-11.45
-12.078
-12.035
-11.479
-10.81
-10.105
-9.186
-8.084
-6.958
-6.061
-5.566
-5.5
-5.85
-6.514
-7.34
-8.172
-8.918
-9.56
-10.234
-10.853
-11.13
-11.069
-10.769
-10.089
-8.959
-7.659
-6.51
-5.62
-5.024
-4.817
-5.135
-5.929
-6.995
-8.251
-9.647
-10.923
-11.943
-12.721
-13.21
-13.36
-13.165
-12.546
-11.565
-10.495
-9.272
-7.777
-6.287
-5.221
-4.645
-4.482
-4.87
-5.84
-7.074
-8.27
-9.447
-10.477
-11.191
-11.636
-11.758
-11.212
-9.98
-8.496
-7.177
-6.256
-5.723
-5.476
-5.457
-5.539
-5.747
-6.165
-6.77
-7.413
-8.016
-8.514
-8.828
-8.873
-8.519
-7.775
-6.809
-5.839
-5.008
-4.375
-3.899
-3.67
-3.811
-4.378
-5.316
-6.342
-7.208
-7.834
-8.27
-8.501
-8.596
-8.594
-8.395
-7.882
-7.204
-6.621
-6.161
-5.816
-5.786
-6.237
-7.002
-7.923
-9.009
-10.067
-10.72
-10.874
-10.792
-10.608
-10.216
-9.653
-9.063
-8.511
-8.22
-8.363
-8.723
-9.039
-9.354
-9.851
-10.475
-10.992
-11.405
-11.763
-12.017
-12.172
-12.209
-11.972
-11.407
-10.697
-10.041
-9.504
-9.254
-9.411
-9.801
-10.286
-10.944
-11.735
-12.348
-12.609
-12.646
-12.647
-12.598
-12.425
-12.266
-12.183
-11.969
-11.513
-11.08
-10.994
-11.171
-11.377
-11.62
-11.99
-12.498
-13.02
-13.421
-13.682
-13.829
-13.873
-13.807
-13.664
-13.517
-13.437
-13.437
-13.403
-13.299
-13.188
-13.04
-12.77
-12.507
-12.396
-12.353
-12.265
-12.242
-12.446
-12.876
-13.353
-13.723
-13.916
-13.888
-13.528
-12.879
-12.266
-11.946
-11.84
-11.717
-11.525
-11.284
-10.933
-10.465
-10.143
-10.295
-10.897
-11.554
-12.033
-12.317
-12.366
-12.078
-11.575
-11.266
-11.155
-10.887
-10.356
-9.887
-9.624
-9.526
-9.531
-9.515
-9.274
-8.816
-8.418
-8.233
-8.29
-8.519
-8.789
-9.041
-9.372
-9.778
-9.978
-9.846
-9.626
-9.499
-9.429
-9.345
-9.23
-9
-8.66
-8.263
-7.907
-7.694
-7.628
-7.596
-7.566
-7.64
-7.83
-8.093
-8.408
-8.73
-8.986
-9.068
-8.758
-8.148
-7.736
-7.705
-7.821
-7.939
-7.98
-7.963
-8.077
-8.365
-8.787
-9.318
-9.801
-10.041
-10.101
-10.093
-9.991
-9.626
-8.95
-8.225
-7.766
-7.51
-7.258
-7.229
-7.542
-8.011
-8.506
-8.968
-9.297
-9.374
-9.191
-8.962
-8.91
-8.914
-8.796
-8.635
-8.472
-8.209
-7.955
-7.986
-8.333
-8.735
-9.034
-9.408
-9.882
-10.293
-10.674
-11.023
-11.046
-10.774
-10.599
-10.468
-10.08
-9.511
-9.025
-8.728
-8.57
-8.433
-8.318
-8.365
-8.681
-9.254
-9.941
-10.647
-11.341
-11.931
-12.358
-12.745
-12.931
-12.621
-12.035
-11.49
-10.933
-10.39
-10.057
-9.889
-9.849
-9.946
-10.232
-10.779
-11.395
-11.706
-11.738
-11.813
-11.992
-12.113
-12.031
-11.724
-11.332
-10.949
-10.56
-10.182
-9.934
-9.934
-10.186
-10.534
-10.851
-11.266
-11.794
-12.319
-12.763
-13.074
-13.142
-12.999
-12.793
-12.575
-12.28
-11.851
-11.5
-11.423
-11.452
-11.432
-11.384
-11.416
-11.616
-11.926
-12.203
-12.428
-12.523
-12.321
-11.956
-11.693
-11.452
-11.003
-10.49
-10.214
-10.16
-10.067
-9.846
-9.651
-9.689
-10.016
-10.513
-11.026
-11.436
-11.711
-11.788
-11.62
-11.26
-10.797
-10.196
-9.429
-8.715
-8.211
-7.728
-7.204
-6.895
-7.009
-7.301
-7.519
-7.775
-8.154
-8.399
-8.458
-8.558
-8.655
-8.481
-7.98
-7.396
-7.052
-6.884
-6.569
-6.185
-6.029
-6.167
-6.491
-6.886
-7.222
-7.524
-7.87
-8.204
-8.365
-8.277
-8.043
-7.798
-7.546
-7.185
-6.766
-6.412
-6.067
-5.634
-5.226
-4.947
-4.838
-5.008
-5.516
-6.239
-6.986
-7.689
-8.297
-8.703
-8.835
-8.792
-8.642
-8.392
-8.097
-7.888
-7.792
-7.641
-7.442
-7.432
-7.644
-7.945
-8.302
-8.719
-9.186
-9.663
-9.91
-9.897
-9.819
-9.704
-9.367
-8.88
-8.506
-8.365
-8.324
-8.279
-8.233
-8.29
-8.465
-8.683
-8.982
-9.536
-10.207
-10.756
-11.039
-11.108
-11.186
-11.338
-11.307
-11.028
-10.647
-10.227
-9.697
-9.086
-8.658
-8.588
-8.81
-9.214
-9.815
-10.441
-10.822
-10.903
-10.76
-10.572
-10.49
-10.443
-10.22
-9.785
-9.173
-8.455
-7.712
-7.166
-7.036
-7.356
-7.907
-8.519
-9.13
-9.712
-10.248
-10.768
-11.375
-11.987
-12.324
-12.278
-11.917
-11.257
-10.316
-9.173
-8.163
-7.607
-7.236
-6.746
-6.501
-6.865
-7.528
-8.204
-8.978
-9.73
-10.186
-10.348
-10.377
-10.114
-9.356
-8.535
-8.036
-7.481
-6.632
-6.031
-5.877
-5.839
-5.943
-6.295
-6.684
-7.022
-7.435
-7.911
-8.315
-8.494
-8.474
-8.254
-7.666
-6.705
-5.72
-5.067
-4.76
-4.545
-4.309
-4.325
-4.7
-5.012
-5.069
-5.246
-5.716
-6.154
-6.239
-6.015
-5.713
-5.376
-4.856
-4.214
-3.745
-3.563
-3.534
-3.448
-3.32
-3.374
-3.726
-4.255
-4.845
-5.464
-6.058
-6.362
-6.301
-6.143
-5.883
-5.221
-4.291
-3.634
-3.332
-2.982
-2.533
-2.302
-2.459
-2.66
-2.69
-2.84
-3.286
-3.881
-4.455
-4.91
-5.21
-5.26
-4.949
-4.36
-3.853
-3.577
-3.327
-3.071
-2.996
-3.116
-3.307
-3.484
-3.74
-4.187
-4.59
-4.745
-4.7
-4.512
-4.219
-3.804
-3.391
-3.211
-3.3
-3.35
-3.146
-2.86
-2.804
-2.926
-2.971
-2.923
-2.894
-2.874
-2.776
-2.635
-2.572
-2.556
-2.49
-2.456
-2.536
-2.629
-2.622
-2.552
-2.5
-2.467
-2.372
-2.279
-2.361
-2.617
-2.828
-2.992
-3.248
-3.49
-3.484
-3.196
-2.742
-2.245
-1.858
-1.614
-1.408
-1.109
-0.791
-0.58
-0.519
-0.532
-0.639
-0.836
-1.025
-1.215
-1.403
-1.442
-1.325
-1.217
-1.22
-1.109
-0.694
-0.165
0.186
0.36
0.38
0.07
-0.562
-1.245
-1.699
-1.91
-2.007
-2.086
-2.191
-2.222
-2.07
-1.706
-1.191
-0.517
0.256
0.957
1.513
1.998
2.445
2.789
2.905
2.699
2.238
1.632
0.991
0.487
0.195
0.036
-0.02
0.113
0.398
0.646
0.721
0.702
0.746
0.828
0.759
0.419
-0.054
-0.417
-0.65
-0.946
-1.347
-1.542
-1.374
-0.947
-0.372
0.356
1.199
2.023
2.611
2.822
2.828
2.769
2.531
2.091
1.594
1.062
0.415
-0.306
-0.934
-1.41
-1.844
-2.207
-2.381
-2.426
-2.443
-2.37
-2.198
-2.021
-1.894
-1.862
-1.936
-2.018
-2.104
-2.216
-2.196
-1.93
-1.451
-0.884
-0.358
0.206
0.884
1.608
2.214
2.611
2.799
2.665
2.22
1.687
1.202
0.728
0.292
0.016
-0.036
0.12
0.421
0.869
1.51
2.293
2.915
3.273
3.495
3.629
3.622
3.452
3.211
2.974
2.765
2.506
2.277
2.273
2.552
2.996
3.629
4.455
5.364
6.213
6.868
7.349
7.703
7.736
7.279
6.61
5.938
5.144
4.193
3.337
2.706
2.302
1.989
1.796
1.934
2.413
3.041
3.811
4.7
5.435
5.868
6.043
5.94
5.587
5.01
4.119
3.033
2.077
1.469
1.254
1.399
1.914
2.799
3.84
4.688
5.244
5.579
5.72
5.65
5.271
4.509
3.418
2.048
0.61
-0.565
-1.272
-1.467
-1.168
-0.415
0.721
2.028
3.273
4.325
5.121
5.593
5.577
4.942
3.858
2.637
1.501
0.653
0.306
0.444
0.988
1.985
3.384
4.987
6.555
7.759
8.354
8.361
7.866
6.813
5.156
3.13
1.175
-0.501
-1.973
-3.114
-3.482
-2.874
-1.343
1.011
3.908
6.805
9.189
10.863
11.827
12.08
11.484
9.944
7.784
5.453
3.155
1.08
-0.347
-0.732
0.147
2.216
5.051
8.238
11.443
14.283
16.418
17.692
18.021
17.37
15.837
13.675
11.264
8.844
6.61
4.979
4.432
5.053
6.673
9.12
12.098
15.138
17.761
19.75
21.159
21.863
21.75
20.959
19.528
17.506
15.218
13.092
11.509
10.697
10.901
12.228
14.335
16.586
18.686
20.655
22.474
23.844
24.468
24.332
23.587
22.283
20.476
18.521
16.694
15.133
14.088
13.836
14.256
15.193
16.658
18.459
20.199
21.739
23.043
23.926
24.184
23.753
22.775
21.478
20.026
18.5
16.973
15.583
14.648
14.494
15.043
15.982
17.048
18.046
18.884
19.611
20.178
20.381
20.142
19.547
18.656
17.329
15.489
13.347
11.307
9.808
9.048
8.914
9.232
9.801
10.411
11.055
11.865
12.632
13.117
13.369
13.265
12.566
11.305
9.57
7.517
5.514
3.774
2.377
1.363
0.739
0.472
0.56
1.009
1.748
2.597
3.289
3.618
3.556
3.203
2.629
1.871
0.921
-0.224
-1.377
-2.315
-2.948
-3.266
-3.282
-3.034
-2.633
-2.161
-1.629
-1.088
-0.642
-0.299
-0.091
-0.086
-0.197
-0.401
-0.776
-1.15
-1.261
-1.163
-0.954
-0.628
-0.206
0.21
0.571
1.068
1.889
2.837
3.597
4.169
4.716
5.296
5.782
6.115
6.331
6.46
6.528
6.505
6.394
6.231
6.106
6.192
6.748
7.669
8.547
9.175
9.719
10.248
10.631
10.994
11.489
11.851
11.872
11.931
12.113
11.883
11.312
11.042
11.216
11.446
11.593
11.752
11.811
11.742
11.815
12.201
12.536
12.536
12.33
12.024
11.606
11.28
11.096
10.704
10.03
9.338
8.726
8.166
7.764
7.703
7.975
8.411
8.875
9.442
9.98
10.336
10.475
10.482
10.35
9.991
9.245
8.14
6.895
5.684
4.757
4.301
4.164
3.962
3.634
3.649
4.379
5.539
6.487
6.991
7.181
7.231
7.28
7.231
6.748
5.745
4.738
4.285
4.361
4.464
4.26
4.103
4.414
5.128
6.002
6.895
7.725
8.429
9.102
9.708
10.086
10.125
9.826
9.25
8.563
7.963
7.485
7.068
6.718
6.6
6.827
7.451
8.383
9.474
10.672
11.924
13.002
13.861
14.522
14.934
15.145
15.159
14.932
14.578
14.17
13.644
13.079
12.722
12.639
12.947
13.664
14.381
14.862
15.433
16.27
17.2
17.99
18.521
18.786
18.624
18.024
17.329
16.874
16.488
15.975
15.556
15.426
15.338
15.202
15.46
16.306
17.434
18.588
19.734
20.577
20.82
20.571
19.97
19.083
18.08
17.196
16.431
15.651
15.009
14.775
14.826
15.004
15.508
16.306
17.03
17.554
17.921
18.039
17.908
17.599
17.021
16.225
15.551
15.149
14.816
14.437
14.056
13.829
14.092
14.984
15.996
16.612
16.968
17.311
17.542
17.377
16.726
15.95
15.399
15.009
14.669
14.256
13.623
13.031
12.873
13.169
13.632
14.007
14.283
14.603
14.88
14.989
14.989
14.852
14.603
14.34
14.029
13.651
13.33
12.954
12.361
11.806
11.681
12.162
13.008
13.902
14.746
15.46
15.903
16.136
16.266
16.241
16.027
15.792
15.569
15.145
14.53
14.054
13.927
14.033
14.26
14.603
14.97
15.345
15.805
16.241
16.519
16.717
16.908
16.996
17.025
17.05
17.016
16.869
16.667
16.606
16.722
16.764
16.669
16.624
16.571
16.44
16.393
16.54
16.69
16.71
16.712
16.733
16.742
16.697
16.522
16.13
15.553
14.979
14.592
14.365
14.219
14.159
14.133
14.048
13.936
13.95
14.056
14.197
14.385
14.535
14.548
14.455
14.218
13.855
13.564
13.428
13.358
13.401
13.6
13.932
14.355
14.734
14.916
14.862
14.693
14.571
14.566
14.51
14.329
14.097
13.911
13.803
13.691
13.517
13.453
13.644
13.984
14.383
14.739
14.966
15.068
15.182
15.426
15.891
16.343
16.454
16.249
15.975
15.674
15.349
15.109
15.03
15.167
15.406
15.506
15.488
15.517
15.635
15.821
16.156
16.468
16.511
16.231
15.805
15.396
15.03
14.718
14.528
14.528
14.633
14.739
14.782
14.71
14.599
14.523
14.383
14.276
14.399
14.558
14.571
14.471
14.342
14.249
14.254
14.276
14.224
14.213
14.281
14.278
14.025
13.569
13.21
13.174
13.267
13.285
13.18
12.961
12.799
12.736
12.591
12.382
12.167
11.788
11.323
10.962
10.658
10.361
10.186
10.139
10.212
10.408
10.563
10.57
10.479
10.325
10.139
9.987
9.828
9.626
9.289
8.941
8.776
8.701
8.485
8.256
8.163
8.174
8.254
8.288
8.277
8.304
8.261
8.011
7.653
7.158
6.469
5.752
5.074
4.438
3.951
3.678
3.526
3.425
3.304
3.214
3.314
3.497
3.683
3.812
3.849
3.838
3.86
3.776
3.441
3.048
2.699
2.325
1.892
1.454
1.081
0.839
0.73
0.743
0.88
1.002
1.099
1.251
1.351
1.32
1.206
0.988
0.573
0.034
-0.449
-0.836
-1.204
-1.64
-2.143
-2.554
-2.81
-2.871
-2.763
-2.603
-2.415
-2.15
-1.807
-1.424
-1.073
-0.846
-0.684
-0.653
-0.839
-1.251
-1.801
-2.368
-2.917
-3.448
-3.964
-4.455
-4.858
-5.001
-4.822
-4.538
-4.361
-4.262
-4.144
-4.01
-3.894
-3.812
-3.842
-4.012
-4.327
-4.731
-5.198
-5.759
-6.31
-6.639
-6.775
-6.805
-6.602
-6.195
-5.804
-5.455
-5.024
-4.672
-4.613
-4.917
-5.484
-6.081
-6.6
-7.054
-7.406
-7.707
-8.02
-8.225
-8.132
-7.796
-7.421
-7.045
-6.555
-5.968
-5.461
-5.162
-5.012
-4.958
-4.96
-5.053
-5.262
-5.561
-5.947
-6.403
-6.784
-6.988
-7.061
-7.063
-7.011
-6.891
-6.682
-6.419
-6.246
-6.314
-6.564
-6.836
-7.056
-7.244
-7.501
-7.673
-7.61
-7.421
-7.244
-7.043
-6.818
-6.693
-6.8
-7.034
-7.362
-7.947
-8.737
-9.39
-9.769
-9.91
-9.871
-9.704
-9.336
-8.764
-8.091
-7.365
-6.669
-6.219
-6.002
-5.829
-5.816
-6.086
-6.51
-7.02
-7.592
-8.136
-8.715
-9.331
-9.915
-10.309
-10.312
-9.987
-9.583
-9.177
-8.71
-8.209
-7.64
-7.099
-6.78
-6.639
-6.501
-6.365
-6.339
-6.444
-6.639
-7.014
-7.619
-8.281
-8.73
-8.932
-9.005
-8.934
-8.563
-7.875
-7.19
-6.7
-6.239
-5.688
-5.242
-5.046
-5.051
-5.146
-5.332
-5.618
-5.886
-6.009
-6.146
-6.421
-6.641
-6.695
-6.673
-6.537
-6.087
-5.335
-4.456
-3.711
-3.314
-3.232
-3.268
-3.338
-3.386
-3.318
-3.209
-3.219
-3.359
-3.477
-3.427
-3.109
-2.536
-1.873
-1.245
-0.676
-0.256
-0.006
0.21
0.435
0.573
0.614
0.61
0.51
0.306
0.115
0.032
0.057
0.161
0.347
0.66
1.088
1.524
1.889
2.243
2.601
2.851
2.885
2.672
2.374
2.096
1.728
1.29
1.041
1.099
1.418
1.944
2.663
3.502
4.307
4.82
4.915
4.695
4.319
3.874
3.486
3.266
3.144
2.987
2.817
2.758
2.876
3.1
3.327
3.52
3.66
3.525
2.894
1.896
0.9
0.181
-0.256
-0.435
-0.376
-0.158
0.176
0.472
0.612
0.621
0.607
0.646
0.707
0.639
0.315
-0.265
-1.032
-1.74
-2.159
-2.374
-2.426
-2.145
-1.624
-1.206
-1.018
-0.988
-1.116
-1.42
-1.817
-2.332
-2.994
-3.713
-4.342
-4.777
-4.96
-4.951
-4.86
-4.76
-4.654
-4.464
-4.164
-3.881
-3.699
-3.608
-3.64
-3.756
-3.822
-3.76
-3.729
-3.845
-4.056
-4.303
-4.627
-5.015
-5.194
-5.044
-4.872
-4.922
-5.092
-5.348
-5.682
-5.899
-5.906
-5.824
-5.729
-5.641
-5.613
-5.702
-5.899
-6.038
-6.035
-5.968
-5.958
-6.102
-6.385
-6.636
-6.682
-6.602
-6.58
-6.628
-6.621
-6.566
-6.528
-6.435
-6.14
-5.725
-5.28
-4.879
-4.6
-4.55
-4.749
-5.031
-5.164
-5.183
-5.255
-5.476
-5.865
-6.385
-6.943
-7.376
-7.546
-7.367
-6.859
-6.14
-5.414
-4.892
-4.493
-4.012
-3.497
-3.146
-3.026
-3.121
-3.45
-3.946
-4.384
-4.627
-4.793
-5.005
-5.194
-5.344
-5.523
-5.691
-5.718
-5.6
-5.403
-5.208
-5.108
-5.112
-5.275
-5.598
-5.954
-6.249
-6.523
-6.764
-6.999
-7.303
-7.576
-7.735
-7.875
-7.963
-7.9
-7.744
-7.573
-7.367
-6.973
-6.465
-6.017
-5.734
-5.652
-5.868
-6.342
-6.839
-7.192
-7.481
-7.766
-7.962
-8.107
-8.285
-8.363
-8.218
-7.866
-7.319
-6.582
-5.802
-5.198
-4.834
-4.602
-4.432
-4.386
-4.527
-4.899
-5.536
-6.346
-7.174
-7.8
-8.081
-7.998
-7.569
-6.909
-6.296
-5.922
-5.607
-5.149
-4.507
-3.829
-3.334
-3.257
-3.67
-4.309
-4.831
-5.183
-5.441
-5.67
-5.931
-6.19
-6.346
-6.298
-5.983
-5.482
-5.026
-4.706
-4.53
-4.586
-4.847
-5.121
-5.29
-5.38
-5.573
-5.954
-6.439
-6.904
-7.283
-7.506
-7.469
-7.249
-7.068
-7.081
-7.222
-7.34
-7.392
-7.38
-7.256
-7.158
-7.403
-8.052
-8.889
-9.663
-10.189
-10.47
-10.629
-10.697
-10.663
-10.552
-10.389
-10.271
-10.214
-10.112
-10.06
-10.259
-10.715
-11.266
-11.856
-12.446
-12.827
-12.929
-12.886
-12.768
-12.543
-12.271
-11.972
-11.622
-11.335
-11.243
-11.239
-11.173
-11.225
-11.559
-12.02
-12.314
-12.435
-12.548
-12.761
-12.976
-13.065
-12.945
-12.621
-12.289
-12.09
-11.922
-11.74
-11.668
-11.677
-11.717
-11.861
-12.098
-12.339
-12.577
-12.802
-12.909
-12.781
-12.443
-12.062
-11.747
-11.518
-11.436
-11.477
-11.468
-11.335
-11.205
-11.062
-10.846
-10.72
-10.815
-11.001
-11.175
-11.355
-11.52
-11.57
-11.459
-11.296
-11.175
-10.969
-10.506
-9.869
-9.274
-8.893
-8.776
-8.792
-8.794
-8.823
-9.014
-9.347
-9.629
-9.689
-9.597
-9.508
-9.397
-9.207
-8.948
-8.542
-8
-7.548
-7.244
-7.04
-7.081
-7.46
-8.084
-8.796
-9.349
-9.586
-9.593
-9.452
-9.145
-8.671
-8.093
-7.56
-7.145
-6.809
-6.561
-6.448
-6.566
-7.011
-7.707
-8.454
-9.122
-9.767
-10.302
-10.559
-10.549
-10.438
-10.234
-9.882
-9.418
-8.955
-8.63
-8.485
-8.478
-8.542
-8.71
-9.055
-9.519
-10.021
-10.588
-11.273
-11.938
-12.348
-12.328
-11.822
-10.921
-9.776
-8.547
-7.399
-6.566
-6.242
-6.528
-7.465
-8.892
-10.438
-11.811
-12.856
-13.419
-13.394
-12.804
-11.845
-10.768
-9.871
-9.289
-8.867
-8.413
-8
-7.762
-7.678
-7.796
-8.222
-8.944
-9.944
-11.053
-11.913
-12.321
-12.343
-12.124
-11.738
-11.186
-10.547
-9.916
-9.256
-8.735
-8.567
-8.501
-8.274
-8.093
-8.222
-8.635
-9.218
-9.778
-10.148
-10.359
-10.465
-10.527
-10.579
-10.542
-10.312
-9.96
-9.542
-9.145
-8.955
-8.996
-9.197
-9.554
-9.987
-10.364
-10.679
-10.897
-10.956
-10.856
-10.663
-10.441
-10.119
-9.674
-9.227
-8.837
-8.326
-7.775
-7.421
-7.374
-7.617
-8.043
-8.588
-9.295
-10.093
-10.733
-11.116
-11.3
-11.371
-11.42
-11.384
-11.209
-10.958
-10.681
-10.3
-9.864
-9.506
-9.272
-9.093
-8.986
-9.057
-9.259
-9.601
-10.148
-10.794
-11.394
-11.868
-12.101
-11.967
-11.505
-10.808
-9.993
-9.238
-8.81
-8.689
-8.669
-8.758
-9.127
-9.678
-10.166
-10.619
-11.105
-11.527
-11.813
-12.01
-12.121
-12.087
-11.89
-11.541
-11.08
-10.52
-9.973
-9.633
-9.552
-9.671
-9.951
-10.423
-11.016
-11.552
-11.868
-11.99
-11.935
-11.706
-11.366
-10.962
-10.547
-10.184
-9.867
-9.54
-9.261
-9.098
-8.985
-8.855
-8.903
-9.241
-9.751
-10.273
-10.81
-11.28
-11.493
-11.511
-11.472
-11.216
-10.649
-9.989
-9.347
-8.759
-8.308
-8.052
-7.959
-7.986
-8.14
-8.476
-8.91
-9.233
-9.441
-9.536
-9.495
-9.32
-9.068
-8.669
-8.07
-7.394
-6.888
-6.75
-6.968
-7.376
-7.823
-8.202
-8.501
-8.748
-8.962
-9.021
-8.862
-8.606
-8.436
-8.32
-8.084
-7.664
-7.161
-6.661
-6.306
-6.203
-6.267
-6.313
-6.283
-6.28
-6.391
-6.576
-6.816
-7.174
-7.612
-7.968
-8.133
-8.111
-8.048
-8.073
-8.156
-8.14
-7.921
-7.506
-6.986
-6.446
-6.009
-5.899
-6.254
-7.025
-7.934
-8.664
-9.161
-9.513
-9.604
-9.431
-9.309
-9.382
-9.411
-9.211
-8.864
-8.46
-8.022
-7.605
-7.431
-7.644
-8.104
-8.592
-8.97
-9.408
-10.078
-10.905
-11.602
-11.956
-11.946
-11.686
-11.271
-10.86
-10.443
-9.887
-9.236
-8.66
-8.243
-8.025
-8.036
-8.236
-8.637
-9.284
-10.153
-11.062
-11.815
-12.321
-12.659
-12.791
-12.523
-11.854
-11.031
-10.302
-9.719
-9.268
-9.059
-9.182
-9.493
-9.833
-10.237
-10.715
-11.157
-11.534
-11.847
-12.08
-12.146
-11.949
-11.527
-10.933
-10.312
-9.83
-9.436
-8.996
-8.592
-8.365
-8.429
-8.758
-9.268
-9.83
-10.282
-10.459
-10.413
-10.304
-10.153
-9.915
-9.54
-9.109
-8.685
-8.204
-7.653
-7.091
-6.561
-6.206
-6.131
-6.221
-6.308
-6.367
-6.442
-6.528
-6.489
-6.287
-6.029
-5.684
-5.178
-4.572
-4.035
-3.652
-3.436
-3.368
-3.454
-3.636
-3.842
-4.03
-4.123
-4.098
-3.974
-3.778
-3.556
-3.391
-3.318
-3.261
-3.078
-2.711
-2.168
-1.594
-1.193
-1.032
-1.039
-1.091
-1.191
-1.345
-1.56
-1.871
-2.261
-2.637
-3.012
-3.402
-3.724
-3.83
-3.695
-3.422
-3.119
-2.776
-2.44
-2.193
-1.969
-1.764
-1.669
-1.748
-2.032
-2.574
-3.284
-3.878
-4.237
-4.432
-4.52
-4.418
-4.18
-3.951
-3.781
-3.606
-3.298
-2.86
-2.5
-2.318
-2.322
-2.533
-2.982
-3.606
-4.312
-5.076
-5.813
-6.383
-6.71
-6.865
-6.929
-6.862
-6.625
-6.224
-5.657
-4.947
-4.191
-3.538
-3.03
-2.706
-2.629
-2.783
-3.126
-3.561
-4.069
-4.605
-5.058
-5.355
-5.512
-5.489
-5.237
-4.827
-4.337
-3.826
-3.461
-3.386
-3.567
-3.86
-4.123
-4.321
-4.42
-4.379
-4.264
-4.144
-3.962
-3.745
-3.565
-3.359
-3.046
-2.611
-2.132
-1.805
-1.694
-1.612
-1.483
-1.345
-1.12
-0.762
-0.347
0.075
0.41
0.569
0.599
0.542
0.406
0.183
-0.081
-0.383
-0.732
-1.057
-1.186
-1.052
-0.773
-0.526
-0.374
-0.251
-0.115
0.054
0.284
0.528
0.746
0.98
1.215
1.388
1.442
1.421
1.503
1.744
1.969
2.064
2.109
2.057
1.869
1.678
1.637
1.678
1.669
1.614
1.485
1.22
0.916
0.719
0.587
0.472
0.367
0.213
-0.099
-0.498
-0.743
-0.717
-0.539
-0.408
-0.335
-0.265
-0.342
-0.63
-0.97
-1.199
-1.306
-1.315
-1.179
-0.959
-0.766
-0.653
-0.621
-0.587
-0.585
-0.776
-1.206
-1.669
-1.969
-2.123
-2.222
-2.302
-2.309
-2.207
-2.057
-1.855
-1.517
-1.068
-0.669
-0.455
-0.392
-0.338
-0.324
-0.415
-0.483
-0.442
-0.458
-0.532
-0.403
0.016
0.671
1.533
2.549
3.561
4.304
4.559
4.339
3.83
3.114
2.24
1.274
0.24
-0.696
-1.199
-1.295
-1.15
-0.607
0.369
1.392
2.243
3.116
4.11
4.827
5.149
5.512
5.806
5.398
4.325
3.144
2.01
0.857
-0.14
-0.728
-0.934
-0.88
-0.501
0.274
1.251
2.136
2.787
3.266
3.586
3.678
3.531
3.155
2.544
1.637
0.655
-0.091
-0.585
-0.854
-0.928
-0.873
-0.569
0.147
1.043
1.735
2.052
2.155
2.291
2.452
2.436
2.109
1.495
0.691
-0.124
-0.784
-1.251
-1.573
-1.794
-1.74
-1.156
-0.151
0.929
1.839
2.488
2.892
3.082
3.041
2.69
1.907
0.846
-0.038
-0.506
-0.576
-0.351
0.161
1.138
2.711
4.568
6.192
7.336
8.07
8.529
8.628
8.093
6.805
4.935
2.853
1.023
-0.344
-1.116
-1.102
-0.281
1.161
3.026
5.074
7.095
9.027
10.611
11.348
11.049
9.962
8.555
6.945
4.967
2.982
1.63
1.062
1.15
1.887
3.203
4.842
6.639
8.531
10.279
11.432
11.709
11.309
10.493
9.266
7.712
6.185
4.997
4.167
3.678
3.688
4.293
5.448
6.993
8.74
10.563
12.212
13.378
14.022
14.233
14.045
13.569
12.827
11.699
10.286
8.968
8.12
7.875
8.177
9.011
10.352
12.017
13.834
15.589
16.967
17.856
18.418
18.606
18.348
17.753
16.894
15.855
14.837
14.099
13.873
14.24
15
16.03
17.37
18.881
20.276
21.392
22.238
22.823
23.093
22.901
22.265
21.44
20.471
19.258
18.044
17.198
16.901
17.042
17.418
17.996
18.743
19.491
20.181
20.933
21.727
22.204
22.12
21.626
20.874
19.773
18.343
16.857
15.517
14.324
13.329
12.591
12.273
12.453
12.936
13.621
14.476
15.13
15.308
15.159
14.755
13.94
12.693
11.203
9.701
8.188
6.623
5.251
4.414
4.051
3.808
3.659
3.767
4.11
4.448
4.634
4.647
4.491
4.101
3.418
2.477
1.377
0.331
-0.589
-1.449
-2.232
-2.864
-3.454
-4.001
-4.237
-4.064
-3.719
-3.391
-3.067
-2.73
-2.49
-2.515
-2.708
-2.822
-2.964
-3.371
-3.815
-3.994
-3.881
-3.582
-3.175
-2.69
-2.181
-1.771
-1.497
-1.279
-1.08
-0.83
-0.508
-0.222
-0.106
-0.17
-0.287
-0.279
-0.047
0.344
0.871
1.442
1.959
2.422
2.848
3.18
3.441
3.674
3.874
3.971
3.933
3.94
4.149
4.534
5.144
5.935
6.654
7.251
7.832
8.331
8.615
8.73
8.828
8.946
8.918
8.606
8.107
7.628
7.295
7.122
7.027
7.036
7.315
7.762
8.166
8.563
9.048
9.454
9.689
9.869
10.034
10.096
10.008
9.781
9.39
8.907
8.447
8.079
7.775
7.537
7.383
7.324
7.481
7.918
8.408
8.73
8.918
9.102
9.218
9.168
9.034
8.818
8.395
7.918
7.678
7.612
7.506
7.435
7.576
7.868
8.188
8.563
8.998
9.422
9.869
10.318
10.586
10.629
10.563
10.443
10.261
10.132
10.153
10.216
10.15
10.052
10.193
10.649
11.203
11.829
12.607
13.326
13.888
14.385
14.862
15.285
15.646
15.912
16.112
16.256
16.306
16.27
16.138
16.02
16.123
16.367
16.64
17.03
17.461
17.783
18.071
18.389
18.604
18.758
18.917
19.001
18.954
18.836
18.713
18.709
18.863
19.026
19.117
19.149
19.171
19.23
19.319
19.332
19.282
19.201
19.092
18.921
18.673
18.343
17.903
17.429
17.032
16.71
16.359
16.071
15.921
15.839
15.812
15.849
15.852
15.805
15.798
15.907
16.041
16.03
15.735
15.211
14.587
14.02
13.63
13.428
13.412
13.525
13.575
13.523
13.68
14.086
14.417
14.621
14.916
15.254
15.331
15.068
14.739
14.53
14.292
14.029
13.899
13.847
13.711
13.557
13.535
13.752
14.226
14.882
15.374
15.488
15.47
15.47
15.408
15.306
15.195
15.093
14.981
14.739
14.419
14.151
13.909
13.78
13.886
14.14
14.433
14.775
15.149
15.547
15.844
15.916
15.919
16.02
16.043
15.775
15.318
14.889
14.566
14.317
14.165
14.201
14.426
14.766
15.202
15.703
16.238
16.851
17.459
17.746
17.761
17.846
18.094
18.246
18.146
17.805
17.427
17.23
17.243
17.405
17.45
17.257
17.164
17.42
17.781
18.083
18.375
18.604
18.804
19.062
19.38
19.788
20.276
20.757
21.281
21.711
21.834
21.696
21.412
21.004
20.539
20.101
19.577
19.024
18.573
18.316
18.429
18.954
19.722
20.459
20.911
21.09
21.215
21.285
21.29
21.43
21.66
21.737
21.469
20.703
19.568
18.486
17.651
17.098
16.919
17.023
17.264
17.602
17.998
18.452
18.815
18.899
18.802
18.491
17.72
16.844
16.175
15.506
14.821
14.385
14.349
14.766
15.401
15.864
16.175
16.506
16.787
16.875
16.663
16.127
15.578
15.149
14.752
14.458
14.313
14.344
14.7
15.483
16.419
17.016
17.086
16.878
16.694
16.545
16.29
16.032
16.041
16.143
15.957
15.608
15.435
15.447
15.548
15.826
16.311
16.921
17.576
18.146
18.506
18.679
18.804
18.958
18.98
18.704
18.202
17.622
17.025
16.431
15.823
15.172
14.659
14.444
14.519
14.721
14.959
15.231
15.485
15.583
15.504
15.37
15.274
15.22
15.122
14.87
14.574
14.435
14.519
14.75
15.018
15.252
15.61
15.986
15.869
15.279
14.555
13.832
13.237
12.747
12.128
11.398
10.82
10.397
10.171
10.168
10.255
10.402
10.502
10.472
10.47
10.413
10.064
9.669
9.467
9.297
9.1
8.95
8.774
8.496
8.036
7.453
7.014
6.625
6.176
5.895
5.804
5.768
5.783
5.706
5.448
5.212
4.983
4.608
4.078
3.456
2.812
2.209
1.581
1.106
0.998
0.923
0.707
0.621
0.694
0.784
1.05
1.451
1.805
2.145
2.363
2.397
2.354
2.048
1.367
0.658
0.132
-0.347
-0.98
-1.803
-2.366
-2.42
-2.252
-2.005
-1.576
-1.138
-0.825
-0.46
-0.057
0.367
0.721
0.769
0.56
0.204
-0.376
-1.102
-1.812
-2.377
-2.724
-2.951
-3.216
-3.402
-3.389
-3.284
-2.998
-2.322
-1.336
-0.447
0.054
0.217
0.147
-0.081
-0.415
-0.864
-1.542
-2.485
-3.511
-4.36
-4.992
-5.489
-5.883
-6.149
-6.195
-6.015
-5.684
-5.291
-4.881
-4.412
-3.883
-3.359
-3.048
-3.103
-3.52
-4.137
-4.757
-5.409
-6.167
-6.973
-7.655
-8.07
-8.084
-7.653
-7.022
-6.514
-6.244
-6.031
-5.687
-5.226
-4.722
-4.309
-4.18
-4.348
-4.729
-5.396
-6.314
-7.247
-7.916
-8.22
-8.274
-8.267
-8.163
-7.825
-7.184
-6.301
-5.294
-4.466
-4.069
-4.053
-4.232
-4.538
-4.872
-5.264
-5.783
-6.317
-6.782
-7.197
-7.524
-7.733
-7.78
-7.576
-7.288
-7.097
-6.936
-6.748
-6.537
-6.346
-6.274
-6.424
-6.829
-7.526
-8.455
-9.408
-10.062
-10.291
-10.297
-10.234
-10.032
-9.647
-9.078
-8.408
-7.658
-6.934
-6.432
-6.29
-6.437
-6.73
-7.106
-7.632
-8.227
-8.703
-9.052
-9.379
-9.717
-9.996
-10.098
-9.98
-9.665
-9.141
-8.499
-7.905
-7.399
-7.052
-6.952
-7.106
-7.51
-8.097
-8.805
-9.542
-10.098
-10.32
-10.256
-10.06
-9.722
-9.202
-8.585
-8.014
-7.507
-7.099
-6.898
-6.975
-7.204
-7.426
-7.836
-8.451
-9.059
-9.588
-10.046
-10.284
-10.293
-10.219
-9.903
-9.214
-8.354
-7.648
-7.315
-7.451
-8.045
-8.699
-9.159
-9.645
-10.148
-10.493
-10.531
-10.297
-9.764
-9.039
-8.351
-7.748
-6.981
-6.006
-5.185
-4.686
-4.434
-4.42
-4.568
-4.679
-4.822
-5.015
-5.026
-4.845
-4.456
-3.76
-2.815
-1.871
-1.059
-0.383
0.31
1.075
1.647
1.869
1.835
1.585
1.272
1.193
1.288
1.365
1.519
1.889
2.447
3.08
3.758
4.584
5.494
6.28
6.943
7.358
7.279
6.827
6.355
5.997
5.795
5.691
5.591
5.494
5.423
5.33
5.221
5.115
5.026
5.015
5.126
5.403
5.752
5.802
5.384
4.747
4.221
3.812
3.341
2.711
2.166
1.925
1.928
1.934
1.835
1.725
1.769
2.055
2.422
2.588
2.225
1.345
0.365
-0.395
-0.97
-1.472
-1.662
-1.274
-0.547
-0.043
0.113
0.068
-0.156
-0.467
-0.625
-0.607
-0.63
-0.8
-1.163
-1.841
-2.748
-3.438
-3.663
-3.583
-3.402
-3.182
-2.964
-2.715
-2.389
-2.163
-2.073
-1.907
-1.671
-1.667
-2.129
-2.907
-3.642
-4.19
-4.593
-4.956
-5.362
-5.679
-5.795
-5.725
-5.587
-5.439
-5.344
-5.253
-5.092
-4.945
-4.929
-4.999
-5.108
-5.366
-5.847
-6.401
-6.854
-7.172
-7.403
-7.537
-7.494
-7.336
-7.154
-6.97
-6.689
-6.183
-5.525
-4.94
-4.559
-4.407
-4.538
-4.935
-5.527
-6.262
-7.068
-7.818
-8.508
-9.157
-9.769
-10.204
-10.214
-9.704
-8.803
-7.793
-6.847
-6.058
-5.421
-4.958
-4.716
-4.711
-4.899
-5.255
-5.82
-6.587
-7.512
-8.411
-9.044
-9.366
-9.349
-9.021
-8.522
-8.004
-7.473
-6.918
-6.36
-5.854
-5.427
-5.226
-5.378
-5.791
-6.319
-6.854
-7.215
-7.324
-7.414
-7.698
-8.022
-8.22
-8.313
-8.261
-7.925
-7.38
-6.854
-6.507
-6.256
-6.017
-5.877
-5.979
-6.26
-6.566
-7.058
-7.828
-8.555
-8.871
-8.841
-8.839
-8.998
-9.125
-9.148
-9.173
-9.08
-8.774
-8.388
-8.059
-7.723
-7.365
-7.084
-6.934
-6.934
-7.032
-7.208
-7.56
-8.181
-8.911
-9.549
-9.946
-10.078
-10.116
-10.191
-10.241
-10.125
-9.771
-9.272
-8.8
-8.379
-7.975
-7.621
-7.303
-7.056
-7.022
-7.256
-7.532
-7.637
-7.605
-7.612
-7.78
-8.014
-8.039
-7.744
-7.267
-6.782
-6.328
-5.968
-5.723
-5.555
-5.443
-5.398
-5.29
-5.112
-4.987
-5.076
-5.407
-5.761
-5.886
-5.695
-5.244
-4.783
-4.597
-4.634
-4.668
-4.679
-4.686
-4.6
-4.382
-4.164
-4.123
-4.378
-4.874
-5.416
-5.931
-6.446
-6.823
-6.832
-6.769
-7.004
-7.383
-7.619
-7.666
-7.689
-7.836
-8.186
-8.61
-8.867
-8.857
-8.707
-8.565
-8.458
-8.54
-8.941
-9.537
-10.166
-10.846
-11.541
-12.078
-12.409
-12.58
-12.541
-12.266
-11.886
-11.534
-11.287
-11.219
-11.338
-11.554
-11.854
-12.172
-12.335
-12.33
-12.398
-12.704
-13.138
-13.487
-13.618
-13.412
-12.931
-12.455
-12.173
-12.058
-12.008
-11.938
-11.833
-11.797
-11.892
-12.106
-12.366
-12.57
-12.732
-12.913
-13.004
-12.951
-12.981
-13.169
-13.33
-13.383
-13.396
-13.31
-13.12
-12.902
-12.777
-12.743
-12.657
-12.473
-12.253
-11.983
-11.695
-11.568
-11.731
-12.131
-12.627
-13.117
-13.5
-13.723
-13.855
-13.938
-13.866
-13.677
-13.448
-13.095
-12.605
-12.187
-11.99
-11.847
-11.616
-11.464
-11.529
-11.634
-11.622
-11.557
-11.489
-11.394
-11.359
-11.452
-11.5
-11.382
-11.114
-10.81
-10.472
-10.089
-9.715
-9.415
-9.284
-9.363
-9.529
-9.522
-9.279
-9.005
-8.91
-8.968
-9.041
-9.08
-9.093
-8.973
-8.612
-8.172
-7.921
-7.882
-7.887
-7.896
-7.968
-8.029
-7.939
-7.78
-7.83
-8.177
-8.678
-9.13
-9.4
-9.456
-9.282
-9.018
-8.796
-8.619
-8.47
-8.44
-8.588
-8.81
-9.023
-9.177
-9.238
-9.274
-9.39
-9.554
-9.608
-9.472
-9.137
-8.774
-8.581
-8.535
-8.549
-8.694
-9.048
-9.479
-9.849
-10.16
-10.454
-10.676
-10.781
-10.771
-10.717
-10.588
-10.282
-9.819
-9.315
-8.862
-8.578
-8.494
-8.474
-8.544
-8.889
-9.418
-9.841
-10.071
-10.238
-10.443
-10.672
-10.779
-10.711
-10.459
-10.052
-9.671
-9.37
-9.018
-8.646
-8.455
-8.496
-8.699
-9.039
-9.499
-9.996
-10.375
-10.536
-10.568
-10.64
-10.897
-11.268
-11.468
-11.423
-11.377
-11.43
-11.432
-11.268
-10.978
-10.706
-10.57
-10.49
-10.361
-10.216
-10.075
-9.93
-9.828
-9.808
-9.885
-10.01
-10.091
-10.202
-10.4
-10.504
-10.443
-10.3
-10.116
-9.98
-10.073
-10.266
-10.336
-10.343
-10.423
-10.642
-10.967
-11.183
-11.183
-11.142
-11.186
-11.338
-11.384
-11.126
-10.722
-10.502
-10.482
-10.538
-10.663
-10.801
-10.938
-11.021
-10.983
-10.853
-10.706
-10.604
-10.541
-10.429
-10.25
-10.225
-10.42
-10.699
-11.064
-11.523
-11.915
-12.172
-12.376
-12.639
-12.961
-13.201
-13.269
-13.219
-13.09
-12.969
-12.865
-12.634
-12.242
-11.813
-11.416
-11.01
-10.606
-10.289
-10.153
-10.182
-10.253
-10.334
-10.522
-10.753
-10.976
-11.325
-11.761
-12.054
-12.137
-12.015
-11.695
-11.237
-10.771
-10.49
-10.443
-10.454
-10.384
-10.325
-10.4
-10.568
-10.815
-11.083
-11.275
-11.319
-11.123
-10.693
-10.186
-9.66
-9.161
-8.774
-8.451
-8.138
-7.896
-7.694
-7.569
-7.707
-8.07
-8.47
-8.728
-8.737
-8.571
-8.422
-8.27
-7.939
-7.521
-7.213
-7.061
-7.017
-6.958
-6.839
-6.757
-6.85
-7.125
-7.501
-7.852
-8.093
-8.218
-8.256
-8.233
-8.052
-7.671
-7.154
-6.602
-6.151
-5.834
-5.505
-5.146
-4.965
-5.112
-5.548
-6.14
-6.75
-7.261
-7.712
-8.152
-8.615
-9.063
-9.313
-9.195
-8.857
-8.46
-7.968
-7.369
-6.791
-6.428
-6.319
-6.376
-6.541
-6.845
-7.283
-7.696
-8.027
-8.436
-8.914
-9.266
-9.266
-8.88
-8.374
-8.007
-7.762
-7.594
-7.481
-7.478
-7.714
-8.152
-8.651
-9.277
-10.178
-11.186
-11.963
-12.437
-12.613
-12.382
-11.722
-10.824
-9.937
-9.309
-9.109
-9.304
-9.71
-10.164
-10.629
-11.023
-11.302
-11.602
-11.946
-12.28
-12.51
-12.512
-12.187
-11.672
-11.175
-10.763
-10.447
-10.291
-10.316
-10.522
-10.92
-11.502
-12.187
-12.82
-13.399
-13.929
-14.192
-14.031
-13.636
-13.16
-12.639
-12.09
-11.5
-10.939
-10.545
-10.377
-10.307
-10.264
-10.193
-10.055
-9.991
-10.05
-9.982
-9.751
-9.536
-9.341
-9.141
-9.048
-8.932
-8.664
-8.385
-8.249
-8.29
-8.442
-8.442
-8.133
-7.787
-7.687
-7.751
-7.796
-7.773
-7.753
-7.766
-7.689
-7.39
-6.97
-6.496
-5.886
-5.21
-4.706
-4.468
-4.293
-3.969
-3.67
-3.626
-3.778
-3.942
-4.001
-3.958
-3.887
-3.79
-3.582
-3.298
-2.998
-2.706
-2.467
-2.408
-2.599
-2.928
-3.209
-3.431
-3.67
-3.817
-3.799
-3.737
-3.699
-3.645
-3.488
-3.219
-2.962
-2.76
-2.492
-2.103
-1.766
-1.692
-1.764
-1.753
-1.685
-1.742
-1.959
-2.238
-2.456
-2.603
-2.747
-2.956
-3.189
-3.374
-3.443
-3.32
-3.141
-3.075
-3.082
-3.064
-2.971
-2.885
-2.992
-3.377
-3.912
-4.502
-5.061
-5.427
-5.595
-5.718
-5.782
-5.65
-5.19
-4.55
-4.098
-3.949
-3.881
-3.735
-3.554
-3.411
-3.261
-3.17
-3.182
-3.243
-3.291
-3.454
-3.905
-4.525
-4.997
-5.164
-5.124
-5.026
-4.933
-4.858
-4.842
-4.881
-4.906
-4.817
-4.525
-4.157
-3.987
-4.074
-4.187
-4.223
-4.244
-4.216
-4.092
-3.905
-3.752
-3.556
-3.234
-2.794
-2.268
-1.635
-0.98
-0.506
-0.369
-0.508
-0.798
-1.168
-1.49
-1.701
-1.844
-1.982
-2.168
-2.32
-2.35
-2.229
-1.928
-1.483
-0.95
-0.367
0.097
0.263
0.254
0.222
0.151
0.027
-0.104
-0.204
-0.224
-0.095
0.188
0.531
0.862
1.195
1.59
2.186
2.921
3.547
3.953
4.19
4.205
3.962
3.538
3.075
2.631
2.157
1.606
0.962
0.285
-0.269
-0.599
-0.721
-0.635
-0.328
0.122
0.61
1.032
1.256
1.429
1.814
2.304
2.574
2.608
2.447
1.993
1.392
0.97
0.814
0.684
0.383
-0.016
-0.292
-0.455
-0.63
-0.764
-0.814
-0.91
-1.106
-1.272
-1.336
-1.42
-1.621
-1.862
-2.048
-2.261
-2.665
-3.227
-3.708
-3.842
-3.508
-2.892
-2.243
-1.624
-1.025
-0.472
0.132
0.873
1.642
2.15
2.237
2.021
1.699
1.333
1.009
0.787
0.617
0.365
0.043
-0.106
0.07
0.449
0.873
1.372
1.88
2.225
2.411
2.597
2.748
2.767
2.742
2.667
2.454
2.166
1.948
1.884
1.955
2.111
2.386
2.763
3.225
3.715
4.139
4.564
5.076
5.509
5.718
5.688
5.353
4.84
4.495
4.339
4.128
3.774
3.337
2.939
2.751
2.735
2.776
2.842
2.815
2.672
2.559
2.526
2.556
2.685
2.921
3.128
3.239
3.345
3.463
3.466
3.448
3.583
3.631
3.422
3.164
3.111
3.241
3.384
3.436
3.436
3.314
2.907
2.386
1.93
1.481
1.154
1.168
1.377
1.542
1.685
1.877
2.209
2.681
3.175
3.608
3.778
3.622
3.211
2.588
1.812
1.134
0.648
0.367
0.506
1.14
2.157
3.511
5.074
6.537
7.637
8.192
8.055
7.249
6.01
4.597
3.057
1.377
-0.235
-1.356
-1.681
-1.043
0.338
2.103
4.096
6.197
8.209
9.892
10.92
11.091
10.622
9.594
7.875
5.679
3.545
1.934
1.134
1.238
2.148
3.659
5.682
8.109
10.663
12.99
15.009
16.558
17.139
16.458
14.827
12.727
10.536
8.583
7.04
6.022
5.829
6.682
8.32
10.323
12.605
15.186
17.683
19.498
20.433
20.67
20.376
19.645
18.513
16.932
15.113
13.514
12.421
11.922
12.085
12.976
14.43
16.177
18.094
20.006
21.651
22.83
23.447
23.483
22.941
21.778
20.167
18.482
16.994
15.882
15.295
15.3
15.837
16.794
17.98
19.305
20.75
22.277
23.728
24.663
24.769
24.102
22.886
21.306
19.562
17.946
16.681
15.778
15.097
14.73
14.909
15.637
16.608
17.563
18.513
19.436
20.078
20.19
19.722
18.804
17.658
16.365
14.996
13.621
12.285
11.116
10.375
10.171
10.325
10.588
10.846
11.162
11.609
11.985
12.003
11.604
10.86
9.805
8.519
7.145
5.743
4.396
3.191
2.155
1.372
0.959
0.841
0.893
1.08
1.297
1.336
1.081
0.596
0.004
-0.644
-1.354
-1.989
-2.524
-3.087
-3.699
-4.178
-4.453
-4.505
-4.173
-3.502
-2.753
-2.039
-1.329
-0.764
-0.492
-0.51
-0.73
-0.995
-1.263
-1.521
-1.755
-2.116
-2.644
-2.969
-2.751
-2.107
-1.308
-0.454
0.514
1.642
2.807
3.922
4.942
5.768
6.331
6.673
6.882
7.002
6.927
6.718
6.687
6.918
7.179
7.279
7.274
7.46
8.059
8.596
8.778
9.197
10.012
10.364
10.291
10.679
11.275
11.468
11.604
11.958
11.992
11.487
11.062
11.098
11.103
10.899
10.985
11.13
10.901
10.771
11.005
11.153
11.18
11.405
11.717
11.908
11.887
11.672
11.271
10.676
10.132
9.686
9.062
8.267
7.583
7.02
6.589
6.378
6.466
7.077
7.981
8.666
9.204
9.733
10.105
10.479
10.765
10.663
10.297
9.706
8.696
7.635
6.693
5.466
4.248
3.523
3.221
3.263
3.574
4.078
4.992
6.224
7.204
7.914
8.607
9.266
9.841
10.103
9.828
9.388
8.968
8.295
7.703
7.548
7.607
7.81
8.315
9.109
10.193
11.33
12.167
12.873
13.612
14.208
14.469
14.211
13.392
12.546
12.065
11.822
11.683
11.654
11.865
12.343
12.961
13.909
15.208
16.442
17.604
18.768
19.477
19.661
19.582
19.069
18.228
17.545
16.983
16.264
15.504
15.102
15.313
15.823
16.267
16.919
17.919
18.795
19.373
19.851
20.133
20.133
20.044
19.793
19.09
17.928
16.717
15.816
15.224
14.875
14.937
15.449
16.123
16.844
17.753
18.547
18.863
19.024
19.219
19.099
18.452
17.441
16.316
15.406
14.916
14.692
14.61
14.682
14.93
15.285
15.751
16.397
16.985
17.241
17.318
17.291
16.855
15.973
15.011
14.333
14.048
13.981
13.961
13.992
14.072
14.231
14.746
15.476
15.968
16.318
16.878
17.402
17.52
17.246
16.656
15.898
15.208
14.655
14.181
13.793
13.496
13.403
13.709
14.333
15.014
15.56
16.016
16.506
16.994
17.261
17.2
16.937
16.701
16.486
16.055
15.53
15.102
14.78
14.662
14.889
15.279
15.717
16.336
17.064
17.751
18.413
18.978
19.23
19.255
19.155
18.938
18.58
18.098
17.665
17.416
17.143
16.831
16.76
16.844
16.867
17.057
17.699
18.595
19.312
19.636
19.718
19.643
19.312
18.786
18.294
17.86
17.327
16.722
16.227
16.012
16.112
16.497
17.073
17.699
18.269
18.729
18.962
18.915
18.756
18.622
18.407
17.967
17.325
16.617
16.004
15.61
15.458
15.406
15.333
15.342
15.47
15.63
15.658
15.53
15.261
14.805
14.344
14.185
14.258
14.333
14.367
14.388
14.447
14.566
14.546
14.444
14.526
14.741
14.939
15.148
15.202
14.939
14.603
14.317
14.151
14.337
14.698
14.85
14.844
14.85
14.909
14.981
15.066
15.182
15.358
15.47
15.44
15.411
15.519
15.76
16.159
16.674
17.179
17.558
17.74
17.761
17.72
17.733
17.887
18.078
18.128
18.03
17.965
18.012
18.028
17.838
17.583
17.468
17.423
17.279
17.139
17.119
17.107
17.048
17.05
17.086
17.032
16.919
16.731
16.538
16.438
16.395
16.365
16.416
16.465
16.377
16.112
15.676
15.204
14.961
14.921
14.878
14.805
14.773
14.811
14.832
14.782
14.674
14.542
14.41
14.249
13.981
13.6
13.126
12.591
12.117
11.85
11.727
11.579
11.425
11.361
11.371
11.423
11.575
11.802
11.926
11.933
11.851
11.604
11.073
10.395
9.812
9.388
9.03
8.705
8.454
8.24
8.096
8.07
8.075
8.029
7.939
7.893
7.977
8.154
8.17
7.87
7.347
6.734
6.228
5.929
5.684
5.398
5.09
4.605
3.942
3.282
2.765
2.447
2.291
2.248
2.386
2.722
2.992
3.157
3.391
3.64
3.83
3.949
3.881
3.552
3.152
2.781
2.445
2.286
2.3
2.243
1.971
1.569
1.225
1.043
1.027
1.062
1.047
1
0.946
0.832
0.542
0.113
-0.331
-0.71
-1.009
-1.381
-1.851
-2.252
-2.549
-2.717
-2.629
-2.288
-1.959
-1.721
-1.429
-0.977
-0.447
-0.086
-0.032
-0.179
-0.435
-0.794
-1.313
-1.971
-2.633
-3.296
-4.023
-4.701
-5.196
-5.543
-5.711
-5.677
-5.455
-5.083
-4.786
-4.675
-4.631
-4.572
-4.57
-4.67
-4.958
-5.441
-5.938
-6.242
-6.332
-6.269
-6.144
-6.051
-6.009
-6.029
-6.162
-6.355
-6.412
-6.295
-6.12
-5.997
-6.01
-6.169
-6.398
-6.659
-6.925
-7.224
-7.619
-8.114
-8.56
-8.823
-8.905
-8.782
-8.401
-7.816
-7.19
-6.607
-6.051
-5.512
-5.126
-5.035
-5.135
-5.435
-6.09
-6.975
-7.803
-8.585
-9.347
-9.901
-10.168
-10.382
-10.565
-10.32
-9.588
-8.701
-7.784
-6.775
-5.795
-5.024
-4.588
-4.554
-4.981
-5.931
-7.258
-8.57
-9.689
-10.579
-11.196
-11.55
-11.613
-11.287
-10.636
-9.815
-8.903
-8.048
-7.342
-6.698
-6.12
-5.793
-5.793
-6.081
-6.623
-7.326
-8.168
-9.084
-9.944
-10.518
-10.665
-10.364
-9.717
-8.844
-7.903
-7.058
-6.446
-6.167
-6.144
-6.254
-6.424
-6.6
-6.777
-7.091
-7.658
-8.292
-8.733
-8.998
-9.182
-9.209
-9.084
-8.934
-8.601
-7.888
-7.063
-6.45
-6.094
-6.069
-6.46
-7.014
-7.458
-7.803
-8.148
-8.503
-8.669
-8.596
-8.547
-8.655
-8.726
-8.592
-8.347
-8.099
-7.852
-7.596
-7.272
-6.832
-6.446
-6.313
-6.421
-6.628
-6.787
-6.865
-6.854
-6.798
-6.695
-6.501
-6.308
-6.074
-5.63
-5.053
-4.425
-3.665
-2.874
-2.238
-1.744
-1.313
-0.993
-0.828
-0.773
-0.802
-0.882
-1.043
-1.306
-1.488
-1.377
-1.047
-0.764
-0.576
-0.322
0.12
0.714
1.327
1.889
2.37
2.747
2.989
3.082
2.982
2.67
2.268
1.88
1.519
1.236
1.125
1.277
1.699
2.207
2.676
3.168
3.6
3.783
3.822
3.96
4.212
4.332
4.193
3.93
3.706
3.513
3.25
2.853
2.302
1.673
1.202
0.991
0.923
0.848
0.702
0.501
0.276
0.034
-0.222
-0.535
-0.776
-0.832
-0.787
-0.776
-0.866
-1.106
-1.469
-1.873
-2.252
-2.526
-2.665
-2.751
-2.878
-2.957
-2.869
-2.672
-2.615
-2.685
-2.755
-2.835
-2.944
-3.03
-3.132
-3.33
-3.534
-3.724
