RPM,A_mean,A_std,A_rms,A_min,A_max,A_peak,A_skewness,A_kurtosis,A_crest_factor,A_dominant_freq,A_spectral_centroid,A_spectral_entropy,H_mean,H_std,H_rms,H_min,H_max,H_peak,H_skewness,H_kurtosis,H_crest_factor,H_dominant_freq,H_spectral_centroid,H_spectral_entropy,V_mean,V_std,V_rms,V_min,V_max,V_peak,V_skewness,V_kurtosis,V_crest_factor,V_dominant_freq,V_spectral_centroid,V_spectral_entropy,Flow Rate
100,0.009657443201085114,0.0928610613800237,0.09336189227841685,-0.404,0.343,0.404,0.020957872126703758,0.032325017906703835,4.327247339794929,31.25127161749745,2804.630752231239,7.947789928549424,0.005666666666666667,0.15430881840940214,0.15441283155883437,-0.587,0.529,0.587,-0.03831110460732945,-0.20996533558649055,3.801497544433937,19.097999321804,2658.4034524041003,7.8635569724339875,0.007723363852153272,0.09067809302605849,0.09100641133478052,-0.397,0.363,0.397,-0.08635354305037121,0.7008057659759332,4.362330018042101,72.91963377416073,2960.040070521711,8.0598917251742,3.39
100,0.007561614106476772,0.07927704629600597,0.07963685125188177,-0.295,0.304,0.304,0.03454009091002076,0.0015437846516701548,3.8173282245738798,20.834181078331635,2850.823591186668,8.056326476814617,0.005386232621227534,0.08914784067946306,0.08931040812615797,-0.386,0.408,0.408,0.13524554608748562,0.6032173197476824,4.568336530538164,19.097999321804,3087.6692912349627,8.112969756041833,0.007322889114954221,0.10519665374736101,0.10545122410210361,-0.472,0.445,0.472,0.005053829698884882,0.690456610279067,4.476003043293114,22.57036283485927,2700.451157654137,7.9890618393194845,3.39
1000,-0.03600834181078333,4.550838133903292,4.550980589023465,-10.545,11.022,11.022,0.20415313803208385,-0.7483327573010623,2.4218956298306398,19.097999321804,843.7567458474524,6.3012414978357745,-0.15563228212953553,7.202694971417814,7.2043761880213,-14.356,15.347,15.347,-0.009331684416583216,-0.8894894346127531,2.130233013861411,19.097999321804,500.5663591130687,5.343768667504192,0.02184089521871823,2.690358759921524,2.690447412939052,-6.889,6.12,6.889,-0.065481228568147,-0.9461491770121739,2.560540662073167,19.097999321804,1075.3888368735286,6.510000687339184,17.37
1000,0.13790417090539167,4.4374788555891564,4.4396211723697725,-11.001,11.394,11.394,0.16250085813836448,-0.6494091753169586,2.5664351884145407,26.042726347914545,746.688625513053,6.38739497305818,-0.18750328925059342,7.168559790875271,7.1710115715171945,-13.564,14.202,14.202,0.026563400794710854,-1.0610865092965667,1.980473725130977,19.097999321804,780.4842978928192,5.620266758228943,0.045002916242794205,2.475498679368409,2.4759077070894815,-8.422,5.766,8.422,-0.16632139173733154,-0.5036333545096134,3.401580751933748,19.097999321804,922.599217282306,6.433640539644401,17.37
1025,0.030179925398440253,4.057775962895155,4.057888193746441,-9.595,12.104,12.104,0.16737333895358542,-0.5519036007060061,2.9828323063837283,20.834181078331635,1139.1267607385503,6.645817925419288,0.11376751441166492,5.358146038094736,5.3593536935796395,-14.869,9.121,14.869,-0.5729400278387008,-0.6149633213159915,2.7744017003043964,19.097999321804,1191.1597032373475,6.394498559845882,-0.0644741268226517,2.576818507562022,2.5776249793062815,-8.896,6.065,8.896,-0.3649792214793585,0.02663102525611416,3.4512390558824384,20.834181078331635,894.1428414987741,6.396224634429034,17.37
1025,0.060293726687012605,4.084394191623979,4.084839194637839,-9.604,10.35,10.35,0.20464539184346356,-0.6433257823894598,2.5337594717526275,19.097999321804,1111.843128709837,6.639504326925068,-0.08259647338080703,5.460301852987494,5.4609265242405165,-12.067,9.91,12.067,-0.1736968380361058,-1.038797199515218,2.2096982895550363,20.834181078331635,728.4540913005926,5.700880243550244,-0.014208613089182798,2.526956912653371,2.526996858544263,-7.263,5.575,7.263,-0.21263634643954002,-0.6861184186242868,2.8741626549484613,20.834181078331635,1034.2615521046746,6.5082435621506525,17.37
1050,0.021988470668023105,4.08144149099611,4.081500721213567,-9.74,9.565,9.74,0.033925026747794046,-0.8286200831707564,2.386377135590453,20.834181078331635,991.1821899024901,6.527449323432187,0.08660908782638178,4.62481528556041,4.6256261802752,-13.249,10.763,13.249,-0.7011662480298266,-0.20135149357518944,2.8642608554268767,20.834181078331635,694.2224758975412,5.870737729311715,0.07976629365886738,2.7267040624026704,2.7278705441291193,-8.622,5.897,8.622,-0.28521440174841156,-0.6211109347200905,3.160707174523415,20.834181078331635,970.0768531076312,6.471950433017499,18.37
1050,0.12542604272634797,3.722757192400637,3.7248695018436107,-9.629,10.18,10.18,0.23928001709178107,-0.6636478816949882,2.7329816507562064,20.834181078331635,734.3327805872174,6.347971271802781,0.08067561885384877,4.261682422442038,4.262445967426319,-11.523,8.903,11.523,-0.5513755427288013,-0.5544181473099901,2.7033773772286973,20.834181078331635,983.0060001111381,6.155937708381107,0.051209901661580175,2.5402022178397723,2.5407183554157053,-8.077,5.222,8.077,-0.3467163945803315,-0.6197542371790918,3.17902217803219,20.834181078331635,1093.2903267985082,6.61623949258536,18.37
1075,-0.010936046117327935,4.243253973233584,4.243268065827007,-10.432,10.137,10.432,-0.06212395944934345,-0.8793616082603215,2.4584824333898916,20.834181078331635,881.6765880678852,6.481685664191644,0.0641915903696168,4.357069885402801,4.357542718844894,-12.532,9.738,12.532,-0.649237138558594,-0.3134870754506953,2.8759327925354237,20.834181078331635,915.2484918227199,6.140808729298239,0.046271888775856244,3.16612466150558,3.1664627678033272,-8.889,6.596,8.889,-0.20991541993512738,-0.8537238517225676,2.8072333868515917,20.834181078331635,920.8565660339103,6.415793726238152,19.36
1075,-0.018394845710410324,3.5162468983177715,3.5162950132601307,-8.066,9.788,9.788,0.3207428293612904,-0.6451913752179061,2.78361171718782,20.834181078331635,787.5857826136962,6.422449141653631,0.05865717192268557,3.9510016947601483,3.951437087417125,-12.104,8.234,12.104,-0.6615840612275522,-0.3765350688954796,3.063189349146853,6.944727026110545,1138.6392529189386,6.344417588205599,0.02168389284503225,2.7421422834319866,2.742228016375463,-8.833,5.848,8.833,-0.521584771446509,-0.39358363312779776,3.2211034046960867,20.834181078331635,1219.905169333132,6.706339632993425,19.36
1100,0.043947304170905345,4.3583960713572525,4.358617634109033,-9.701,10.518,10.518,-0.04159662195058115,-1.0257051413315195,2.4131504258803926,20.834181078331635,807.138013171011,6.373240799260287,-0.010683485927432922,4.046092870030052,4.0461069745842835,-12.428,9.025,12.428,-0.5242609499658551,-0.37627161301330014,3.0715945174131027,6.944727026110545,1205.7478824965515,6.503877283885987,-0.03473794506612407,3.4471871940553585,3.4473622199714775,-8.749,7.553,8.749,-0.21035963515135447,-0.9238729310453517,2.537882427705084,20.834181078331635,1099.970480804488,6.491760595306764,20.39
1100,-0.054215055951169835,3.9252039606358324,3.92557835291604,-8.966,11.096,11.096,0.12323614217483397,-0.6858778892993889,2.8265898684094664,20.834181078331635,858.2436527193626,6.4694603249361835,-0.07025100033909802,3.544079277527758,3.544775469398636,-10.57,8.871,10.57,-0.5097302359166275,-0.24871159858632597,2.981853178360315,6.944727026110545,889.5562900334495,6.168913116486895,-0.014589352322821327,3.0791905246865867,3.0792250870179747,-9.491,6.301,9.491,-0.4176002667243982,-0.5694379781119538,3.0822689903424383,20.834181078331635,1115.5090561704624,6.5502589180141575,20.39
1125,-0.0523624957612751,4.736231543266405,4.736520987221954,-10.541,11.525,11.525,0.009000807651997152,-1.0491084647086075,2.433220507434002,22.57036283485927,1354.1210005412368,6.8526798651312415,0.036499287894201454,3.527693975141227,3.5278827900405783,-9.432,8.327,9.432,-0.37868714256376745,-0.41936558055172135,2.673558210784977,29.515089860969816,893.0261486046087,6.200257257924751,0.11270634113258726,3.778507905908409,3.780188449580767,-8.951,7.93,8.951,-0.2609098860684217,-1.097244553180103,2.367871369215122,22.57036283485927,957.0842735969816,6.325124079115406,21.34
1125,0.12484035266191924,4.153462311659646,4.15533804738313,-9.488,10.303,10.303,0.00017511407143717053,-0.7858594599215696,2.479461329623574,22.57036283485927,803.7309527412046,6.365566089331461,0.03949148864021704,3.061215916389042,3.0614706375251455,-8.599,8.139,8.599,-0.37503167446713526,-0.2303831009037962,2.808780817493427,29.515089860969816,938.4410159539464,6.284508398611009,0.05132343167175299,3.9282311102299454,3.9285663733755287,-9.427,7.807,9.427,-0.3386059986559257,-1.1974113913706277,2.399603087754394,22.57036283485927,850.7946915976153,6.266747101906626,21.34
1150,-0.013303017972194011,5.241711426504363,5.2417283074415035,-11.668,12.283,12.283,0.03238348061277172,-1.083159983096106,2.3433110759598588,22.57036283485927,846.7833013208423,6.397211749719088,0.12121295354357411,3.456491211646616,3.4586159191643486,-8.281,8.418,8.418,-0.29197271950154813,-0.46087057480607196,2.433921602383045,6.944727026110545,958.9256794617708,6.2990845739336105,-0.003945540861308897,3.9614025929001757,3.961404557771009,-9.237,8.835,9.237,-0.23910902979109377,-1.0922542445451056,2.3317487182368084,22.57036283485927,1275.7025851380824,6.629365370436618,21.37
1150,-0.032154018311291915,4.826802329457019,4.826909426179993,-10.976,11.259,11.259,0.05669258526656032,-1.0596881697789822,2.3325484292151617,22.57036283485927,774.340020496038,6.29515991515613,0.00930824008138352,2.8925150783245623,2.892530055447715,-7.51,8.238,8.238,-0.06800828588252643,-0.3703180657789855,2.84802572214756,6.944727026110545,999.3944620663209,6.382928684043945,0.014626653102746714,3.949828703015121,3.949855784980396,-9.57,7.159,9.57,-0.33426366357104553,-1.1318038703831996,2.4228732695483712,22.57036283485927,1021.9506000823546,6.423431432992966,21.37
1175,-0.0036665310274670068,5.932700554234515,5.932701687230219,-13.331,13.959,13.959,0.04359525226118388,-1.1287771052364288,2.3528909316384308,22.57036283485927,1220.5435337326194,6.709474152650872,0.13645486605629023,3.7308566412009423,3.7333512033645606,-8.649,8.622,8.649,-0.2529712456643295,-0.713063532714052,2.3166853394894567,22.57036283485927,953.8863171483065,6.247570806753726,0.01684510003390976,3.7816721051897746,3.781709622454587,-9.903,7.923,9.903,-0.2595329983010794,-0.9367288671156966,2.618656900889254,22.57036283485927,962.3571475383369,6.360244186996295,22.4
1175,0.049521736181756475,5.643256491564828,5.6434737734787985,-11.97,14.117,14.117,0.15387443903850834,-1.0590130046420938,2.5014734836444323,22.57036283485927,871.8594522292111,6.383988178567706,-0.09963601220752792,3.6082857525408074,3.6096611207864924,-8.021,8.874,8.874,-0.1082065507432947,-0.8814984979178653,2.4584025211947003,22.57036283485927,868.5697062756095,6.127638062362099,-0.02789725330620551,3.746378849853363,3.746482716278114,-10.779,8.388,10.779,-0.4464650410547187,-0.6739682225434009,2.8770985525079995,22.57036283485927,1141.900800683785,6.562516736005298,22.4
1200,-0.20371197015937598,6.942666700028146,6.945654718920738,-14.9,14.903,14.903,0.09270729855383276,-1.1558814271554425,2.145658055734122,22.57036283485927,1095.8794368330955,6.45987709866758,-0.1117976941336045,4.4581293249858955,4.459530894916279,-9.214,10.819,10.819,-0.10794748194026418,-0.9500400488347225,2.426039925484833,31.25127161749745,1161.6072451069683,6.47888568301576,-0.08282319430315362,3.5992132174043614,3.6001660330952556,-8.649,7.968,8.649,-0.0827421135029713,-0.7957947578208251,2.4023892010791488,22.57036283485927,921.093977049981,6.278049948795591,23.35
1200,0.0554292980671415,6.4026624569663415,6.402902384460541,-13.249,15.299,15.299,0.19078338349616,-1.0564289587196545,2.389385169627098,22.57036283485927,1096.3311477642155,6.486465375060663,0.053924516785350964,4.573364962923408,4.573682863689388,-9.645,9.869,9.869,-0.20793127678112516,-0.8836031662082449,2.157779691799425,31.25127161749745,920.4365491310781,6.079966975896437,-0.04946205493387584,3.3768864115466313,3.3772486333355096,-9.695,9.461,9.695,-0.24700898552920805,-0.34180642095381897,2.870679968393331,22.57036283485927,946.8468123487978,6.386485752112452,23.35
1225,-0.08195849440488305,7.778909289381414,7.779341034254094,-16.576,17.666,17.666,0.10987205865815959,-1.0995683468716893,2.2708864314101724,24.30654459138691,745.7146480219842,6.184204304640128,0.007739097999321792,5.119715015324157,5.119720864634466,-11.541,10.906,11.541,-0.22688197833330018,-0.777929644833574,2.254224459720422,31.25127161749745,733.2642107769742,6.017056822301308,-0.035923024754153925,3.2265031973607883,3.2267031698448614,-10.979,9.831,10.979,-0.3475458370076283,0.23936750341207436,3.4025441517534647,24.30654459138691,907.3328302436091,6.438558419174857,24.4
1225,-0.12201451339437094,7.0445461797090365,7.045602771909018,-16.084,16.057,16.084,0.18810854774310914,-1.0413520734814357,2.2828422947894937,24.30654459138691,832.1026465896769,6.234862068038497,-0.2009863004408274,5.487369837813335,5.491049374200568,-11.627,10.271,11.627,-0.19707760686346576,-0.9870528154457201,2.1174459028958843,24.30654459138691,903.1918204986823,5.941254021162064,-0.04336493726687016,3.103339307519777,3.1036422756789297,-8.996,9.284,9.284,-0.22433915186909578,0.27104821391193257,2.991324120293181,24.30654459138691,1092.3526851360966,6.5947302182967364,24.4
125,0.009274601559850798,0.10089887404327172,0.10132423706741639,-0.499,0.533,0.533,0.009177499759239328,0.7944636291962013,5.260340619642336,22.57036283485927,2539.1328797513193,7.911840570265272,0.010023804679552389,0.15544413199568735,0.1557669889037677,-0.569,0.658,0.658,0.22110927730510685,0.22830306697355685,4.2242583273308965,17.36181756527636,2648.8123597281683,7.899176233746712,0.008961478467277045,0.10360804538327638,0.10399488047237003,-0.488,0.39,0.488,-0.13414800940688879,0.43476356181947073,4.692538688283359,19.097999321804,2758.020243114155,8.004060148550769,3.39
125,0.00810932519498135,0.08940615649066007,0.089773169563909,-0.302,0.349,0.349,-0.028352481559297853,0.2887060176481011,3.887575783447736,22.57036283485927,2639.7039064477813,7.9718722739342835,0.0039852831468294376,0.14917977388943793,0.14923299708665047,-0.592,0.592,0.592,0.03278672419440368,0.4027280778335225,3.966951086938647,22.57036283485927,2621.239589590353,7.878496200631375,0.006841166497117665,0.12212726325757807,0.12231872297333332,-0.535,0.533,0.535,-0.015058939328288994,1.0936782079810232,4.373819371190094,22.57036283485927,2550.5392674836266,7.89628926657706,3.39
1250,0.08764564259070873,6.9717664042056535,6.972317301548729,-14.415,15.386,15.386,0.10080962617610113,-1.115453442765413,2.2067268792518058,24.30654459138691,685.4649620159693,6.119422738914377,0.08451739572736526,5.525905028645341,5.526551327526816,-11.731,13.004,13.004,-0.1869775651038002,-0.7677326257739225,2.353004474097486,32.98745337402509,992.3270542025551,6.220843219835522,-0.004299491353001026,2.969898521642379,2.969901633805316,-11.139,9.774,11.139,-0.313943456930442,0.7948247110127018,3.7506292710872278,24.30654459138691,1165.2376486321382,6.743178761286984,25.34
1250,-0.014799389623601058,6.5898298537439475,6.589846471901163,-13.741,14.921,14.921,0.15896599522144594,-0.9915781002048347,2.264240914203773,24.30654459138691,893.0566713538911,6.3918999740843,0.0340849101390302,5.330452420107605,5.33056139483734,-10.82,11.859,11.859,-0.2756152510021734,-0.89561121315664,2.224718771926249,24.30654459138691,1023.0242763512911,6.20577047710596,-0.0017074940657850056,2.8594708091185113,2.859471318921884,-8.234,10.393,10.393,-0.014883878018131059,0.2671345976739987,3.63458795030632,24.30654459138691,1118.4080364916485,6.6802394425353375,25.34
1275,-0.06119484571041035,6.091362881593346,6.091670260642372,-12.46,15.02,15.02,0.1358016910320448,-0.9485756660563927,2.465662019995174,24.30654459138691,753.028628699029,6.226840310155555,-0.14623058663953875,5.810280557062682,5.812120399324981,-12.292,13.265,13.265,-0.1345393701718858,-0.7793618589994065,2.2822995892412337,32.98745337402509,866.2230973363904,6.119127791025396,-0.008369209901661578,2.866855130682434,2.8668673467732293,-9.386,9.983,9.983,-0.2067179313741151,1.0206398408894328,3.4821980902730836,24.30654459138691,1142.6108854841011,6.725396331585017,25.37
1275,-0.08298033231603932,5.753157974112687,5.753756373939348,-13.737,13.038,13.737,0.1246028229393276,-0.9676854553292591,2.3874837770711643,24.30654459138691,953.413402611272,6.481927152826853,-0.0067232282129536525,5.284939971937717,5.284944248408174,-11.441,11.103,11.441,-0.2958518610893992,-0.8934831432189796,2.1648288917042087,32.98745337402509,708.5585245281316,5.874228242579641,-0.03205378094269246,3.019393010581212,3.0195631467514294,-9.05,10.187,10.187,0.042630500415083296,0.39654775422345745,3.3736668203013385,24.30654459138691,1116.431188026937,6.700080320874916,25.37
1300,0.058898406239403164,5.302424167127636,5.3027512736688625,-12.579,18.602,18.602,0.11195558561152855,-0.7424625942436172,3.507990294089292,26.042726347914545,923.0426609156551,6.4968657292814225,0.00019972872160056908,5.79795671315883,5.79795671659897,-12.995,13.034,13.034,-0.14233957799964386,-0.6811864418051776,2.248033339518552,32.98745337402509,790.699341091656,6.0309964139248695,0.007916853170566219,2.9219771281573257,2.921987853164119,-8.71,9.4,9.4,0.01760566879246881,0.6658700179114034,3.2169880479896817,26.042726347914545,917.5721445007704,6.535997869381664,26.39
1300,0.0021033570701932945,4.735666722662951,4.735667189768325,-11.45,13.587,13.587,0.08324144026681429,-0.7471545807630702,2.8690783062955685,26.042726347914545,950.4098521521861,6.543544495391628,-0.07727595795184823,5.249218522212498,5.249787297368926,-11.405,12.074,12.074,-0.23162325679796938,-0.7735128115695229,2.299902703877396,8.68090878263818,803.7356240579087,6.007715600469613,0.014771787046456396,2.7361889148273066,2.7362287885548566,-10.447,9.742,10.447,0.004327785476108457,1.200584103432175,3.8180286837481883,26.042726347914545,1405.7693893543355,6.996316087474021,26.39
1325,-0.03735116988809764,4.90964355890109,4.909785635376657,-12.523,16.543,16.543,0.08627924254033112,-0.4695823245179995,3.36939353946578,26.042726347914545,774.9260598678351,6.4516012845311685,0.09619172600881644,5.787817641864314,5.788616924933653,-13.514,13.925,13.925,-0.154332419269464,-0.6179274620782826,2.4055832646344277,34.72363513055272,677.7836780012063,5.983011336537295,0.004683485927433013,2.9538947368690143,2.9538984497681864,-11.464,9.595,11.464,-0.17606537803709113,1.145635893843716,3.880972956568518,26.042726347914545,1005.1927902617501,6.6506754878945005,27.37
1325,-0.007781281790437492,4.443082802095366,4.443089615866633,-11.11,15.445,15.445,0.09158935780863163,-0.4537358168327419,3.4761846677241564,26.042726347914545,787.6201372389297,6.480158589489448,0.11050186503899632,5.111176172706577,5.112370539252857,-11.815,12.067,12.067,-0.2664166801843744,-0.7867855080955422,2.3603531683295245,34.72363513055272,782.7194650193053,6.02882977186772,0.018109664292980675,2.6758717443313196,2.6759330245825557,-9.475,9.613,9.613,-0.13030300270475206,1.4005481758154428,3.5923918542391857,26.042726347914545,963.5972583671311,6.625640513195131,27.37
1350,0.0719776195320448,4.545297821258197,4.545867690732763,-11.564,19.296,19.296,0.2053494188133705,-0.06281140461072043,4.244734187784866,26.042726347914545,910.4601940931875,6.601623270935574,-0.0002454391319091005,5.771975075178447,5.771975080396796,-12.532,14.311,14.311,-0.1428350029073184,-0.6227316865139247,2.4793939337340634,17.36181756527636,1309.2516739942787,6.58501006567893,0.04416195320447608,3.091213936515219,3.0915293754736917,-12.555,11.455,12.555,-0.2734668491251734,1.3494614180552427,4.061096782583957,17.36181756527636,921.2986678881548,6.6048561307080496,28.43
1350,-0.04750410308579181,4.151194306815823,4.151466104010737,-11.885,19.036,19.036,0.23628018028325234,0.10536046761884243,4.585368041812818,26.042726347914545,924.5828022996742,6.567854204456597,0.0055173957273653195,5.278841552901874,5.278844436266245,-11.841,10.677,11.841,-0.27348502676415504,-0.7862116391229743,2.2431045549762785,17.36181756527636,822.095163496303,6.068657399698954,0.020151983723296026,2.703744371360436,2.703819470325492,-11.387,8.354,11.387,-0.18377629136249019,1.1633059746401395,4.2114498120058315,26.042726347914545,1085.9357768586062,6.746684687691008,28.43
1375,-0.027159986436080037,4.310562259464029,4.3106478234226975,-11.616,15.511,15.511,0.27771591225541875,-0.05383806980024941,3.598299057445178,26.042726347914545,1179.6948028633597,6.838533308068332,-0.18521119023397775,6.985312424109463,6.9877673721587135,-14.617,16.681,16.681,-0.03278515351726855,-0.7101195474470661,2.3871716260134717,17.36181756527636,1018.2160685108817,6.290338894644945,-0.010431332655137328,2.7330873517837766,2.7331072582651084,-10.681,8.649,10.681,-0.1718548284359264,1.0325954655071365,3.908006159546028,17.36181756527636,1141.1418004001957,6.798649890467798,29.46
1375,-0.04888273991183456,4.275200407449461,4.275479861502955,-10.919,17.629,17.629,0.34059794572484714,0.338891593276315,4.123279858884167,187.5076297049847,844.5756601163613,6.543889193806448,-0.17381241098677522,5.513646871660649,5.5163858258452425,-11.557,11.55,11.557,-0.10195452609042992,-0.8597907109291363,2.095031124518777,17.36181756527636,658.7416153337718,5.868787633201637,-0.003378026449643918,2.657857223518423,2.65785937018341,-8.141,7.569,8.141,-0.08716167178776729,-0.03656467301075672,3.0629912520308467,71.18345201763309,1192.242575344442,6.808826573655137,29.46
1400,-0.03290844354018311,4.020195116744596,4.020329805171877,-10.332,15.692,15.692,0.46900792241476436,0.28477972045265165,3.9031623673792444,27.77890810444218,878.7693778790725,6.6534121436124956,0.223514479484571,7.848995033719039,7.852176880450757,-16.107,18.559,18.559,0.12451637554732635,-0.780283034375723,2.3635483869709537,17.36181756527636,672.942821817119,5.892632604432585,0.01524849101390301,2.977726278259179,2.977765320624421,-8.356,9.173,9.173,0.2784195877043765,0.366519653572591,3.0804979614970036,81.6005425567989,1040.7736834835573,6.622597389061107,30.42
1400,0.13195496778568996,4.256822908102472,4.258867617626699,-12.355,16.452,16.452,0.4554431460492768,0.39027602388261684,3.8629986834782297,27.77890810444218,703.0815605984445,6.437439664415752,-0.2719234316717531,6.264660111516155,6.270558879837884,-12.748,13.61,13.61,0.10263039435496091,-0.881108640781457,2.1704604423317155,17.36181756527636,855.6579724946175,5.9794839276408345,-0.029246592065106783,2.583039373643228,2.5832049413352056,-7.83,9.702,9.702,0.31512496599031203,0.5324644730898362,3.755799566946181,27.77890810444218,1123.5782668321403,6.772771973681491,30.42
1425,0.06927324516785352,4.123347654248371,4.123929516891823,-9.794,15.651,15.651,0.452923982646756,0.16528392221770005,3.795166705903366,27.77890810444218,969.0455097136328,6.707212496518305,0.22084469311631075,6.705113022961267,6.708748991366605,-13.564,16.477,16.477,0.17186018263595765,-0.9425747063909662,2.4560465775667,19.097999321804,956.0399822485061,6.263291262211513,-0.0032055612071888633,2.7178373095838824,2.7178391999875213,-8.374,8.874,8.874,0.3148524468015128,0.25999239716877165,3.2650938289655786,27.77890810444218,1072.5711408916798,6.743983146671028,31.47
1425,0.08520142421159713,4.353297552700862,4.354131241136284,-12.339,17.216,17.216,0.4497948340202314,0.4461269833478214,3.953946044930698,19.097999321804,803.4531795019964,6.56682242363388,0.24160413699559177,4.861093839525553,4.867094192193806,-11.04,13.714,13.714,0.018548619363073254,-0.6075711125602017,2.8176976771880637,36.459816887080365,870.9578953288784,6.228718111923941,0.004605154289589674,2.5822361799798443,2.582240286387564,-7.365,8.679,8.679,0.33591971885798505,0.23266113141014655,3.3610350073739745,55.55781620888436,1251.036717841255,6.8821651243270665,31.47
1450,-0.032900644286198696,3.673696700569483,3.673844022297293,-10.844,13.074,13.074,0.03979053352493094,-0.3256643506627497,3.5586704064329577,27.77890810444218,844.6010174817987,6.636736744820254,0.26746815869786383,5.537618603857049,5.544074225486246,-13.147,18.473,18.473,0.30178036662451474,0.13878381282465924,3.3320260964543302,19.097999321804,716.71973068099,6.088224377204761,0.06196412343167177,2.5359505920312313,2.5367075034020394,-6.811,8.05,8.05,0.4196725242437131,0.06940275816662345,3.1734048916573756,131.94981349610035,1094.0798955912276,6.791810693064629,32.45
1450,-0.002557748389284484,4.1453941565135946,4.145394945591297,-14.837,14.344,14.837,-0.055994107734561656,0.0861040711749963,3.5791523352387493,19.097999321804,779.2041900442541,6.546853218380208,0.1810951508986096,4.935575913748387,4.938897149572181,-12.18,15.599,15.599,0.20558245305941567,-0.033479501242865695,3.1583974169924196,38.195998643608,925.0924898714479,6.233669321520689,0.03819633774160731,2.46512574013091,2.465421642411869,-6.954,8.762,8.762,0.4468515616926811,0.28173798847776865,3.553955984351757,131.94981349610035,1041.101007550729,6.7552697523328185,32.45
1475,-0.04816649711766699,3.544032635623364,3.5443599328804165,-9.59,11.269,11.269,-0.017667106201588224,-0.557013412858979,3.1794175008749614,29.515089860969816,1049.9885006853397,6.8184092014415985,0.05885350966429291,5.692208995411649,5.692513239602092,-12.99,16.697,16.697,0.43133137016575546,0.14657664400803627,2.9331508416776426,38.195998643608,721.8197052767337,6.042220837198985,-0.02823370634113257,2.462919712450959,2.46308153583134,-6.551,10.309,10.309,0.7431852425420351,0.76295407567238,4.185407527128615,133.685995252628,1307.671615924971,6.9502815029375915,33.41
1475,0.028794845710410327,3.5428583485874605,3.5429753627841323,-11.43,10.513,11.43,-0.19742183699424593,-0.25942015250603623,3.2261020271442433,38.195998643608,884.6127394716506,6.686180768379507,0.12683655476432695,4.735647296837811,4.737345546999053,-10.987,14.141,14.141,0.4351145881476021,0.004565055309460941,2.985004969493484,38.195998643608,1150.3154625613874,6.461427552027637,0.024112105798575766,2.4705876742042743,2.470705334429043,-6.272,8.343,8.343,0.6363413799828805,0.30206665946073175,3.3767685218229353,76.391997287216,1269.621834805948,6.930402204311624,33.41
150,0.01018026449643947,0.12368900687188865,0.12410724477713451,-0.411,0.569,0.569,0.08820702305934564,0.5716750672768507,4.584744436328284,20.834181078331635,2396.0654651879136,7.830257483942483,0.012676297049847409,0.18887119449218825,0.18929610829544796,-0.724,0.651,0.724,-0.05007426543317798,0.18250478137186832,3.824695639648341,20.834181078331635,2366.483628280284,7.719291699602587,0.008516242794167515,0.11483392415269661,0.11514927931878899,-0.54,0.395,0.54,-0.19208858647090227,0.42234785752554593,4.689564738872733,20.834181078331635,2702.6193267923213,7.956023839843296,3.35
150,0.01264821973550356,0.12570087060904966,0.1263356099219481,-0.465,0.438,0.465,-0.07271382949412067,0.399073840930972,3.6806724587571433,22.57036283485927,2302.2655648092305,7.784160303290136,-0.00285303492709393,0.169029022195299,0.16905309861873014,-0.553,0.619,0.619,0.1017711205245366,-0.2098894726007572,3.6615714533340014,19.097999321804,2519.8387638312042,7.8015920234334235,0.009496710749406579,0.11697108994407147,0.11735596873513487,-0.483,0.458,0.483,-0.035509826143237215,0.12189004748879162,4.115683294218302,20.834181078331635,2567.266133758941,7.913842119027683,3.35
1500,0.01207236351305525,3.4941335618193476,3.4941544169932084,-8.76,13.732,13.732,0.08954081817432641,-0.6656844806407021,3.929992313223715,29.515089860969816,1284.684691308076,7.033610441317662,0.2133820278060359,5.230911579167632,5.235261964683394,-13.972,14.131,14.131,0.40325647941654863,-0.12154205540476903,2.6991963526040252,19.097999321804,794.9290590399505,6.215176806114565,0.030568192607663625,2.6987262784859696,2.6988993943068773,-7.113,9.91,9.91,0.7789578850961072,0.6277170067480444,3.6718671399550464,67.71108850457782,1062.9273836428795,6.711012422394696,34.4
1500,0.007991319091217362,3.317684626538894,3.317694250884692,-11.602,9.436,11.602,0.0739837213599833,-0.4142572432985543,3.497006994211786,29.515089860969816,963.0413988111005,6.789376120700631,0.18911034248897918,4.515489281691075,4.51944755193633,-10.738,12.133,12.133,0.37588542127014657,-0.28447911705651574,2.6846201577893494,19.097999321804,1075.2884939510097,6.3654619455794546,-0.018020142421159714,2.5562587484342436,2.5563222634244465,-5.761,8.794,8.794,0.8518617056149329,0.5170707516186743,3.4400983498143023,97.22617836554764,1067.2128414358622,6.780657958601894,34.4
1525,0.036696236012207534,3.523411540094469,3.5236026300660437,-10.035,10.023,10.035,0.08560244459178641,-0.6997171002569047,2.847937481478129,29.515089860969816,957.2729245858847,6.810285480748721,-0.020267005764665894,4.788007147496334,4.788050041091743,-11.868,13.887,13.887,0.3911759934330213,-0.19607054608079766,2.900345627305426,39.932180400135636,995.2046981117679,6.40949885716397,0.002738487622923026,2.86223789763874,2.862239207682317,-7.987,10.455,10.455,0.6793017935304234,0.6333227499805774,3.6527345345345474,69.44727026110544,1339.4756302605613,6.922115107390095,35.44
1525,-0.01368023058663951,3.5034405878914026,3.5034672970635476,-11.23,11.056,11.23,0.08744405831878717,-0.4633934928513015,3.2053959828346317,29.515089860969816,1127.771256763333,6.89148312747769,-0.014998033231603992,4.303233107854129,4.303259244053596,-10.196,11.296,11.296,0.33087590756970314,-0.39657243138706955,2.624987099164252,39.932180400135636,1195.899946347092,6.5608851134472825,-0.013110817226178385,2.7870033398264478,2.7870341780703214,-6.578,10.219,10.219,0.856657068381656,0.8272815874671888,3.666621701451613,98.96236012207527,1179.6637612981478,6.825150313082018,35.44
1550,0.016701932858596117,3.5098013136803106,3.5098410528218005,-10.071,9.32,10.071,-0.047500472456877524,-0.683987313186817,2.869360705637435,39.932180400135636,941.4958521445484,6.779644464738552,-0.11649725330620557,4.7356768441197605,4.737109538733508,-11.904,11.815,11.904,0.3055842552357073,-0.3932423712543409,2.512924791513814,39.932180400135636,1201.3606064885853,6.658170832197629,0.035334486266531025,2.9920119357986517,2.9922205717295167,-8.209,10.808,10.808,0.5207301166913835,0.7701757984826658,3.6120331843561013,90.28145133943708,1104.0125132260468,6.743090843971006,36.45
1550,-0.033426992200745985,3.453223666280969,3.453385448103146,-11.253,9.883,11.253,-0.04099755393686337,-0.5826148512467957,3.2585415584527286,39.932180400135636,868.3276983633438,6.745504113802821,-0.08169501525940999,4.200243501035152,4.201037912648048,-9.769,10.935,10.935,0.19196676854473127,-0.4258145671167899,2.6029281875981267,39.932180400135636,1381.9612851060226,6.795539997314251,0.03308409630383183,2.9391189545406324,2.939305153666128,-7.39,10.772,10.772,0.48879751753817635,0.33624618740544987,3.664811728229147,90.28145133943708,1058.4891724048407,6.691525471921958,36.45
1575,0.04747080366225843,3.586681891274308,3.5869960226344535,-11.01,9.96,11.01,-0.06578945622207784,-0.6535118907864814,3.0694207438551198,31.25127161749745,1038.3007181440428,6.855973662057402,0.04525194981349618,4.83410256673398,4.8343143634507255,-11.069,11.802,11.802,0.23647302620250207,-0.5517792860848338,2.4412975890082067,41.66836215666327,1241.121896460647,6.6720240542382445,-0.031531705662936595,2.814658243668114,2.814834857875482,-7.726,10.81,10.81,0.8041683732362777,0.8946508118746612,3.8403673912717315,71.18345201763309,1223.6370448627029,6.870402030978401,37.47
1575,0.0015378772465242717,3.443816560771669,3.44381690415034,-11.382,11.325,11.382,0.050515219261716336,-0.49000497225120965,3.3050537577311103,31.25127161749745,885.2230417980502,6.730269350238573,-0.05271054594777893,4.294095970631329,4.29441947260003,-9.424,10.929,10.929,0.03853979544140943,-0.6224628391691849,2.544930710595699,10.417090539165818,946.8484302617281,6.353503658469373,0.02350688368938624,2.820570575110552,2.8206685276296217,-7.821,9.931,9.931,0.4024425437187146,0.33840748920481056,3.520796542635805,92.01763309596473,1080.764729776829,6.747156623882759,37.47
1600,0.01129026788741945,3.7914611480280263,3.791477958152331,-11.387,10.055,11.387,-0.16446249543231528,-0.5622061402199918,3.003314307951069,31.25127161749745,989.5734947816808,6.6062325579693795,0.05204998304510001,4.793818093546705,4.794100657553069,-11.094,13.639,13.639,0.07868573135635164,-0.6010902736574848,2.84495486729338,41.66836215666327,862.7530488778808,6.361154949462354,-0.014312783994574406,2.93043881116886,2.9304737640508636,-7.485,10.098,10.098,0.548539594358938,0.13809379380630604,3.4458592067520493,72.91963377416073,1306.2327959160739,6.92526028187669,38.44
1600,-0.0245402509325195,3.664085135878785,3.6641673142589557,-12.342,10.831,12.342,-0.039801684532689514,-0.4854393771558412,3.368295970539232,31.25127161749745,876.443437970504,6.7172279300569215,0.06511305527297392,4.449135345462906,4.449611784438538,-10.355,12.196,12.196,-0.10597977818538593,-0.7346026944915418,2.7409132730753316,41.66836215666327,1151.981861243608,6.406948898097464,0.017960528992878925,2.906160933006566,2.906216431915438,-9.511,9.999,9.999,0.02595868646875687,0.25543955659559137,3.4405558685145237,135.42217700915563,1204.2602342675125,6.682660037449738,38.44
1625,0.05781322482197352,4.080876978548468,4.081286474019092,-13.086,12.528,13.086,-0.16630797490242683,-0.4355115308277524,3.206341942253668,31.25127161749745,1025.5067411616512,6.821052532666273,-0.0056155306883689336,4.866009514382596,4.866012754632571,-12.321,12.385,12.385,-0.06981516784001512,-0.6373428397584147,2.5452050014067793,41.66836215666327,999.8674282176241,6.435447755358924,0.048994777890810415,3.0440474997352034,3.044441766384227,-10.822,10.303,10.822,0.14855510961411555,-0.14497149093016715,3.5546746597333985,41.66836215666327,1250.53241208114,6.876007560611987,39.69
1625,-0.00530172939979647,3.7219491412444867,3.7219529172660426,-13.324,9.753,13.324,-0.13337921870977076,-0.47800094650345404,3.5798410931504026,31.25127161749745,827.6720480906611,6.675514592329925,-0.06945852831468292,4.553825178259097,4.554354865543762,-10.6,12.244,12.244,-0.1452624722966893,-0.7929710619457992,2.6884158923655024,41.66836215666327,934.4540899939889,6.328797153131888,-0.007215259409969485,2.905914679319347,2.9059236368927555,-10.294,9.286,10.294,-0.08102068165479831,0.026406001558553438,3.5424193083776845,137.15835876568326,1153.2822408558825,6.817083065549544,39.69
1650,-0.03144462529671074,4.1393678831058,4.139487315616252,-12.328,13.315,13.315,-0.23635283357277329,-0.5123633933218561,3.2165819061140843,20.834181078331635,1009.937474315804,6.798473647583861,-0.0764214309935571,5.029392904834429,5.029973481671052,-12.498,12.451,12.498,-0.05400332666772562,-0.6257201822802396,2.4847049483545045,43.404543913190906,1131.1258053750716,6.607914314356388,0.034473380807053255,3.3552892783166963,3.3554663692505167,-11.809,9.127,11.809,-0.18218755142605184,0.1845538150943411,3.5193319498647457,20.834181078331635,1430.7523472305002,6.988274714108137,41.26
1650,-0.04614011529331979,3.8908011010287873,3.891074673918004,-13.719,10.355,13.719,-0.27153525358796204,-0.31397703652247877,3.5257611713182704,182.29908443540182,1019.1810645762824,6.831018820015547,-0.10388131570023737,4.645525589430662,4.646686919710291,-10.422,13.555,13.555,-0.04847732769801543,-0.6824440108883887,2.9171321920791513,43.404543913190906,1002.0787010464613,6.391620694570937,0.019934961003730087,3.2573161945212465,3.2573771954995627,-12.807,11.294,12.807,-0.22645962966771932,0.6249934071039376,3.931690814835423,192.71617497456762,1156.7490270575602,6.778452726868111,41.26
1675,0.023793896236012184,4.263761596249744,4.263827986581102,-14.39,15.631,15.631,-0.21791482691443095,-0.4770494622936998,3.6659546419773665,22.57036283485927,1211.8618732089337,6.973607258079749,-0.09050735842658529,5.190889246710453,5.1916782213022,-12.922,15.719,15.719,0.05227191770622161,-0.49488405935489643,3.027730019072193,43.404543913190906,921.241861424331,6.461408247160958,-0.08874723635130549,3.644668639807269,3.645748971878695,-13.351,9.37,13.351,-0.320197667003844,0.14924898781997564,3.6620733086623027,22.57036283485927,1053.9669791685192,6.6757302130958305,42.52
1675,-0.06121702271956594,4.361082740748364,4.361512374798896,-17.035,12.246,17.035,-0.3999236484206338,-0.18966807110015482,3.90575528305946,185.77144794845708,776.2222702487493,6.5872686360002115,-0.0928934554086131,4.561535530220437,4.562481297224263,-10.384,13.437,13.437,-0.04519845352014757,-0.6153894495131818,2.94510796311096,43.404543913190906,926.6487317376557,6.36050524582561,0.003740250932519491,3.353337071531021,3.3533391574341658,-12.008,11.328,12.008,-0.349143329228217,0.6900551477413472,3.580908293567304,22.57036283485927,1068.6352425090863,6.709264037962774,42.52
1700,0.04110878263818238,4.425313463475533,4.425504398599984,-13.798,12.076,13.798,-0.17806743013010995,-0.6299212692313114,3.1178366932286905,22.57036283485927,1056.807340459167,6.854772726556158,0.15032777212614437,5.314188397868022,5.316314208839381,-11.768,15.295,15.295,0.14205927060276166,-0.4112260796852336,2.8769932323731284,43.404543913190906,1053.4241398155814,6.576069694275942,0.10131631061376739,4.167801244625079,4.1690325267974035,-13.714,11.251,13.714,-0.2662124842321136,-0.1983446368403592,3.2894922051699407,22.57036283485927,1100.7029398805018,6.702276077456797,43.46
1700,-0.01679396405561207,4.705700285095482,4.705730252615039,-17.089,13.714,17.089,-0.37552512725174225,-0.022287968007344894,3.631529875836679,187.5076297049847,916.9242626539091,6.699187257495101,0.12229264157341471,4.464978702462683,4.466653143420513,-9.771,13.716,13.716,-0.015821128662940158,-0.3661222082226634,3.0707555656529983,10.417090539165818,888.2744950058185,6.371637819835196,-0.03005161071549671,3.5137236352998005,3.513852143242661,-13.446,9.692,13.446,-0.3047069620543939,0.34364915574635946,3.826569659698809,22.57036283485927,1218.5983793961366,6.797892460071319,43.46
1725,-0.06366904035266191,5.124295657507361,5.124691184085947,-15.059,12.945,15.059,-0.21969906208508586,-0.6033989812476857,2.938518529031318,22.57036283485927,947.3404263742199,6.73168698068647,0.11659525262800953,5.3692396672943286,5.3705054750723695,-12.251,16.509,16.509,0.20005939426757605,-0.36323388960693315,3.074012320931027,45.14072566971854,1034.5334270317644,6.593595202448128,-0.05266171583587659,4.226252252453206,4.22658033848649,-12.718,11.738,12.718,-0.14553527384781098,-0.08355885274733987,3.0090519951063395,22.57036283485927,1204.8722840461908,6.804784266195089,44.47
1725,-0.03759064089521873,4.595443165959494,4.595596908764598,-14.903,12.412,14.903,-0.29186239418364,-0.37331974299969284,3.2428866795469813,22.57036283485927,1053.6103287460219,6.799257800102639,0.04300922346558154,4.560373622834025,4.560576429920173,-10.688,13.905,13.905,-0.09085330251003874,-0.5150960786970367,3.0489566864343476,45.14072566971854,1058.490608286668,6.51920443528271,0.049959782977280424,3.529175579559124,3.5295291826632655,-12.405,10.876,12.405,-0.12643583977971973,0.2312397398822026,3.5146330737063343,22.57036283485927,1210.807922938836,6.7648081812311105,44.47
175,0.008176941336046116,0.13771674857813093,0.13795928822861211,-0.479,0.458,0.479,0.0006519080368677915,-0.2274174788727752,3.4720387887638986,24.30654459138691,2320.753878120261,7.768178157449573,0.007518887758562222,0.34231119311600544,0.3423937595892031,-1.037,1.111,1.111,0.06898133464140521,-0.15937857638540365,3.244802128791584,19.097999321804,2108.85878037549,7.409394664218814,0.004754628687690741,0.15525166920154904,0.15532445809924791,-0.628,0.71,0.71,-0.022973401292825855,0.7453860703061741,4.571076626878235,19.097999321804,2377.8224023919493,7.775723266523584,3.35
175,0.007630993557138012,0.12588133658746808,0.12611242192471175,-0.472,0.572,0.572,0.1720910126334275,0.49414988320978326,4.535635675456935,26.042726347914545,2247.514479127091,7.770230628649834,0.010591726008816551,0.3187481035060116,0.31892403193946506,-0.846,0.814,0.846,-0.1432635620393828,-0.720801677751965,2.652669335876762,19.097999321804,2266.531415468362,7.464648523708663,0.010997965412004068,0.15696057910705608,0.15734541187090917,-0.535,0.667,0.667,0.18808187240561172,0.3056469242833062,4.239081343834967,20.834181078331635,2324.1489510124725,7.729349234370935,3.35
1750,0.01793353679213297,5.983045310813063,5.983072187679508,-15.707,15.204,15.707,-0.03537294493920226,-0.6311226801889753,2.6252399281332837,22.57036283485927,882.9647354620254,6.6284632458873824,-0.019794167514411664,5.4059822320153135,5.406018470365492,-11.491,15.926,15.926,0.18595349108753995,-0.47666240944953087,2.9459758762021524,45.14072566971854,948.9403182016308,6.438750544215824,-0.028481586978636834,4.215919978010355,4.21601618376681,-12.809,12.791,12.809,-0.19457177064974987,0.09126327006144841,3.0381761932791647,22.57036283485927,1068.5327561308436,6.703761588943898,45.51
1750,0.0628971176670058,4.741323516204324,4.7417406859425535,-17.087,14.415,17.087,-0.23243094180849375,-0.29589075118027086,3.6035289847579426,22.57036283485927,905.8574050949306,6.697392084838154,0.05301695489996616,4.65710350041907,4.657405265931065,-10.924,12.206,12.206,-0.04570716308916007,-0.7759396313242846,2.6207725768008485,45.14072566971854,928.3913583726323,6.324691843722932,-0.0058132926415733754,3.476258967855644,3.476263828590708,-10.711,12.839,12.839,-0.020747043646286368,0.21825943301320638,3.693333024497449,102.43472363513054,1140.4024765752217,6.767471725268026,45.51
1775,-0.10208355374703303,7.335400647772942,7.336110939407427,-18.777,20.592,20.592,0.15708382996317896,-0.6818597025920226,2.8069368320734953,22.57036283485927,1089.522865373117,6.6697751584735165,0.09800128857239734,5.386568782590126,5.387460208868026,-12.777,15.415,15.415,0.24352449554196798,-0.4715544528990421,2.8612740331011906,12.153272295693455,862.5051420525333,6.441026982429943,0.054051881993896246,4.2068288599112975,4.207176091219581,-13.884,12.149,13.884,0.03168685054005571,0.217539678533067,3.300075798818131,22.57036283485927,1097.1677514484277,6.7582025692724645,46.84
1775,-0.03860902000678208,5.256104749921742,5.256246550398467,-15.841,17.405,17.405,0.021580255125116285,-0.31913742464561823,3.3112982492574585,22.57036283485927,964.2810347541365,6.710864780375426,0.07474533740250938,4.643593101264876,4.644194629381736,-9.821,11.997,11.997,-0.002512156052153861,-0.786900692482106,2.5832250707367783,12.153272295693455,907.2776971164928,6.377773749441818,0.05588952187182097,3.607514446333372,3.607947355375219,-9.856,10.94,10.94,0.19355095647133116,0.09750417661842237,3.0321950190601554,12.153272295693455,1289.0692463111084,6.860039337500379,46.84
1800,-0.05827575449304848,7.370004555546857,7.370234949602568,-17.214,19.389,19.389,0.19055768662514996,-0.8020727623676938,2.6307166776339375,22.57036283485927,859.3076642637554,6.488772780553528,0.11314784672770438,5.265608991630779,5.26682451653385,-12.768,15.597,15.597,0.2545449645703021,-0.4544852960596959,2.9613669396117532,12.153272295693455,928.7938840614426,6.50655940905583,-0.09972065106815863,4.378452756862104,4.379588194376592,-14.272,13.181,14.272,0.1865250574051731,0.08764401674905331,3.258753875153217,12.153272295693455,1159.2449365627654,6.783244560935503,48.56
1800,-0.09821831129196334,5.108905148552323,5.109849181098938,-17.264,17.191,17.264,0.0032173232989237566,-0.23436641016208037,3.3785732979866845,12.153272295693455,846.9131903053471,6.652561234281077,0.12113821634452357,4.698725814600648,4.700287092109762,-10.139,12.589,12.589,0.07039420492135984,-0.677274921341338,2.678347035680607,12.153272295693455,907.9318086914229,6.350943398967745,-0.10194906748050184,4.369565079778433,4.370754236831356,-12.668,13.165,13.165,0.2969921693209205,0.47435526924955074,3.012065947122244,46.87690742624618,1244.5978272872096,6.774687613173737,48.56
1825,-0.06377246524245501,5.944888979297225,5.945231021877342,-13.947,16.672,16.672,0.12405434418107969,-0.9038240263767992,2.804264449716108,24.30654459138691,969.0013502809633,6.686366075986136,0.012788131570023623,5.446953655354124,5.446968667055531,-13.768,17.677,17.677,0.3539275356918154,-0.019260745684090086,3.245291295122441,12.153272295693455,1216.4250183030838,6.77925327134561,-0.06376147846727709,4.932843654558706,4.933255724818695,-13.963,14.542,14.542,0.23173510505496706,-0.014421496451996862,2.9477490750866036,71.18345201763309,1289.477343762142,6.8635814898724075,49.58
1825,-0.05683418107833164,5.452948544148578,5.4532447175301915,-20.642,15.517,20.642,-0.0144826641364818,0.020452076116172613,3.7852693339881673,12.153272295693455,817.3025155334261,6.639957546141422,0.06342963716514068,4.682898046946013,4.6833276029935895,-10.509,12.984,12.984,0.05621280351074498,-0.594821728417779,2.7723877338199894,12.153272295693455,946.8284459131756,6.399615997770657,-0.09048850457782304,4.982505921352298,4.983327545503251,-12.369,16.568,16.568,0.23664431223311805,-0.2206367199748276,3.324686135662562,12.153272295693455,994.6856497127826,6.615113565338197,49.58
1850,-0.03358385893523226,5.447089334760216,5.447192863892325,-15.247,13.814,15.247,-0.04019516893983982,-0.800967009183073,2.799056391240967,24.30654459138691,978.2184331265327,6.748129198808205,-0.08864923702950146,6.005481244571345,6.006135501811802,-15.032,17.901,17.901,0.37264715047668273,0.008496850735913775,2.9804522383153045,12.153272295693455,903.9127559058055,6.4348603649401275,-0.035185283146829435,5.386272048204334,5.3863869691489334,-12.176,16.379,16.379,0.2601995418629003,-0.13532225958698518,3.040813831945672,12.153272295693455,1114.1387547946713,6.643204645669609,51.55
1850,-0.032512716174974546,5.204583894948457,5.204685446429008,-16.139,14.549,16.139,0.0012129206025513729,-0.22232117466616375,3.100859824501622,12.153272295693455,1104.8630579505311,6.871052980526396,-0.18353909799932194,6.379071571138894,6.381711424861425,-17.94,20.347,20.347,0.13283586657727148,0.08201114027186973,3.1883296886057213,12.153272295693455,806.8608167859768,6.184426749477398,-0.0012779925398439722,4.817341630566481,4.817341800085795,-11.749,13.803,13.803,0.29056464686233424,-0.4618403971520748,2.865273126302596,12.153272295693455,1063.098896186501,6.689185462238768,51.55
1875,0.04681492031197015,5.550461587200471,5.550659012022967,-14.884,20.165,20.165,-0.004265164557257234,-0.5898940366674248,3.6329019592667713,12.153272295693455,1096.8731637235512,6.834484429067686,0.03221498813156998,6.663365909893772,6.663443783404703,-19.426,18.951,19.426,0.40361205219700463,0.08541615866678232,2.9153093552586764,12.153272295693455,1105.0375330260413,6.506700497224889,0.016706205493387503,5.756200964248263,5.756225207383274,-13.759,19.795,19.795,0.36087460518473946,-0.1942596818750979,3.438885604164647,12.153272295693455,1107.4311130179394,6.650129413877326,51.73
1875,0.060189013224821966,5.317708865751284,5.318049482489118,-15.073,15.536,15.536,-0.04579102108363323,-0.3168149182348978,2.921371839648314,12.153272295693455,789.736636666692,6.472130199821783,-0.13779844014920314,6.6319409578718975,6.633372391084823,-18.419,16.919,18.419,0.13923801422117754,-0.42398375583996506,2.7767173187434686,12.153272295693455,886.1338875954425,6.294766645578959,-0.04385269582909474,5.053911712790594,5.054101963713577,-13.015,15.157,15.157,0.190377763443897,-0.43374808946914767,2.9989501812233264,12.153272295693455,1136.546056508663,6.579402758532348,51.73
1900,0.04626849779586304,5.649569778775231,5.649759239041845,-18.909,14.308,18.909,-0.1683310615459933,-0.5609880903830082,3.3468682823388445,12.153272295693455,973.5690730481655,6.767554363198968,0.002135232282129623,7.554311427370377,7.554311729132944,-18.8,19.963,19.963,0.23013364820166318,-0.35309898599497647,2.642596799786985,12.153272295693455,888.7607904304994,6.403185604109144,0.06577572058324851,6.638473908118973,6.638799761567948,-15.653,22.009,22.009,0.3796285705035872,-0.12338568307889108,3.315207686698164,12.153272295693455,1074.3878702771651,6.621635256727599,53.54
1900,0.06468470668023052,5.172865787598533,5.173270200539084,-16.109,13.982,16.109,-0.3168340733462263,-0.12307844479968022,3.1138910931660506,12.153272295693455,931.1585499033253,6.6718668603335045,-0.062524516785351,6.666289730161416,6.666582938931668,-17.336,18.165,18.165,0.16718480714709608,-0.5790700186453575,2.7247842210016775,12.153272295693455,797.9344130114703,6.191150204753439,-0.12168579179382842,5.547987497350222,5.549321823671688,-13.432,17.123,17.123,0.2724516937984965,-0.3574532719399235,3.0856022671020065,12.153272295693455,1104.2872275387624,6.683264044052075,53.54
1925,0.11788416412343171,5.830521720679071,5.831713316981684,-16.318,16.858,16.858,-0.18609203356271856,-0.5207105240593553,2.890745666614007,12.153272295693455,1209.6808157761004,6.955736078392263,0.2854048151915903,8.21360901195069,8.218566110321929,-18.786,19.75,19.75,0.18430828786152476,-0.735330633438533,2.4030955929399194,12.153272295693455,897.7002821826455,6.337033943855619,0.19161254662597485,7.102674762495394,7.105258908007047,-15.878,22.649,22.649,0.24411784768221037,0.06374801202367175,3.1876389436669825,12.153272295693455,1020.8291848382407,6.5375034945295605,54.75
1925,0.12263452017633103,5.264525743411944,5.265953904905166,-19.75,15.336,19.75,-0.16287026363616616,-0.17921623171498124,3.7505075731109496,12.153272295693455,918.7189345686137,6.721666685864544,-0.15849060698541875,6.772275897956561,6.774130210628221,-15.801,16.032,16.032,0.21544295681385478,-0.8760044368696756,2.366650699280435,12.153272295693455,791.5219306772963,6.15038402970795,-0.018494676161410723,5.968082444982985,5.968111101777546,-13.875,19.945,19.945,0.2956987892952708,-0.09952317938856892,3.341928402448736,50.349270939301455,1010.2186666035235,6.597777020807016,54.75
1950,0.09162312648355382,5.8613096371583975,5.86202571300677,-19.172,15.71,19.172,-0.24750463024969072,-0.5077087542878105,3.2705417783243114,12.153272295693455,936.9408045555243,6.719645372990344,-0.0016646320786705866,8.51002030771659,8.510020470524658,-17.284,21.701,21.701,0.2558148723828201,-0.8383299905579333,2.5500526203390077,12.153272295693455,1122.0556862628544,6.499503313493452,-0.07535272973889454,7.084088947290249,7.0844896955955114,-18.767,20.174,20.174,-0.09480533453153848,-0.11847530710771892,2.8476292389192617,12.153272295693455,1010.7506420002312,6.486071926828068,56.56
1950,-0.04006015598507967,5.139972194796903,5.140128303786087,-16.438,13.92,16.438,-0.14788136990404555,-0.21029242262435677,3.1979746474211916,50.349270939301455,1138.9916209370235,6.9136936129759174,0.02380074601559863,7.112190315684059,7.112230139838068,-14.519,17.697,17.697,0.22611844706352666,-0.9167087414955182,2.4882490656303378,12.153272295693455,914.8091669814927,6.258879225960673,0.14169345540861306,6.504450563750789,6.505993711308333,-15.934,17.656,17.656,0.07201851813263405,-0.297018686505901,2.713805266874357,50.349270939301455,1204.9661155012625,6.679254092871657,56.56
1975,0.021852967107494004,5.737312582814523,5.737354200770008,-18.82,16.236,18.82,-0.10939354987915752,-0.5402700610056179,3.280257648634309,12.153272295693455,1048.9462401568428,6.72476936724501,-0.15915415395049157,8.476690242225366,8.478184210511024,-20.498,24.39,24.39,0.45569605959822035,-0.6289879964068832,2.876795242283358,12.153272295693455,754.6398481296076,6.180989009576529,0.054063682604272564,6.9887179431610225,6.988927054336565,-19.024,18.588,19.024,-0.029594008176448378,-0.1174317221979222,2.722020111541411,12.153272295693455,1188.1804976303858,6.69429978954476,57.64
1975,0.073222516107155,5.191405652370907,5.191922012543492,-17.473,14.619,17.473,-0.13903876474994212,-0.22179365608893908,3.3654203506496967,12.153272295693455,859.025956058277,6.714556433446833,0.11340495083079025,7.3129119636202,7.3137912241553895,-14.319,18.847,18.847,0.29756535981349125,-0.8685944935564298,2.576912496183057,12.153272295693455,1273.1328269263997,6.6243802980392115,-0.061195930824008156,6.7467997415006264,6.747077270482555,-17.872,21.916,21.916,0.20386818234585855,0.0994459166744659,3.248221284774549,52.08545269582909,942.3512279706757,6.474769839308206,57.64
200,0.009969074262461852,0.25729373891323404,0.2574867967985969,-2.2,1.926,2.2,-0.44268590444773304,13.377306470721145,8.544127416835334,24.30654459138691,1629.6052183702125,7.379176178776994,-0.006125669718548667,0.30040173351883276,0.3004641831077717,-0.83,0.823,0.83,-0.05198580479561674,-0.5413127814335614,2.7623924802454485,19.097999321804,1961.426142643994,7.382416859644579,0.007606035944387928,0.16203601332511372,0.16221443029855193,-0.667,0.572,0.667,-0.04336177889549739,0.26604356889228686,4.111841337249725,13.88945405222109,2383.5386401212586,7.755220810482554,3.35
200,0.00709813496100373,0.19130684138785523,0.19143847858182172,-0.662,0.66,0.662,-0.05975367659385907,-0.0921958883832601,3.4580299890811035,20.834181078331635,1939.4151490721495,7.544235834213312,-0.0005993896236012223,0.29945421027004704,0.2994548101406595,-0.794,0.941,0.941,-0.004472049821334103,-0.4338990077155245,3.1423773074741885,19.097999321804,2134.799978026095,7.451298089660876,0.011639064089521874,0.19473422761067308,0.19508174495837746,-0.649,0.712,0.712,-0.10828340285924216,-0.016273764941738822,3.649752057281997,22.57036283485927,2195.242279605887,7.612494636077017,3.35
2000,-0.029985622244828643,5.890546931774609,5.890623251658577,-20.299,16.311,20.299,-0.04491630110315892,-0.36023492013608216,3.4459851076513113,13.88945405222109,1014.4293189271671,6.8489776585622035,0.2082100373007799,8.814216840186852,8.816675673147236,-17.311,25.818,25.818,0.549199778314801,-0.6123958608441726,2.928314588982029,12.153272295693455,1088.043346123974,6.49574937143379,0.0842541200406917,6.920957735432289,6.92147056140412,-18.677,18.648,18.677,0.04255631755155395,0.10891722802684445,2.698415002174206,13.88945405222109,941.3888369719192,6.511231908553253,59.41
2000,0.07217511020684975,5.205663287399074,5.206163607524057,-19.51,16.023,19.51,-0.12368438789296507,-0.055202811914297545,3.7474811532629784,52.08545269582909,877.7709157830744,6.722650745891161,0.22153455408613096,7.880695243778084,7.883808412433718,-13.66,21.261,21.261,0.4277575518496922,-0.8253464405012112,2.6967930837168534,12.153272295693455,865.5995697899662,6.217073797572894,-0.03561017293997971,6.714021632545114,6.714116067413533,-19.072,19.512,19.512,0.09583846703590905,0.061558615799047534,2.906115980732006,52.08545269582909,1240.0956743480265,6.726906379435454,59.41
2025,-0.07997416073245155,5.7759221696579415,5.77647580937815,-17.303,17.021,17.303,0.0011008335588146804,-0.4097670020152009,2.99542499111802,13.88945405222109,994.4399597976525,6.820904868588913,-0.2506016954899965,8.971297054752387,8.97479649097356,-14.73,23.955,23.955,0.6589848022336914,-0.6472061432381357,2.6691413029914206,13.88945405222109,1051.6122272958762,6.392787394401456,0.030483214649033658,7.074681787734387,7.074747460091841,-18.926,19.428,19.428,0.07017741380246136,0.09179579046641795,2.746105088498494,13.88945405222109,1280.4920632734315,6.747947055830912,60.31
2025,-0.0606439471007121,5.382527804644102,5.3828694258812195,-24.405,18.051,24.405,-0.602406894656844,1.096957416899751,4.533827233976552,13.88945405222109,918.3892771024127,6.7975764371142615,-0.20239660902000686,8.07429135352589,8.076827672357863,-13.137,21.837,21.837,0.6602423373603493,-0.6394478358379319,2.7036605070496864,13.88945405222109,1209.306800918887,6.531267543941572,0.04226531027466958,6.71918572862478,6.7193186568436785,-17.159,18.516,18.516,0.10099820066538208,-0.18884974740451943,2.7556365378119563,13.88945405222109,1069.889568881092,6.608763335097859,60.31
2050,-0.1251015937605968,5.785575025536769,5.786927404493357,-16.842,16.465,16.842,-0.12065259144826294,-0.3154836561799774,2.910352735187717,13.88945405222109,1016.9543539916712,6.836992681927944,-0.46348111224143795,9.150082431702504,9.161813316606892,-14.027,25.094,25.094,0.722845346681178,-0.6210853979859889,2.738977441781541,13.88945405222109,814.6849565214641,6.190576278510816,0.205216005425568,7.134061220858123,7.137012197820214,-19.249,19.707,19.707,0.1182244062280442,0.022278863252681358,2.76123950103643,13.88945405222109,1004.9352927434431,6.588153230086967,61.61
2050,0.005044625296710714,5.379609008815967,5.379611374065816,-22.869,15.424,22.869,-0.2536027606289336,0.44092619340419326,4.251050570353005,13.88945405222109,962.7350813941939,6.786579053458437,-0.35927995930824025,8.459517311942596,8.467143275049562,-13.367,23.604,23.604,0.7180541997175245,-0.6391444007295104,2.787717088661386,13.88945405222109,1136.7928583189052,6.4748983998674765,0.13755110206849785,6.797983164096422,6.799374633377591,-17.225,19.619,19.619,0.1832267803385217,-0.3437951725703061,2.8854124177379323,13.88945405222109,1029.8716356710577,6.623770529410323,61.61
2075,-0.14908240081383528,5.714089167448824,5.716033640190408,-18.624,16.749,18.624,-0.18200864356535995,-0.2228541945265663,3.258203357840912,13.88945405222109,1013.8781491152112,6.8451645380728445,0.01990613767378776,9.560770709160588,9.560791432065662,-14.726,30.204,30.204,0.6719154409508147,-0.761313743288563,3.1591526930186635,13.88945405222109,1176.9319053891215,6.601660417879823,0.15823438453713115,7.360919920228869,7.362620470489568,-18.525,23.753,23.753,0.21731751298833674,-0.04012928253200965,3.2261611331461957,13.88945405222109,1109.7161087640786,6.644907181200745,63.64
2075,0.057238182434723714,5.2683704698797715,5.268681392666446,-19.337,19.566,19.566,-0.0940410347153119,0.18251264170301118,3.7136426634630437,13.88945405222109,888.3607810573459,6.786495573611222,0.2719306883689387,8.720209821499179,8.72444872930362,-12.831,25.194,25.194,0.7071214257271606,-0.7300392234269522,2.887746926104174,13.88945405222109,918.9356923303504,6.27614727799322,0.03297416073245158,6.717760275168031,6.717841201599042,-15.544,20.179,20.179,0.2691321148668059,-0.4056317223510204,3.0037923485295854,13.88945405222109,1250.1904356115592,6.840435033597612,63.64
2100,0.07095096642929795,5.725373215562494,5.725812824142758,-19.52,17.252,19.52,-0.19839250115762977,-0.0329515730172778,3.4091229663838063,13.88945405222109,1001.9995604606959,6.862574728922316,-0.0012438792811122188,9.475134791258295,9.475134872905455,-14.968,26.566,26.566,0.693419411353547,-0.7665840023589121,2.8037595618788065,13.88945405222109,1142.6534385242073,6.588517179688219,0.10442278738555458,7.380106185019265,7.380844898836784,-18.198,20.288,20.288,0.324918402240689,-0.05244962681434506,2.7487368015547076,13.88945405222109,1158.211314074183,6.644974741750793,64.67
2100,0.021873516446252895,5.173548525655433,5.173594765541,-19.607,18.722,19.607,-0.07422753531543344,0.01594924862357372,3.7898213695810608,13.88945405222109,1032.4069312225465,6.948330318630359,0.24043268904713463,8.450146068140022,8.45356590149179,-12.496,23.109,23.109,0.7137653236893228,-0.7253551023604787,2.7336393031397535,13.88945405222109,1055.0233177394116,6.3896611092768065,0.11336724313326557,6.449655841869452,6.450652107374602,-14.408,17.568,17.568,0.18186847890891933,-0.6258127337478308,2.723445584658902,13.88945405222109,1047.0738954298786,6.6129877239521555,64.67
2125,0.02058162088843678,5.610455418295337,5.6104931693923215,-18.428,17.289,18.428,-0.037362993044169256,-0.1665520192115877,3.284559742543267,13.88945405222109,1250.2458567809265,7.026600953189901,0.08624435401831133,9.768700415502536,9.769081118326302,-17.23,25.804,25.804,0.6460365321859652,-0.817052651959608,2.6413947931697486,13.88945405222109,988.3789087453645,6.441857035719098,-0.026316514072566934,7.548022019557164,7.548067896265425,-18.781,20.821,20.821,0.42778552587919855,-0.13468849228764412,2.758454254273687,13.88945405222109,1118.8661921028995,6.621738174011199,65.65
2125,0.020666598847066727,5.105718474853049,5.105760301146504,-17.829,19.739,19.739,0.06382096959392904,0.21809025632760548,3.866025593792091,13.88945405222109,931.7607663562009,6.83921009552329,-0.06325391658189235,8.690243376120405,8.690473577093915,-12.795,25.203,25.203,0.710418654569809,-0.6864215292902989,2.900072104980481,13.88945405222109,998.9797027138185,6.340792536973122,0.04414913530010164,5.944346143948983,5.944510091271517,-14.998,14.689,14.998,0.0035679335063010576,-0.5839935048823119,2.523000174904567,13.88945405222109,1025.977173306813,6.634257780029041,65.65
2150,-0.01248084096303824,5.500663201809219,5.500677361119192,-18.269,16.71,18.269,-0.20953232964646948,-0.0499445910288383,3.321227332679426,13.88945405222109,1148.1667309990094,6.9488836859204826,-0.01305106815869787,9.833280648209222,9.833289309118594,-14.673,28.456,28.456,0.6337126596419301,-0.7988652874212527,2.8938434643240094,13.88945405222109,807.7887404683502,6.166373993255445,-0.05666883689386238,7.4581849526219495,7.45840024030565,-16.202,19.467,19.467,0.5638532437172389,-0.1457303729662005,2.6100771442646833,13.88945405222109,996.2048014709927,6.453177269315096,68.02
2150,0.05180942692438122,5.07634167439015,5.0766060524595,-24.305,15.578,24.305,-0.3705180069330516,0.5037800711075642,4.78764744572307,13.88945405222109,1017.0129288345477,6.893667181921924,0.0008033231603934943,9.43653378121314,9.436533815406207,-15.603,24.944,24.944,0.6341750712016415,-0.8039303411407173,2.643343465720019,13.88945405222109,1024.6524022418569,6.360926205623506,-0.04822604272634798,5.82582814661307,5.826027750111231,-13.85,16.427,16.427,0.22238331547505363,-0.3501576039315637,2.819588354979321,13.88945405222109,1157.3855660095019,6.729153905189789,68.02
2175,-0.03647243133265513,5.857261118490099,5.8573746720201525,-20.338,18.067,20.338,-0.18612250064840205,0.05794274952650991,3.472204040003065,13.88945405222109,961.1619484950731,6.816831274693431,-0.03820569684638841,10.0665283417782,10.066600842940744,-15.984,26.768,26.768,0.5657033661699923,-0.8652348290342111,2.659090234890082,13.88945405222109,831.1036931134126,6.171435211182894,0.09877307561885373,7.572723519607894,7.573367654147645,-15.159,20.36,20.36,0.561543641960209,-0.31858168978220647,2.688368098549871,13.88945405222109,935.3826521999769,6.37230624942838,69.06
2175,-0.017938487622923036,4.843853593942838,4.843886810082493,-23.441,16.232,23.441,-0.35202787198214147,0.7229356020867659,4.839295573795786,13.88945405222109,803.4073224240968,6.69006301736753,-0.05816127500847746,10.00891545451783,10.00908443912811,-16.25,24.543,24.543,0.6138116790339275,-0.8526274906086595,2.4520724297274423,13.88945405222109,1059.410138654209,6.329163570916248,-0.035895829094608346,6.102102940226088,6.1022085185334545,-15.002,18.791,18.791,0.26964733494372145,-0.39455070981159057,3.079376908037231,13.88945405222109,1384.1842386146614,6.934991558465482,69.06
2200,-0.04092044760935916,5.815762497311914,5.815906456277668,-20.458,17.153,20.458,-0.10384053974452925,0.05282285643465201,3.5175944031764312,13.88945405222109,978.7729192147865,6.81216848537002,-0.07186924381146154,10.62029259517751,10.62053576781267,-17.336,30.274,30.274,0.5181566897766388,-0.9008657819213375,2.850515328214465,13.88945405222109,1069.953189609384,6.437684830536007,0.07414445574771114,7.5057354586385046,7.506101663006003,-15.422,20.279,20.279,0.5693145818783489,-0.3511095952440888,2.701668710396706,71.18345201763309,1169.562541840393,6.643510827312781,70.69
2200,0.06670498474059007,4.773304380258078,4.773770445002587,-18.003,15.885,18.003,0.005857032140708174,0.14101658685090612,3.771232866642427,13.88945405222109,1054.7075441869154,6.886462834401856,0.05897321125805348,10.783485155148755,10.78364641162532,-15.705,27.524,27.524,0.69617195062198,-0.7270884411777896,2.552383391422008,13.88945405222109,1188.684866369067,6.415095663300421,0.054492166836215536,6.209588825986459,6.2098279190378864,-15.585,18.87,18.87,0.21619058838827962,-0.3293940712072043,3.0387315471575267,13.88945405222109,1228.7791190004118,6.797282935085817,70.69
225,0.006232010851135977,0.3496963344100453,0.34975186098013955,-2.459,2.981,2.981,0.5683150489311496,5.0027357582448975,8.523185528294514,24.30654459138691,1475.8735190767457,7.2834698218361185,0.017881247880637507,0.4404269295840312,0.44078976772219425,-1.456,1.658,1.658,0.1790888802025726,1.1149699376474578,3.761430326678878,20.834181078331635,1858.3428023735935,7.13842107134537,0.0032899287894201435,0.2383148507637939,0.23833755836210294,-0.705,0.869,0.869,0.2587273623351432,0.16665007470543713,3.6460892104958984,20.834181078331635,2052.4447222889876,7.495744595320159,3.34
225,0.0034970498474059045,0.26039220257240137,0.26041568408631177,-0.735,1.0,1.0,0.16348323724597189,0.24576570489159266,3.840014488791549,20.834181078331635,1838.221006902631,7.391270141398253,0.013196202102407595,0.4764946591685605,0.4766773541569708,-1.272,1.388,1.388,0.046338626539143994,-0.3152798035179467,2.9118228250107485,19.097999321804,1928.9003971121222,7.158153005546114,0.005846863343506272,0.21006280903111343,0.21014416372814085,-0.712,0.971,0.971,0.2716054247321229,0.4149155171062704,4.620637484161409,20.834181078331635,2077.307029043163,7.5688330266261525,3.34
250,0.007279348931841302,0.3643227657969998,0.36439548103516195,-1.992,1.581,1.992,-0.2270836107271873,1.4217912005011062,5.466588099120209,22.57036283485927,1541.7693722755935,7.236846972357044,-0.0034878263818243355,0.5751582371542203,0.5751688123492268,-1.49,1.824,1.824,0.16833185369366171,-0.4644410996475421,3.1712428783299833,22.57036283485927,1629.1493140126777,6.9433898555301745,0.0061523228212953494,0.2463861569651286,0.24646295750100544,-1.356,0.798,1.356,-0.33293946618483244,1.3520448307605406,5.50184098149706,17.36181756527636,1896.2592241663174,7.421710338996472,3.32
250,0.00963106137673788,0.27469911268068264,0.27486789527115907,-0.846,1.028,1.028,-0.008123821520933435,-0.07809126042822179,3.739978432133265,22.57036283485927,1655.790723490658,7.34579862240937,-0.00016385215327229934,0.5223411901207792,0.522341215820004,-1.402,1.365,1.402,0.058571034590286196,-0.6161214200744727,2.684069258825483,17.36181756527636,1856.9378609864953,7.098227247078632,0.010567853509664295,0.22414288247491077,0.22439186993285515,-0.984,0.739,0.984,-0.33312142793043625,0.8649673813275527,4.385185614320353,20.834181078331635,2035.0530612695466,7.525097891767466,3.32
275,0.013178162088843669,0.3105232959469395,0.31080280127725757,-1.477,1.279,1.477,0.07788262313713433,0.954274820939466,4.7522094200251885,19.097999321804,1736.6881465529195,7.406063946364956,0.0031596473380807247,0.6904080022042336,0.6904152322182224,-1.917,1.953,1.953,0.019386106401049662,-0.3737532639044665,2.8287324914968086,19.097999321804,1483.5043093683764,6.830151468057655,0.003085588335028826,0.2865342459916028,0.2865508593275365,-1.175,1.415,1.415,0.03308737576479481,1.6353319535534956,4.9380413770897515,19.097999321804,1769.3415169936093,7.302213519260104,4.33
275,0.008234520176330954,0.30602952526007593,0.30614029080381083,-1.123,1.248,1.248,0.11504401754307939,0.06822106998919386,4.076562404521192,22.57036283485927,1540.3769840630143,7.239561683307528,0.0011257375381485252,0.5278001058208337,0.5278013063544728,-1.599,1.713,1.713,0.004633596609372346,0.047921322773377906,3.245539522877847,19.097999321804,1746.6042092820644,7.1002752203963,0.012027263479145473,0.26952044863162455,0.2697886715512513,-1.021,0.832,1.021,-0.22767345794562555,0.31211586272152037,3.784443557727524,19.097999321804,1829.5846308005064,7.393563038999015,4.33
300,0.01918446931163107,0.4602525370340559,0.46065219169027505,-1.322,1.282,1.322,0.04973072070780183,-0.28754313329690806,2.8698441554118608,19.097999321804,1519.9937974548372,7.106604831234173,0.009007053238385888,0.8996985061967477,0.8997435907305473,-2.47,2.745,2.745,0.18367796558918148,-0.34850328517994233,3.0508691901558262,19.097999321804,1354.1736228356472,6.578714499788634,0.015339233638521535,0.42573336667655315,0.42600961443419283,-1.561,1.372,1.561,-0.013233208897347469,-0.1956411780353573,3.6642365503258683,19.097999321804,1634.1741673520169,7.100788707275236,4.34
300,0.011368599525262809,0.4154642383050337,0.415619752135949,-1.132,1.356,1.356,0.11940181318467127,-0.051129519301212234,3.2625975859695266,20.834181078331635,1478.8051704732025,7.101750361273681,0.05484550695150897,0.833800987209135,0.8356028457967913,-1.958,2.316,2.316,0.1520455291375618,-0.4374145955254334,2.7716516424636777,19.097999321804,1541.2276613910487,6.722081549312551,0.01487724652424551,0.3859848100272875,0.38627141498685147,-1.13,1.288,1.288,0.13716560910474185,-0.4313625547993669,3.3344429590883475,19.097999321804,1621.5574883020452,7.176454128435046,4.34
325,0.02396202102407596,0.6393662622283154,0.639815126210193,-1.753,1.674,1.753,-0.12447502141961882,-0.5311801419074356,2.7398539487234657,22.57036283485927,1404.4860927752904,6.949197067220114,0.059773550356052904,0.9986137296964865,1.0004010488101733,-2.77,2.912,2.912,0.11835243498177293,0.03882785861528504,2.910832614043524,20.834181078331635,1210.390805645518,6.388043390836392,0.016264971176670057,0.5125436243089725,0.5128016342672427,-1.914,1.62,1.914,-0.17223394175019938,0.11486558779053802,3.7324374028857585,20.834181078331635,1477.5824143692878,6.948464556748929,4.33
325,0.005154153950491696,0.630678106779933,0.6306991673329416,-1.892,1.778,1.892,-0.07393922010038421,-0.5078766663586891,2.9998454064887428,22.57036283485927,1349.2010939879783,6.873997749513393,-0.013386503899626999,0.8605505809822628,0.8606546931932485,-2.561,2.298,2.561,-0.023305675365552343,0.04526185153175932,2.9756417065455563,22.57036283485927,1547.6660897918011,6.805691747824506,0.003552187182095634,0.4600279977393774,0.4600417119543371,-1.354,1.731,1.731,0.12927920240459842,-0.11638591356338024,3.76270228333516,13.88945405222109,1491.8519996185114,7.018326194643137,4.33
350,0.004906883689386233,0.542421595933379,0.542443789938142,-2.057,1.837,2.057,0.01663878259563834,-0.23941880297403628,3.7920979798378216,22.57036283485927,1315.0789959564925,7.079272835939739,-0.013618040013563908,0.7304452438357087,0.7305721766232403,-1.973,2.055,2.055,-0.19194657814758137,-0.4601678847274937,2.8128637604272932,17.36181756527636,1298.861092097739,6.67883837398742,0.011987317734825371,0.4172642765386321,0.4174364290066017,-1.606,1.347,1.606,-0.1514689589314848,0.32948329851916647,3.8472923980829696,22.57036283485927,1478.7363944548938,7.058124068570413,4.33
350,0.014964733808070533,0.47369468840928247,0.47393100878198885,-1.595,1.806,1.806,-0.1549632889241796,-0.12106839570237238,3.810681231096172,22.57036283485927,1285.3251094121395,7.012402493515026,0.0027657511020684955,0.6488088146120013,0.6488147095260626,-1.876,2.032,2.032,-0.12694958720354357,0.07782463115090765,3.1318648763131587,17.36181756527636,1469.9866796725485,6.791328581065505,0.004053034927093935,0.4191615879275471,0.4191811826478654,-1.649,1.388,1.649,-0.27438144623547617,0.22908154592408847,3.933859792044263,22.57036283485927,1577.1346271242733,7.132516481716605,4.33
375,0.010293523228212954,0.49864487068669877,0.49875110394123867,-1.595,1.767,1.767,-0.05494928959982107,-0.10778116640438329,3.5428493010577524,24.30654459138691,1300.497763791008,7.051944265391383,-0.03524923702950151,0.9889782253504313,0.9896062039662293,-3.443,3.191,3.443,0.16197110515284036,0.29864769154760973,3.4791616970476205,19.097999321804,1140.9904676939907,6.442880976337837,0.0029133943709732132,0.453208470607165,0.45321783470738036,-1.887,1.511,1.887,-0.24361308289808287,0.4766955024635138,4.163560776945902,19.097999321804,1451.3649465938647,7.041180232780861,5.33
375,0.005074601559850789,0.5277061100831376,0.5277305090669553,-1.658,1.887,1.887,-0.13639618150118846,-0.16930571384378634,3.575688666050931,24.30654459138691,1255.5334897077826,6.9857301384365575,0.026617904374364187,0.9187385335334546,0.9191240426800322,-2.581,2.851,2.851,0.12630745733690185,0.13719279700713027,3.101866415861452,19.097999321804,1317.9153901469822,6.619565364042075,0.013604747371990508,0.43097677528930883,0.43119145398514924,-1.874,1.561,1.874,0.01787449314112496,0.5876647965429376,4.3460972676525795,19.097999321804,1467.658797028902,7.037412753386686,5.33
400,0.013081383519837233,0.5951240027589793,0.5952677559339684,-2.218,1.937,2.218,-0.0065916296549390066,-0.4746633031543328,3.726054330827953,20.834181078331635,1326.7610813188785,7.020555500925003,0.0395192946761614,1.357393780621689,1.3579689430624484,-2.672,3.636,3.636,-0.016674193922001423,-0.935409979434052,2.6775280970713573,19.097999321804,1000.4428267056026,6.178027392942402,0.015284638860630721,0.5667410084502922,0.5669470794036724,-2.028,1.717,2.028,-0.22042711044428556,-0.07743542844114115,3.577053438802605,19.097999321804,1345.6586111485146,6.909146107178287,5.31
400,0.014858257036283488,0.6077641777406833,0.6079457735250448,-2.085,1.951,2.085,-0.07099431894731993,-0.49608514990775765,3.429582194330539,20.834181078331635,1201.1244364551799,6.90284097351199,0.018817633095964726,1.2179475034530598,1.2180928636532091,-2.513,3.119,3.119,-0.003754259690808603,-0.9584113317500416,2.5605601125071358,19.097999321804,1437.8034099370482,6.678281710959775,0.009872363513055283,0.5924420865305894,0.5925243365922215,-2.931,1.96,2.931,-0.38561962099128166,1.3204438287207259,4.9466322630004145,20.834181078331635,1262.3213159827264,6.788418566185197,5.31
425,0.012962699220074599,0.7981659590384849,0.7982712131468193,-3.597,2.329,3.597,-0.11880624980868461,-0.11810645266924702,4.505987364645748,19.097999321804,1112.2312575033995,6.825602790052882,-0.008428891149542301,1.907021499735615,1.9070401271761128,-3.802,4.319,4.319,0.03612839094235379,-1.0034197341260174,2.2647661884259582,19.097999321804,1170.7637578490549,6.260869207468836,0.004674194642251624,0.7573052012959318,0.7573196260532442,-3.04,2.933,3.04,-0.06770265512504453,0.0032173485080191355,4.014157160884498,19.097999321804,1224.5269785937464,6.663458131758114,5.32
425,-0.02065608680908784,0.8344292576547527,0.8346848866204097,-2.831,2.191,2.831,-0.031002135599466095,-0.6787945033122287,3.3916991254778237,19.097999321804,1030.8450245107676,6.677763613593321,-0.03288640217022716,1.6918993936214304,1.692218979205784,-3.559,3.777,3.777,0.06956723761297728,-1.0416127696836317,2.2319806398653412,19.097999321804,1108.3639286419807,6.152998891478941,0.001237029501525953,0.6669547198603318,0.6669558670451602,-2.214,2.073,2.214,-0.04843394568060846,-0.31650843109793403,3.3195599729990652,19.097999321804,1462.2458232927547,6.929917726295365,5.32
450,-0.025480569684638903,1.1710593035728165,1.1713364810829994,-3.355,3.087,3.355,0.1285839087914409,-0.6036448744594272,2.8642495595270963,20.834181078331635,965.1024366548764,6.495013635816012,-0.03748938623262125,1.9730678089060014,1.9734239363657338,-4.577,4.217,4.577,-0.1387200981799801,-0.8592596445757752,2.319319187152976,20.834181078331635,911.8140992207173,5.893955138706454,0.0020204815191590428,0.7609311537899089,0.7609338362522798,-2.393,1.903,2.393,-0.1443063068752597,-0.5163113055873723,3.1448200697525888,20.834181078331635,1269.2271372291382,6.80084365571158,6.31
450,-0.032159376059681256,1.0907503462763997,1.0912243322849038,-3.43,3.393,3.43,0.081223281252608,-0.6565281077959364,3.143258355335568,20.834181078331635,912.669042815484,6.564656306983672,0.009291895557816256,1.6076800121954782,1.6077068641191747,-3.881,3.427,3.881,-0.3148200346346496,-0.7086999532682108,2.413997281852939,20.834181078331635,1265.6415424291142,6.426769219108465,0.025191929467616135,0.7912376112132268,0.7916385480184216,-2.872,2.202,2.872,-0.26634447124923577,-0.48143667076053953,3.6279183311487353,20.834181078331635,1166.352900538038,6.6527895956604075,6.31
475,0.015443201085113586,1.2279302844064715,1.2280273921302864,-2.958,2.804,2.958,-0.13918499414174434,-0.9427217487850243,2.4087410581849413,20.834181078331635,1045.8342299856777,6.578570143142269,0.002167582231264836,1.569561727599444,1.5695632243263349,-4.214,3.613,4.214,-0.283180247866074,-0.5203230860283261,2.6848233538401565,19.097999321804,863.7750519649131,6.072439864699297,0.010648830111902334,0.8078243959587748,0.8078945799353474,-2.52,2.153,2.52,-0.23489361719441287,-0.4823560170034069,3.119218846847154,22.57036283485927,1460.0421743904767,6.960955068730969,6.31
475,-0.028744727026110545,1.0957205290271812,1.0960975034473035,-3.897,2.642,3.897,-0.16652316438937947,-0.4696049643376137,3.5553406405394243,20.834181078331635,913.6550765490229,6.513704522490977,0.03048463886063072,1.4461660664240976,1.4464873331222128,-3.618,3.275,3.618,-0.14664226486907336,-0.6682228072205025,2.501231719873151,19.097999321804,1117.6105208011002,6.279555037064452,-0.0067360461173279085,0.7758660097066201,0.7758952502337979,-2.475,1.867,2.475,-0.17684267419150604,-0.6779916698460009,3.189863579206364,20.834181078331635,1343.928941184,6.824469810000732,6.31
50,0.0016135639199728717,0.07180941869684344,0.07182754487035184,-0.333,0.311,0.333,0.08828915330980038,0.5044486741035374,4.636104444347394,1753.5435740929126,3085.059196763496,8.094740693289632,-0.00013733468972533148,0.1328354938373326,0.13283556483045128,-0.603,0.585,0.603,-0.005396128551970813,0.9871767916129048,4.539446952852253,22.57036283485927,3170.77566234985,8.14452860585098,0.008393218040013565,0.084013748540534,0.08443196108642323,-0.365,0.401,0.401,0.030230643467790332,0.741178123812571,4.74938630869349,1307.34486266531,3142.8657788213045,8.108662082095261,3.03
50,3.533401152933203e-05,0.055294088182433705,0.05529409947199723,-0.24,0.236,0.24,-0.050336276793622264,0.35713083978026683,4.340426958604217,19.097999321804,3205.3691872957043,8.192033414088433,0.008240149203119702,0.08318559354026657,0.0835927211636044,-0.352,0.381,0.381,-0.05906292005583207,0.42507896618951646,4.5578131049750334,20.834181078331635,3268.193458857246,8.143232131072086,0.009649643947100713,0.09424800586612418,0.09474071056334123,-0.381,0.424,0.424,-0.010279213765393197,0.7845718503727799,4.475372809416754,86.80908782638181,2833.81194127607,8.073666378447722,3.03
500,0.006294811800610369,1.2457122720478544,1.245728176363621,-3.035,3.353,3.353,0.03606562396805073,-0.8076487655506566,2.691598427024162,22.57036283485927,1038.4136315788337,6.703472805397627,0.026302407595795173,1.8810640599757413,1.8812479406972795,-4.466,4.035,4.466,0.00021617388461103078,-0.7507616886769126,2.373956087013543,19.097999321804,895.6257166160134,6.004167999881502,-0.008251068158697866,0.9974026580551109,0.9974367861780313,-2.597,3.026,3.026,-0.05793874857304773,-0.7312483973435886,3.0337762171325138,22.57036283485927,1361.746422109717,6.819076570894742,6.32
500,0.010667005764665978,1.2084929371095343,1.2085400134276119,-3.52,3.155,3.52,-0.09147462561433081,-0.7342954940340665,2.9126052599753978,22.57036283485927,1127.5642380289366,6.751162550349359,0.02525045778229909,1.6285191562446049,1.628714900734274,-4.342,4.058,4.342,0.2259280494891895,-0.45354057485504784,2.6659054927553583,19.097999321804,1203.5684518793448,6.354744527095372,0.01545757884028485,1.0508622952098743,1.050975975099987,-3.443,3.028,3.443,-0.0875088904214321,-0.7789335500503931,3.276002574342808,22.57036283485927,1146.8180923094617,6.523346115621671,6.32
525,0.027808748728382533,1.7149891461341218,1.715214592365539,-3.559,3.722,3.722,0.037076234431200825,-1.2267850562742244,2.1699908667794165,24.30654459138691,907.6400644474476,6.423947293301341,0.06673041709053917,2.326478562540503,2.3274353805262997,-5.979,5.258,5.979,-0.07340572316603321,-0.36978915570000837,2.5689220203604437,13.88945405222109,765.2532672147244,5.756666973343121,0.03592878942014245,1.0873232719277863,1.08791671353323,-2.804,3.182,3.182,-0.11405800178495343,-0.28826767019648925,2.9248562508666773,13.88945405222109,1063.4033530921447,6.475485661779952,7.3
525,0.003949406578501195,1.534018115291961,1.5340231992561986,-3.262,3.534,3.534,0.12102155465727153,-1.154672683561056,2.303746124382949,24.30654459138691,1034.7249227936536,6.502488604906861,0.02565825703628348,1.9893388596052504,1.989504321304595,-4.915,4.189,4.915,-0.05385376590729147,-0.3186132916392652,2.470464601342029,13.88945405222109,1052.6117734386537,6.06623570054337,-0.006500983384198039,0.9971836936271705,0.9972048844750453,-3.266,2.643,3.266,-0.03781395221275044,-0.22178687178334489,3.2751544350079147,20.834181078331635,1039.5793381834915,6.464532810160934,7.3
550,-0.01210830790098341,1.5303426177293358,1.530390518383756,-3.625,3.895,3.895,-0.023585603828951248,-0.7196456695939504,2.5451020201781605,24.30654459138691,847.6760398919726,6.364877105230285,-0.07830742624618522,2.670650978988554,2.671798776962409,-5.7,5.001,5.7,-0.13840302639484767,-1.0794252937946947,2.133394194633317,13.88945405222109,708.5526200782526,5.677730551261017,-0.023450389962699228,1.1798681263265023,1.1801011466440552,-3.015,3.089,3.089,0.03713583917053621,-0.7571367546722829,2.617572238434331,13.88945405222109,978.5327513175872,6.475883925465119,7.27
550,0.054713801288572374,1.480505438338398,1.481516099474122,-3.518,3.328,3.518,0.013405199544315134,-0.8123938322222983,2.374594512505633,13.88945405222109,810.1831030772383,6.303573624263582,0.015482061715835889,2.375979908893865,2.376030349490989,-5.551,4.707,5.551,-0.23085266560113835,-0.9925676973342514,2.336249619534185,13.88945405222109,1191.9687714858794,6.2160397165659305,0.002553950491692104,1.0874961100192706,1.0874991089514323,-2.636,2.878,2.878,0.027721462900294286,-0.7225099217068309,2.646438949982194,13.88945405222109,1146.3673811951562,6.5696861170544825,7.27
575,0.039358494404882975,1.1791613185614145,1.1798179970967189,-3.373,3.126,3.373,-0.2355771963251688,-0.6016866812638701,2.858915534684363,15.625635808748726,1002.4945356184055,6.68810134381623,-0.0566158697863683,1.9273979534488277,1.9282292985198612,-4.267,5.106,5.106,0.024840106370061756,-0.8205494947670435,2.6480253172791457,15.625635808748726,868.5955628492158,6.095322310104551,0.0076497117667005754,0.9982980345242156,0.9983273430218293,-2.552,3.185,3.185,0.1511941481583502,-0.2573008500000533,3.1903363383390344,15.625635808748726,1054.0312901855318,6.5856513484046495,7.31
575,-0.02325079688029839,1.2467376694053236,1.2469544562131314,-4.128,3.026,4.128,-0.2524948308370605,-0.5717111140088158,3.3104657346799167,15.625635808748726,842.2577847576931,6.522775093344813,0.0877853509664293,1.8444175770554478,1.8465054742392149,-3.886,4.521,4.521,-0.07965029426256133,-0.9024549918557274,2.4484086633226543,15.625635808748726,1133.8333884081746,6.369553808290902,0.017985893523228207,0.9483040374859193,0.9484745857838915,-2.813,3.284,3.284,0.13990789843475024,-0.266851339267947,3.462401680784997,15.625635808748726,1102.9656914304605,6.628400773402883,7.31
600,0.03625567989148865,1.151351033133648,1.1519217316390522,-3.668,3.058,3.668,-0.18814373641019883,-0.4225601948201323,3.18424411941674,15.625635808748726,928.0601756411568,6.6820832908805805,-0.03428389284503225,2.0252610196556122,2.0255511800606523,-4.108,4.936,4.936,-0.05814428640943057,-0.99100702259642,2.436867578854363,15.625635808748726,917.3123270598142,6.153975204684756,-0.004179993218040023,0.9231559132505263,0.9231653765781709,-2.391,2.756,2.756,0.04964511590850105,-0.5047635119307108,2.9853805936867586,15.625635808748726,1098.7545831495006,6.665220344969672,8.27
600,0.015403051881993892,1.0327653862367088,1.032880243307973,-2.876,2.908,2.908,-0.267460698411736,-0.3381418937787313,2.8154280409959633,15.625635808748726,952.9178741314236,6.70941487935068,-0.011352594099694796,1.89981748686784,1.8998514059793277,-3.675,4.024,4.024,-0.025550705441031774,-1.0357116676105467,2.118060384794002,15.625635808748726,1227.1864368484291,6.480571521383975,0.003106476771787051,0.8610216551257904,0.8610272590304499,-2.087,2.94,2.94,0.0650160256957689,-0.4105127890304736,3.4145260433572733,15.625635808748726,1149.897883075351,6.734082928981181,8.27
625,0.043957138012885734,1.1359837990868566,1.1368339464363701,-3.976,3.214,3.976,-0.10575397851422219,-0.40596471237633525,3.4974325075914163,15.625635808748726,921.0348074388827,6.688981393004869,0.0666708036622584,2.4378929350372855,2.438804411748856,-5.818,5.135,5.818,-0.18335896309542743,-1.0110731364040462,2.385595159649534,15.625635808748726,843.1061335743733,5.953589473370917,0.01673312987453373,0.9423555791181769,0.9425041300336847,-2.586,2.84,2.84,0.10531802004589196,-0.4201297832808728,3.0132493954148503,15.625635808748726,1174.82266421801,6.7642149578424995,8.36
625,-0.015589148864021712,1.1761916420857754,1.1762949462081087,-4.723,3.353,4.723,-0.10615067793267419,-0.37072975357911897,4.0151494446397225,15.625635808748726,1040.6858772263427,6.781204172031707,-0.04200623940318754,2.2384943268261117,2.238888424058127,-5.755,4.899,5.755,-0.20831383810743392,-0.8865810115791666,2.5704719976928097,15.625635808748726,1284.349820587979,6.476016747057362,0.013373753814852488,0.8806158319159414,0.8807173784546924,-2.341,3.396,3.396,0.4710785428446342,0.20097757061074484,3.855947529908658,15.625635808748726,1043.32556247275,6.596327326108436,8.36
650,0.006321193624957583,1.2398444172959082,1.23986053110367,-4.875,4.568,4.875,0.19642941507209954,-0.030798060549436457,3.9318938523355422,17.36181756527636,1136.0114017591434,6.955059456154217,-0.003654323499491294,3.193101465091169,3.193103556173462,-8.266,6.73,8.266,-0.4818226805409179,-0.6421314698608538,2.5887040161972616,17.36181756527636,866.8002818282379,5.892458757723441,0.013431875211936237,1.106310093959121,1.1063916301507113,-2.534,3.618,3.618,0.2715040430945936,-0.589133264600779,3.2700898139541787,17.36181756527636,1036.7789546591175,6.553290310714181,9.35
650,0.0031265513733469163,1.1467380868951376,1.146742349117451,-3.79,3.223,3.79,0.019544064490823347,-0.36936098458467503,3.3050144201239595,17.36181756527636,1102.5483461297197,6.851207684850787,-0.038420752797558425,2.831243141062743,2.8315038191851976,-7.098,5.75,7.098,-0.3446758870118906,-0.9245699568808954,2.506795135470643,17.36181756527636,1030.1540690630688,6.076585506560279,0.012331570023736867,1.0354179086261943,1.0354913389898983,-2.967,3.514,3.514,0.2519598466848356,-0.42284492116051986,3.3935580798076384,17.36181756527636,1188.503983077788,6.682182323602536,9.35
675,0.011417158358765665,1.441127680484532,1.4411729052975275,-4.031,5.668,5.668,0.09817260948938034,-0.2350504147373722,3.9329076887064094,17.36181756527636,824.7671544802475,6.644418862047599,-0.016749406578501172,3.715846104240679,3.7158838535429712,-9.286,7.322,9.286,-0.42779965556882366,-0.8309967363158073,2.4990016819675644,17.36181756527636,706.8308008658375,5.628429828821075,0.026564123431671756,1.4644995995047463,1.4647404990657067,-3.348,3.38,3.38,0.2090320251958285,-0.9353996940501799,2.30757598506763,17.36181756527636,1166.702055746394,6.636486302800115,9.31
675,0.014450118684299743,1.3733627344998376,1.3734387523449534,-4.18,4.108,4.18,0.20348174015831447,-0.4790135964424578,3.0434557004185576,17.36181756527636,913.8931297752796,6.634672643050652,0.006251068158697803,3.236185640817632,3.236191678143826,-7.556,6.303,7.556,-0.26484175229523627,-1.0433679780187577,2.334843158713601,17.36181756527636,843.5887708570507,5.843624757462635,0.022695083079009824,1.4458829443334544,1.446061048334524,-3.745,3.486,3.745,0.16492132326278258,-0.9188382241536561,2.589793843291222,17.36181756527636,870.2026082087733,6.307985060553981,9.31
700,0.05765615462868765,1.7969455107807493,1.7978702402792184,-4.861,5.414,5.414,0.11543488620660958,-0.5815012618879369,3.0113407957401743,22.57036283485927,871.6786354038052,6.636443598663253,-0.09441885384876239,4.859301857129462,4.860219075171813,-9.751,9.592,9.751,-0.1906117909256003,-1.1858259986902477,2.0062881629785987,17.36181756527636,583.7444803145188,5.291586182916209,-0.005579993218040055,2.0181922639755703,2.018199977875124,-4.684,5.21,5.21,0.23352872661121013,-0.6360454143932008,2.5815083030004713,13.88945405222109,1111.1689604912315,6.379370096470406,10.29
700,-0.019553679213292662,1.764200402142328,1.7643087613255026,-4.056,4.616,4.616,0.17973312732133076,-0.6972194439263131,2.6163220980278177,22.57036283485927,824.0805151039514,6.525725100223641,0.1430815869786368,4.290237070731926,4.292622329487512,-8.794,7.791,8.794,-0.18434743827415356,-1.162993718963493,2.0486311920783162,17.36181756527636,644.3372257287399,5.41834788740945,-0.019164733808070548,1.9012973856247095,1.9013939716968942,-4.446,5.117,5.117,0.2571856432359758,-0.569272785126465,2.6911834560164016,22.57036283485927,864.5676798556677,6.121841113929605,10.29
725,0.013351102068497779,2.304204960278527,2.304243639656755,-6.635,7.011,7.011,0.23056694329844854,0.06577867746981259,3.0426470010976674,19.097999321804,906.7805586797253,6.440206850324582,0.22762373685995252,6.182214305280254,6.186403339743853,-12.802,12.913,12.913,-0.0822580853199891,-0.8683931263700404,2.0873194473179404,19.097999321804,640.0441460783189,5.307669736716319,-0.015503831807392371,2.3445066494612803,2.344557911029043,-5.235,6.267,6.267,0.32328743847904123,-0.5387902030481144,2.6729985941142185,19.097999321804,1033.6545301039941,6.293000878052039,10.32
725,0.04279213292641575,2.3055663978538283,2.3059634822678934,-6.564,6.637,6.637,0.20619206043825386,-0.090417430359226,2.878189551151336,19.097999321804,709.5681896722148,6.2690055006499055,0.08264333672431318,5.647608778870922,5.6482134202139385,-11.548,11.918,11.918,-0.06513669565194263,-0.9492174162082532,2.110047746664038,19.097999321804,719.587545134868,5.315534953450901,0.035286334350627314,2.18323139402212,2.1835165319355094,-5.342,6.349,6.349,0.444034024420746,-0.3112605081756894,2.9076949531369607,19.097999321804,966.471007972649,6.28015029400233,10.32
75,0.008408477449983045,0.06671454439167565,0.06724234474210232,-0.297,0.318,0.318,0.1422948889003396,0.5353523381308527,4.729162869314568,15.625635808748726,3129.8465251387743,8.098073125145321,-0.00013733468972533148,0.1328354938373326,0.13283556483045128,-0.603,0.585,0.603,-0.005396128551970813,0.9871767916129048,4.539446952852253,22.57036283485927,3170.77566234985,8.14452860585098,0.00929053916581892,0.0886835131364259,0.08916882650461562,-0.456,0.381,0.456,-0.005611322660623791,0.8481858942802245,5.113894820365234,13.88945405222109,3094.1901570826917,8.073390209593478,3.41
75,0.007818446931163106,0.06582594937318123,0.06628863947386485,-0.272,0.29,0.29,-0.09218453362685337,0.27407048697442216,4.374806939797524,24.30654459138691,3055.472387772403,8.123366278415634,3.533401152933203e-05,0.055294088182433705,0.05529409947199723,-0.24,0.236,0.24,-0.050336276793622264,0.35713083978026683,4.340426958604217,19.097999321804,3205.3691872957043,8.192033414088433,0.008203051881993897,0.09993008680612007,0.1002662072148806,-0.395,0.488,0.488,0.0868636777168263,0.5566252801744223,4.8670435788417405,166.67344862665308,2791.253173840243,8.033595218240297,3.41
750,-0.021730145812139726,3.3920241481027698,3.392093751733483,-7.975,7.903,7.975,0.13548133564109258,-0.9222916671861356,2.3510553020312264,19.097999321804,751.8907792261465,6.1341823895784,-0.15260149203119713,7.495444468440518,7.496997732082204,-13.344,14.921,14.921,0.14151154377789063,-1.1741215015973463,1.9902633738500364,19.097999321804,487.0839190799264,5.022254823923493,-0.015519905052560182,2.3626302480513064,2.362681221929826,-6.099,5.639,6.099,0.12830052206939022,-0.952230601289485,2.581389289164608,19.097999321804,1047.5403072735373,6.37717533350686,11.35
750,-0.03408321464903349,3.239915042308431,3.240094311420156,-7.807,7.88,7.88,0.1625115455958297,-0.875835380286158,2.4320279728358094,19.097999321804,720.7411474748011,6.1223203902457515,0.13495991861648005,6.507411890967518,6.508811235420676,-11.736,13.177,13.177,0.04328893478375499,-1.1218469589740716,2.024486426690533,19.097999321804,1154.5386489393536,6.017260065918945,-0.03006775178026453,2.2195130793366875,2.2197167339648867,-4.797,5.108,5.108,0.2285029944831912,-1.0348434736385925,2.3011945271395167,19.097999321804,1046.9264739523035,6.414068202356151,11.35
775,-0.04692675483214653,3.645822812571163,3.6461248060075215,-8.973,8.744,8.973,0.1119650610704325,-1.0644805403955002,2.4609689677148947,20.834181078331635,672.5042999878091,6.067981330378775,-0.022777958630044243,6.356454246229101,6.356495057797443,-10.917,15.213,15.213,0.21266406742254096,-0.9957810696665756,2.3933000594940097,20.834181078331635,903.662352396842,5.80331478858912,0.06157144794845711,2.3824185036818424,2.383214000019322,-7.372,6.979,7.372,-0.06038343174452982,-0.6182156209974781,3.093301734523308,20.834181078331635,983.33473902998,6.347485845871755,11.39
775,-0.05872112580535769,3.5272194397685843,3.527708200361426,-8.025,9.96,9.96,0.14709249750749376,-1.0492694228351762,2.8233627710419937,20.834181078331635,1035.9009853360158,6.3955418048643145,0.11418623262122751,5.496115020779822,5.49730104845658,-10.112,13.936,13.936,0.14099019746186978,-0.9736435755613932,2.535062183635125,20.834181078331635,727.1294984875345,5.602349046383801,0.07571400474737197,2.213634232759199,2.214928695682615,-6.111,6.431,6.431,-0.018386417059858308,-0.7928058657886132,2.9034794720640167,20.834181078331635,803.298253826402,6.220671372305791,11.39
800,-0.017259545608680937,3.5064684399009822,3.506510917127772,-9.468,10.554,10.554,0.08044638317127545,-0.871620075513289,3.0098294998736,20.834181078331635,776.483483901715,6.277536618436166,0.007018311291963378,4.809192017795245,4.8091971388911565,-9.087,12.262,12.262,0.342114143639813,-0.636033695664127,2.5496979320808664,20.834181078331635,613.7998913618424,5.583819831162422,0.015703831807392394,2.425684480797546,2.4257353134081834,-8.161,7.032,8.161,-0.12193841893358781,-0.5449483656391658,3.364340682551102,20.834181078331635,893.4614209314083,6.328563627330735,12.36
800,0.033948118006103735,3.6001557977789616,3.600315853226995,-8.456,10.459,10.459,0.15010608261721206,-0.8660570579824269,2.9050228997618377,20.834181078331635,744.34552396475,6.188030850357955,0.022427399118345234,4.5185073678447845,4.5185630261731236,-8.005,12.124,12.124,0.330608583503574,-0.7027546472643906,2.683153898656162,20.834181078331635,763.7947322233674,5.853136166405571,0.02490973211258051,2.3437166672621506,2.34384903762088,-6.049,7.077,7.077,-0.014532770607038744,-0.7078807942892991,3.019392412398495,20.834181078331635,814.2198003476555,6.182465020184862,12.36
825,0.06515686673448622,3.8478391065337676,3.848390729519709,-9.406,9.42,9.42,-0.03436410198963767,-1.09555588217207,2.447776398519608,20.834181078331635,764.7005218060556,6.418403355057413,0.10928585961342835,4.1793244693874385,4.180753092390418,-7.637,10.366,10.366,0.3984636763938722,-0.6218545460653968,2.4794575931469462,20.834181078331635,615.8333581071704,5.67703223110063,0.05082739911834529,2.8671663616516856,2.8676168450279578,-8.515,8.433,8.515,-0.15170667768961588,-0.69019945078084,2.9693646188345584,20.834181078331635,1440.9851436120875,6.839027536951097,12.39
825,-0.053571447948457154,3.8142713563656994,3.814647543355366,-9.341,10.176,10.176,0.1103717489549918,-0.9776338078565807,2.6676121147090788,20.834181078331635,879.442082725766,6.287864348493435,0.09766564937266871,3.9912024799282118,3.9923972516337214,-6.775,11.013,11.013,0.4865294094733321,-0.5865840546264112,2.758493032098294,20.834181078331635,844.442773804881,5.9680102310419665,0.043815259409969484,2.6698194697905597,2.67017897868849,-6.875,8.193,8.193,-0.07082110735218394,-0.6913789304799014,3.0683336455686385,20.834181078331635,865.2318765435243,6.202025202564824,12.39
850,-0.061163513055272976,4.174839661362512,4.175287675527845,-8.853,9.472,9.472,0.09074052067781006,-1.1772833603403008,2.268586199585047,22.57036283485927,955.5473629361709,6.43308486830704,0.09633496100373007,3.8760638496031747,3.8772608102772983,-7.252,9.268,9.268,0.34038466753488633,-0.8094109048399849,2.3903473234077235,17.36181756527636,638.5663959857972,5.791691867807617,0.024883825025432297,3.4289252354137325,3.4290155255998793,-8.306,8.545,8.545,-0.20478177367106382,-0.9792316009418185,2.4919688861732756,22.57036283485927,723.9899833889841,5.943677434994544,13.39
850,-0.07954486266531027,4.042467289147805,4.043249827676549,-8.22,9.352,9.352,0.10251225015920337,-1.1554809180241459,2.312990885694076,22.57036283485927,1056.8711653138769,6.459260431453691,0.0083430315361139,3.5810277868752665,3.5810375056047627,-6.811,8.325,8.325,0.3872491011664398,-0.7765242163053534,2.3247452692049033,17.36181756527636,747.3658862897031,5.841258679917329,-0.0338714140386572,3.342790869310322,3.3429624689238486,-8.012,8.828,8.828,-0.1468924608528176,-0.7955569465906782,2.640771495960548,22.57036283485927,859.0437285640575,6.112647395384853,13.39
875,0.008700644286198723,4.810402542285801,4.810410410769615,-9.266,10.625,10.625,0.09877910796403894,-1.30148842721352,2.2087512483784337,22.57036283485927,702.8718148074255,6.04406406633433,0.055778636826042734,4.022159375409982,4.022546121242687,-7.941,9.529,9.529,0.19865417182796072,-0.8728297718392026,2.368897636668042,17.36181756527636,831.257203244644,6.052601126009119,0.005253984401492033,3.7411222181213066,3.7411259074338803,-9.259,8.213,9.259,-0.21705371927523331,-1.1543545915924458,2.4749233864601337,22.57036283485927,905.1456780661581,6.106255654901501,13.26
875,0.0029127161749746356,4.916599514385279,4.916600377168057,-9.322,11.158,11.158,0.09906762396597142,-1.2291746411965805,2.269454326980906,22.57036283485927,875.4088722998054,6.291536594131233,0.055077992539844016,3.7827208291608234,3.7831217871791236,-8.218,8.343,8.343,0.14793424429274646,-0.8983682367437829,2.205321549064097,17.36181756527636,812.633252602303,5.89626677607757,0.033486063072227845,3.7233847707874217,3.723535345307169,-10.055,8.343,10.055,-0.2988201820810277,-0.9575300096407262,2.700390641563931,22.57036283485927,1037.2814501339392,6.339668829764116,13.26
900,0.1346602916242794,5.951904545799262,5.953427677938673,-13.655,13.129,13.655,0.0774267350768626,-1.2872976679390251,2.293636664236414,24.30654459138691,977.2003250170121,6.279923865654249,-0.07243519837232956,4.789769694608262,4.790317378353022,-9.565,12.382,12.382,0.22725699304034863,-0.74732208853505,2.584797419885591,17.36181756527636,660.7520399715111,5.755802764900993,0.09213272295693455,3.456930709806254,3.4581582339507007,-7.826,7.812,7.826,-0.11703625225736396,-0.9302037801127505,2.2630543400726197,22.57036283485927,900.249115729016,6.137889053596611,14.4
900,-0.10201112241437774,5.936587688260999,5.937464075639389,-14.937,13.764,14.937,0.170240950370147,-1.1985787023939094,2.5157204843199787,24.30654459138691,1104.1199070930766,6.399108983970053,-0.048435673109528635,4.449612669776627,4.449876282040464,-9.363,10.135,10.135,-0.037202237824577475,-0.8519222254800285,2.2775914110027027,17.36181756527636,763.181507261964,5.798455737836419,0.07605886741268228,3.36622323242518,3.367082387146345,-8.719,6.989,8.719,-0.2452004707760137,-0.877845236489347,2.589482227487011,22.57036283485927,816.2707377652725,6.110118169137862,14.4
925,-0.041354289589691465,6.272893363039244,6.273029676426636,-15.554,13.487,15.554,0.08038274037492443,-1.1503695133417373,2.4795036533065105,24.30654459138691,693.3981097545358,6.077515086795833,0.04184347236351309,6.490208448493692,6.4903433330663125,-12.525,15.415,15.415,0.21122840377906343,-0.8761989680466518,2.375066958548293,17.36181756527636,1135.9088619673462,6.223036677494424,0.04442217700915562,3.230955763370824,3.231261127589254,-7.905,8.08,8.08,-0.14330511396614165,-0.7157027058695364,2.5005716594710012,24.30654459138691,921.302023816857,6.2051441697925185,15.35
925,-0.01466924381146149,5.978274178438745,5.9782921758058505,-13.619,14.297,14.297,0.16264898606972483,-1.175912243090997,2.3914856583724635,24.30654459138691,833.2100771135082,6.159826687221437,-0.2119941675144117,5.5644461703271535,5.568482980985814,-11.541,12.387,12.387,0.09210707585474287,-0.9118176725888407,2.224483767355804,17.36181756527636,687.4597120602765,5.614662502191448,0.06720094947439817,3.137142878294293,3.13786255378448,-9.407,6.923,9.407,-0.15787831859772347,-0.6360833155682868,2.9979005895763358,24.30654459138691,1110.129806161433,6.431143899692013,15.35
950,0.0435574092912851,5.260173272508169,5.260353610235101,-12.194,12.757,12.757,0.06051978329330982,-0.9423094447831444,2.425122139161639,24.30654459138691,1038.0557583040916,6.420958012505482,0.025660902000678096,7.803600400495559,7.803642591284274,-13.934,16.917,16.917,0.1981240079358452,-0.9891953359478136,2.1678337778942165,19.097999321804,906.7224402776698,5.751705920466111,-0.02301390301797222,3.091831458065441,3.0919171083350845,-7.68,6.714,7.68,-0.16230459915396078,-0.764103830799419,2.483895826086837,19.097999321804,855.0604657477796,6.182404590770663,15.39
950,0.10955334011529334,5.143107262464115,5.144273928120619,-11.947,12.693,12.693,0.09415246947136696,-0.9699004810931142,2.46740359812783,24.30654459138691,642.7596170643451,6.0628750082838545,0.16619437097321121,6.4847210777554425,6.486850393313298,-13.015,13.483,13.483,-0.029886139227968726,-0.9635219780515527,2.0785125573264946,19.097999321804,689.9272126562448,5.440193980024665,0.04595503560528991,2.7068212150441076,2.707211287563337,-7.115,6.276,7.115,-0.014233641224427574,-0.5558054044861676,2.6281657559148086,19.097999321804,911.6036216231998,6.297999424642002,15.39
975,-0.09340311970159379,4.988289033851136,4.98916341965359,-12.401,14.719,14.719,0.13332039226521544,-0.6937360245232029,2.9501940028699196,19.097999321804,713.147129878842,6.187680420590708,0.016549881315700253,8.813418701108862,8.813434239819742,-14.769,18.541,18.541,0.15466442977865996,-1.06781793132889,2.103720240656066,19.097999321804,616.2713271798857,5.346324894333998,0.011804815191590363,2.602652055413906,2.6026788267498424,-7.506,6.369,7.506,-0.05581716152029792,-0.6198518413008296,2.8839516896417443,19.097999321804,1035.6882385260383,6.567387573977823,16.36
975,0.011859274330281437,4.804656587594982,4.804671223622642,-14.564,13.308,14.564,-0.0018315874991430823,-0.5169838894654415,3.031216772626325,26.042726347914545,781.7380520895579,6.24193790710104,0.0683260766361478,7.771281302113795,7.771581662012693,-13.099,15.139,15.139,0.08323754240111951,-1.1371120530756755,1.9479947143834404,19.097999321804,858.7094966094194,5.670073544726531,0.048780942692438115,2.386649547637449,2.387148014599849,-7.286,6.249,7.286,-0.07139766521814528,-0.35421162496282044,3.0521777264914722,19.097999321804,1079.368118369563,6.563964628501437,16.36
