Unnamed: 3
Value
-6.922
-7.551
-8.168
-8.68
-9.039
-9.323
-9.617
-9.851
-9.912
-9.824
-9.701
-9.653
-9.594
-9.458
-9.316
-9.127
-8.873
-8.812
-9.059
-9.475
-9.901
-10.334
-10.713
-10.906
-10.858
-10.683
-10.491
-10.253
-9.973
-9.772
-9.667
-9.535
-9.334
-9.25
-9.435
-9.69
-9.839
-9.969
-10.109
-10.136
-10.064
-9.901
-9.64
-9.32
-8.878
-8.249
-7.675
-7.295
-6.929
-6.507
-6.169
-6.056
-6.206
-6.439
-6.593
-6.698
-6.814
-6.834
-6.782
-6.732
-6.657
-6.473
-6.113
-5.657
-5.214
-4.736
-4.257
-3.998
-4.03
-4.208
-4.379
-4.479
-4.459
-4.232
-3.892
-3.57
-3.252
-2.83
-2.388
-2.023
-1.672
-1.442
-1.372
-1.383
-1.488
-1.658
-1.717
-1.635
-1.467
-1.244
-0.995
-0.777
-0.566
-0.321
0.024
0.539
1.165
1.746
2.239
2.69
3
3.109
3.127
3.134
3.182
3.252
3.252
3.29
3.563
4.028
4.491
4.793
4.934
5.024
5.269
5.623
5.877
5.906
5.761
5.475
5.076
4.572
4.142
4.019
4.198
4.454
4.572
4.545
4.518
4.668
5.069
5.691
6.317
6.641
6.552
6.096
5.346
4.384
3.508
2.996
2.782
2.66
2.547
2.311
1.903
1.537
1.403
1.458
1.748
2.25
2.617
2.708
2.67
2.432
1.887
1.192
0.46
-0.265
-0.916
-1.472
-1.851
-1.987
-1.969
-1.817
-1.455
-0.932
-0.376
0.088
0.356
0.414
0.292
0.006
-0.408
-1.039
-1.907
-2.781
-3.366
-3.645
-3.719
-3.59
-3.352
-3.109
-2.93
-2.656
-2.173
-1.721
-1.515
-1.535
-1.776
-2.254
-2.847
-3.334
-3.663
-3.885
-4.085
-4.371
-4.638
-4.682
-4.575
-4.373
-3.974
-3.488
-3.066
-2.667
-2.318
-2.043
-1.778
-1.748
-2.121
-2.695
-3.296
-3.919
-4.538
-4.99
-5.126
-4.972
-4.716
-4.445
-4.194
-3.964
-3.753
-3.624
-3.57
-3.522
-3.515
-3.64
-3.956
-4.498
-5.19
-5.705
-5.836
-5.739
-5.609
-5.539
-5.525
-5.38
-5.008
-4.511
-3.99
-3.508
-3.189
-3.064
-3.175
-3.565
-4.05
-4.471
-4.765
-4.945
-5.142
-5.416
-5.765
-6.013
-5.915
-5.455
-4.954
-4.582
-4.164
-3.749
-3.522
-3.475
-3.389
-3.277
-3.397
-3.781
-4.228
-4.65
-5.076
-5.418
-5.58
-5.577
-5.48
-5.423
-5.43
-5.405
-5.342
-5.249
-5.087
-5.02
-5.167
-5.421
-5.666
-5.931
-6.208
-6.369
-6.348
-6.267
-6.365
-6.659
-6.832
-6.769
-6.562
-6.299
-6.067
-5.938
-5.951
-6.09
-6.31
-6.485
-6.518
-6.451
-6.346
-6.272
-6.392
-6.707
-6.977
-7.008
-6.839
-6.643
-6.494
-6.335
-6.128
-5.944
-5.698
-5.294
-4.861
-4.654
-4.761
-5.038
-5.369
-5.725
-6.083
-6.317
-6.373
-6.351
-6.385
-6.498
-6.503
-6.254
-5.85
-5.353
-4.827
-4.554
-4.652
-4.842
-4.917
-4.951
-5.051
-5.253
-5.591
-6.013
-6.498
-6.963
-7.108
-6.87
-6.558
-6.346
-6.12
-5.792
-5.484
-5.269
-5.08
-4.904
-4.856
-5.19
-5.906
-6.691
-7.333
-7.838
-8.12
-8.134
-8.093
-8.183
-8.254
-7.984
-7.33
-6.652
-6.265
-6.056
-5.879
-5.995
-6.517
-7.229
-7.977
-8.678
-9.272
-9.715
-9.976
-10.064
-9.949
-9.508
-8.812
-8.224
-7.918
-7.8
-7.841
-8.041
-8.335
-8.785
-9.524
-10.391
-11.146
-11.693
-12.003
-12.108
-12.078
-12.008
-11.885
-11.681
-11.4
-11.066
-10.726
-10.506
-10.381
-10.35
-10.495
-10.948
-11.6
-12.271
-12.872
-13.294
-13.487
-13.641
-13.877
-14.075
-14.047
-13.686
-13.133
-12.534
-11.981
-11.586
-11.409
-11.391
-11.436
-11.529
-11.738
-12.069
-12.518
-13.038
-13.485
-13.784
-13.993
-14.104
-13.995
-13.654
-13.138
-12.548
-11.996
-11.514
-11.159
-11.039
-11.11
-11.225
-11.366
-11.527
-11.715
-12.029
-12.475
-12.894
-13.112
-13.046
-12.752
-12.337
-11.819
-11.176
-10.595
-10.246
-10.035
-9.878
-9.726
-9.515
-9.42
-9.69
-10.253
-10.861
-11.298
-11.521
-11.554
-11.334
-10.848
-10.243
-9.647
-9.059
-8.517
-8.093
-7.803
-7.669
-7.732
-8.025
-8.515
-9.05
-9.49
-9.831
-10.055
-10.118
-9.99
-9.672
-9.277
-8.885
-8.463
-8.023
-7.712
-7.626
-7.626
-7.569
-7.633
-8.093
-8.907
-9.71
-10.229
-10.481
-10.54
-10.45
-10.32
-10.18
-9.898
-9.581
-9.429
-9.279
-8.939
-8.542
-8.394
-8.511
-8.762
-9.2
-9.835
-10.422
-10.692
-10.729
-10.82
-11.014
-11.189
-11.211
-11.087
-10.953
-10.828
-10.518
-10.019
-9.528
-9.165
-8.986
-9.066
-9.259
-9.386
-9.488
-9.76
-10.214
-10.668
-10.928
-11.013
-11.028
-11.112
-11.264
-11.284
-11.11
-10.89
-10.715
-10.579
-10.486
-10.427
-10.305
-10.05
-9.801
-9.713
-9.767
-9.876
-10.039
-10.339
-10.738
-11.055
-11.176
-11.114
-11.037
-11.042
-10.972
-10.695
-10.334
-10.039
-9.894
-9.935
-10.109
-10.357
-10.638
-10.924
-11.096
-11.128
-11.096
-11.085
-11.11
-11.128
-11.028
-10.765
-10.45
-10.191
-9.983
-9.78
-9.624
-9.534
-9.538
-9.624
-9.699
-9.79
-10.012
-10.316
-10.518
-10.672
-10.821
-10.799
-10.551
-10.293
-10.227
-10.42
-10.751
-10.899
-10.744
-10.447
-10.247
-10.198
-10.125
-9.991
-9.998
-10.239
-10.59
-10.951
-11.291
-11.547
-11.625
-11.58
-11.456
-11.191
-10.81
-10.554
-10.547
-10.676
-10.729
-10.64
-10.481
-10.354
-10.243
-10.161
-10.205
-10.465
-10.762
-10.901
-10.989
-11.228
-11.643
-12.071
-12.299
-12.293
-12.192
-12.151
-12.188
-12.194
-12.171
-12.148
-12.044
-11.874
-11.738
-11.652
-11.554
-11.566
-11.849
-12.258
-12.466
-12.362
-12.085
-11.799
-11.573
-11.421
-11.221
-10.842
-10.42
-10.205
-10.191
-10.307
-10.613
-10.983
-11.152
-11.228
-11.445
-11.738
-11.974
-12.162
-12.223
-12.164
-12.11
-12.026
-11.854
-11.595
-11.252
-10.901
-10.651
-10.434
-10.161
-9.912
-9.773
-9.642
-9.409
-9.123
-8.805
-8.526
-8.453
-8.557
-8.678
-8.728
-8.855
-9.102
-9.295
-9.395
-9.508
-9.645
-9.758
-9.726
-9.554
-9.376
-9.234
-9.066
-8.927
-8.873
-8.848
-8.815
-8.753
-8.642
-8.54
-8.598
-8.753
-8.873
-8.907
-8.875
-8.78
-8.622
-8.429
-8.252
-8.145
-8.002
-7.732
-7.469
-7.412
-7.605
-7.866
-8.007
-8.097
-8.322
-8.608
-8.819
-9.1
-9.495
-9.846
-10.032
-10.136
-10.25
-10.3
-10.164
-9.962
-9.871
-9.89
-9.924
-9.846
-9.665
-9.538
-9.556
-9.628
-9.576
-9.368
-9.089
-8.885
-8.85
-8.991
-9.243
-9.504
-9.758
-10.023
-10.241
-10.323
-10.284
-10.282
-10.458
-10.751
-10.955
-10.972
-10.972
-11.044
-11.144
-11.239
-11.418
-11.67
-11.847
-11.924
-11.983
-12.047
-12.03
-11.944
-11.745
-11.363
-10.842
-10.359
-10.001
-9.69
-9.413
-9.264
-9.297
-9.475
-9.758
-9.987
-10.157
-10.411
-10.785
-11.132
-11.369
-11.498
-11.514
-11.37
-11.105
-10.79
-10.458
-10.153
-9.942
-9.851
-9.912
-10.101
-10.234
-10.243
-10.288
-10.384
-10.364
-10.139
-9.798
-9.472
-9.15
-8.733
-8.263
-7.871
-7.594
-7.437
-7.394
-7.437
-7.6
-7.807
-8.025
-8.356
-8.809
-9.171
-9.261
-9.05
-8.615
-8.079
-7.596
-7.258
-6.981
-6.725
-6.562
-6.507
-6.505
-6.487
-6.294
-5.924
-5.594
-5.421
-5.235
-4.92
-4.679
-4.634
-4.6
-4.378
-4.096
-3.851
-3.556
-3.282
-3.211
-3.338
-3.604
-3.887
-4.042
-4.101
-4.175
-4.35
-4.65
-4.997
-5.314
-5.514
-5.473
-5.325
-5.31
-5.383
-5.253
-4.934
-4.564
-4.146
-3.642
-3.103
-2.656
-2.359
-2.27
-2.325
-2.34
-2.266
-2.227
-2.221
-2.273
-2.54
-3
-3.413
-3.652
-3.783
-3.838
-3.753
-3.629
-3.642
-3.77
-3.922
-4.144
-4.471
-4.84
-5.153
-5.303
-5.283
-5.183
-5.053
-4.775
-4.341
-3.881
-3.393
-2.907
-2.459
-2.084
-1.846
-1.841
-2.052
-2.408
-2.701
-2.81
-2.867
-3.014
-3.2
-3.382
-3.601
-3.783
-3.828
-3.753
-3.57
-3.338
-3.273
-3.459
-3.783
-4.146
-4.443
-4.577
-4.491
-4.291
-4.208
-4.334
-4.547
-4.561
-4.237
-3.683
-3.098
-2.642
-2.367
-2.18
-1.932
-1.655
-1.458
-1.306
-1.25
-1.34
-1.551
-1.851
-2.162
-2.352
-2.395
-2.322
-2.227
-2.245
-2.313
-2.336
-2.373
-2.393
-2.311
-2.281
-2.336
-2.281
-2.091
-2.018
-2.087
-2.141
-2.129
-2.018
-1.771
-1.417
-1.046
-0.714
-0.439
-0.113
0.315
0.712
0.882
0.829
0.743
0.66
0.505
0.249
-0.002
-0.116
-0.234
-0.446
-0.646
-0.777
-0.9
-0.887
-0.666
-0.41
-0.21
-0.027
0.217
0.462
0.671
0.75
0.625
0.356
0.093
-0.069
-0.156
-0.249
-0.39
-0.564
-0.677
-0.583
-0.286
0.142
0.66
1.229
1.669
1.728
1.431
0.987
0.555
0.131
-0.349
-0.805
-1.111
-1.395
-1.655
-1.567
-1.088
-0.508
0.024
0.531
0.988
1.361
1.699
2.066
2.373
2.452
2.252
1.944
1.585
1.174
0.818
0.639
0.671
0.909
1.204
1.508
1.896
2.413
2.93
3.341
3.579
3.697
3.733
3.679
3.549
3.413
3.189
2.764
2.236
1.739
1.243
0.85
0.766
0.975
1.251
1.508
1.796
2.109
2.367
2.513
2.547
2.497
2.384
2.156
1.778
1.461
1.379
1.422
1.395
1.32
1.29
1.25
1.192
1.236
1.379
1.51
1.578
1.51
1.297
1.098
1.013
0.957
0.877
0.748
0.521
0.228
-0.024
-0.068
0.138
0.553
1.077
1.544
1.687
1.483
1.274
1.229
1.227
1.109
0.912
0.805
0.791
0.746
0.728
0.75
0.66
0.38
-0.02
-0.403
-0.61
-0.542
-0.213
0.379
1.181
2.141
3.145
4.016
4.683
5.076
5.076
4.682
4.033
3.225
2.315
1.488
1.02
1.022
1.356
2.036
3.248
4.842
6.562
8.318
10.05
11.414
11.942
11.422
10.153
8.512
6.628
4.747
3.159
1.893
1.032
0.914
1.613
2.928
4.734
6.927
9.134
10.865
11.933
12.362
12.108
11.152
9.651
7.838
5.892
4.042
2.717
2.234
2.533
3.442
4.934
6.936
9.195
11.314
12.942
14.013
14.594
14.539
13.882
12.804
11.25
9.272
7.358
5.981
5.224
5.015
5.405
6.496
8.277
10.491
12.759
14.694
16.152
17.179
17.642
17.418
16.688
15.712
14.571
13.29
12.147
11.341
10.985
11.241
12.23
13.754
15.49
17.323
19.235
21.074
22.628
23.728
24.216
24.019
23.165
21.78
20.081
18.327
16.887
16.004
15.687
15.896
16.649
17.749
19.026
20.528
22.215
23.751
24.79
25.21
24.985
24.159
22.9
21.426
19.822
18.226
16.851
15.791
15.072
14.773
14.92
15.542
16.56
17.774
18.924
19.795
20.251
20.251
19.627
18.364
16.637
14.662
12.656
10.724
8.955
7.574
6.698
6.314
6.366
6.829
7.703
8.798
9.839
10.672
11.135
11.021
10.257
9.034
7.494
5.605
3.482
1.465
-0.235
-1.589
-2.551
-3.012
-2.882
-2.259
-1.284
-0.161
0.984
2.023
2.729
2.853
2.388
1.455
0.127
-1.424
-2.999
-4.479
-5.739
-6.589
-6.94
-6.825
-6.231
-5.187
-3.853
-2.445
-1.057
0.235
1.257
1.873
2.093
1.944
1.347
0.406
-0.635
-1.651
-2.604
-3.261
-3.386
-2.962
-2.08
-0.864
0.542
2.05
3.597
4.934
5.739
6.036
6.02
5.722
5.208
4.683
4.105
3.397
2.749
2.433
2.513
2.907
3.493
4.284
5.342
6.603
7.927
9.054
9.785
10.136
10.302
10.368
10.198
9.649
8.871
8.125
7.381
6.589
6.015
5.911
6.176
6.67
7.571
8.867
10.035
10.765
11.384
12.008
12.289
11.995
11.316
10.558
9.735
8.742
7.878
7.551
7.521
7.447
7.569
8.048
8.742
9.633
10.599
11.402
11.981
12.316
12.412
12.305
11.888
11.141
10.313
9.574
8.946
8.406
7.955
7.785
8.056
8.564
9.231
10.098
11.085
12.078
12.963
13.632
14.188
14.643
14.721
14.405
13.904
13.263
12.566
12.006
11.608
11.259
11.013
11.151
11.844
12.87
13.976
15.092
16.263
17.402
18.139
18.286
18.13
17.867
17.436
17.078
16.907
16.633
16.274
16.163
16.379
16.941
17.715
18.384
18.838
19.217
19.673
20.144
20.299
19.938
19.235
18.427
17.618
16.83
16.2
15.923
15.943
16.102
16.508
17.196
17.857
18.354
18.883
19.495
19.888
19.757
19.114
18.219
17.284
16.408
15.587
14.859
14.247
13.782
13.541
13.691
14.221
14.825
15.381
16
16.581
16.782
16.436
15.791
15.227
14.762
14.304
13.83
13.29
12.731
12.425
12.545
12.874
13.174
13.468
13.95
14.553
15.138
15.587
15.825
15.839
15.741
15.417
14.75
14.072
13.702
13.555
13.419
13.269
13.212
13.305
13.46
13.585
13.786
14.151
14.532
14.816
15.079
15.25
15.22
15.192
15.24
15.127
14.707
14.197
13.93
13.952
14.042
14.158
14.442
14.873
15.34
15.737
16.011
16.222
16.463
16.649
16.74
16.812
16.84
16.733
16.518
16.332
16.188
16.084
16.093
16.177
16.225
16.366
16.729
17.2
17.753
18.402
18.897
19.146
19.316
19.464
19.652
19.909
20.072
20.002
19.739
19.298
18.921
18.813
18.786
18.799
18.979
19.167
19.366
19.739
20.196
20.593
20.954
21.224
21.336
21.336
21.258
21.17
21.032
20.766
20.498
20.417
20.6
20.977
21.267
21.36
21.481
21.707
21.916
22.082
22.154
21.963
21.526
21.067
20.759
20.523
20.151
19.688
19.342
19.187
19.128
19.035
18.917
19.001
19.244
19.287
19.139
18.921
18.513
18.091
17.824
17.56
17.234
16.957
16.794
16.723
16.61
16.315
16.048
15.877
15.703
15.589
15.49
15.199
14.791
14.564
14.571
14.646
14.664
14.557
14.342
14.179
14.204
14.376
14.542
14.753
15.179
15.68
15.989
16.043
16.034
16.086
16.336
16.782
17.148
17.132
16.815
16.529
16.492
16.653
16.837
17.071
17.442
17.794
17.856
17.699
17.4
16.986
16.715
16.66
16.656
16.565
16.454
16.379
16.37
16.402
16.419
16.406
16.384
16.445
16.522
16.554
16.61
16.689
16.554
16.281
16.086
15.907
15.769
15.692
15.39
14.929
14.691
14.532
14.267
14.023
13.754
13.281
12.749
12.421
12.23
11.988
11.645
11.45
11.495
11.527
11.348
11.044
10.848
10.969
11.323
11.618
11.778
11.759
11.577
11.432
11.363
11.266
11.176
11.051
10.869
10.896
10.958
10.577
9.91
9.349
8.914
8.569
8.207
7.562
6.734
6.026
5.55
5.271
4.962
4.531
4.348
4.468
4.445
4.246
4.153
4.078
3.942
3.869
3.905
3.928
3.738
3.416
3.252
3.218
3.103
2.928
2.71
2.386
2.011
1.658
1.274
0.921
0.598
0.238
0.027
0.038
0.043
-0.093
-0.335
-0.617
-0.842
-1.092
-1.444
-1.746
-2.025
-2.291
-2.408
-2.397
-2.34
-2.173
-1.891
-1.662
-1.66
-1.835
-1.98
-2.003
-2.075
-2.241
-2.308
-2.34
-2.388
-2.395
-2.504
-2.788
-3.034
-3.112
-3.085
-3.027
-3.085
-3.255
-3.37
-3.468
-3.67
-3.915
-4.246
-4.63
-4.883
-5.013
-5.094
-5.101
-4.962
-4.686
-4.384
-4.25
-4.232
-4.171
-4.174
-4.379
-4.706
-4.992
-5.217
-5.475
-5.761
-5.863
-5.795
-5.759
-5.602
-5.253
-4.874
-4.505
-4.174
-4.057
-4.146
-4.302
-4.53
-4.845
-5.228
-5.639
-5.943
-6.151
-6.43
-6.689
-6.739
-6.614
-6.383
-6.02
-5.584
-5.162
-4.745
-4.282
-3.928
-3.935
-4.309
-4.869
-5.43
-5.915
-6.348
-6.766
-7.119
-7.415
-7.61
-7.698
-7.775
-7.873
-7.871
-7.619
-7.206
-6.769
-6.471
-6.4
-6.596
-6.984
-7.481
-8.084
-8.749
-9.409
-9.977
-10.254
-10.194
-9.894
-9.472
-9.03
-8.546
-8.055
-7.727
-7.63
-7.698
-7.879
-8.109
-8.365
-8.712
-9.068
-9.252
-9.352
-9.521
-9.746
-9.998
-10.207
-10.257
-10.15
-9.964
-9.721
-9.469
-9.247
-9.107
-9.054
-9.098
-9.177
-9.154
-9.05
-9.095
-9.283
-9.399
-9.472
-9.551
-9.599
-9.606
-9.554
-9.469
-9.481
-9.635
-9.862
-10.003
-9.896
-9.556
-9.171
-8.816
-8.515
-8.288
-8.136
-8.095
-8.193
-8.388
-8.592
-8.715
-8.762
-8.83
-8.95
-9.046
-9.02
-8.898
-8.798
-8.622
-8.154
-7.435
-6.666
-5.87
-5.117
-4.5
-3.908
-3.314
-2.841
-2.636
-2.681
-2.892
-3.093
-3.132
-2.946
-2.585
-2.227
-2.018
-1.707
-1.057
-0.251
0.473
1.163
1.946
2.819
3.574
3.905
3.797
3.507
3.307
3.273
3.209
3.014
2.882
2.944
3.13
3.468
3.985
4.624
5.398
6.233
6.979
7.56
7.911
7.982
7.792
7.365
6.716
5.992
5.319
4.69
4.089
3.629
3.488
3.665
4.003
4.439
4.906
5.131
5.028
4.709
4.109
3.273
2.597
2.254
1.887
1.174
0.242
-0.617
-1.243
-1.561
-1.496
-1.047
-0.338
0.542
1.363
1.737
1.606
1.238
0.823
0.41
-0.152
-0.923
-1.748
-2.633
-3.681
-4.727
-5.394
-5.523
-5.253
-4.868
-4.425
-3.808
-3.103
-2.565
-2.25
-2.025
-1.869
-1.876
-2.163
-2.708
-3.377
-4.069
-4.65
-4.979
-5.191
-5.383
-5.384
-5.003
-4.471
-4.064
-3.953
-4.123
-4.337
-4.482
-4.709
-5.024
-5.183
-5.235
-5.498
-6.022
-6.546
-6.78
-6.63
-6.237
-5.886
-5.765
-5.899
-6.076
-6.144
-6.128
-6.079
-5.999
-5.929
-5.891
-5.979
-6.272
-6.637
-6.832
-6.766
-6.603
-6.63
-6.822
-7.015
-7.244
-7.367
-7.163
-6.811
-6.558
-6.365
-6.248
-6.181
-6.102
-6.074
-6.033
-5.847
-5.706
-5.739
-5.833
-5.992
-6.117
-6.036
-5.843
-5.716
-5.664
-5.75
-5.936
-6.106
-6.255
-6.346
-6.387
-6.387
-6.321
-6.242
-6.278
-6.333
-6.224
-5.983
-5.727
-5.554
-5.566
-5.798
-6.133
-6.458
-6.728
-6.9
-6.984
-7.052
-7.143
-7.195
-7.156
-7.029
-6.827
-6.587
-6.485
-6.596
-6.861
-7.208
-7.526
-7.703
-7.759
-7.759
-7.818
-8.018
-8.304
-8.54
-8.705
-8.771
-8.683
-8.626
-8.819
-9.143
-9.376
-9.486
-9.508
-9.542
-9.624
-9.835
-10.207
-10.572
-10.738
-10.751
-10.638
-10.32
-9.937
-9.735
-9.701
-9.665
-9.52
-9.243
-8.991
-8.88
-8.891
-9.098
-9.472
-9.812
-10.107
-10.379
-10.579
-10.665
-10.703
-10.751
-10.803
-10.749
-10.427
-9.88
-9.288
-8.764
-8.335
-8.016
-7.785
-7.634
-7.523
-7.415
-7.356
-7.419
-7.634
-7.859
-7.862
-7.673
-7.467
-7.237
-6.984
-6.775
-6.666
-6.551
-6.294
-5.947
-5.711
-5.595
-5.557
-5.74
-6.188
-6.569
-6.621
-6.532
-6.548
-6.621
-6.451
-6.029
-5.661
-5.394
-5.112
-4.904
-4.868
-5.046
-5.439
-5.836
-6.085
-6.206
-6.294
-6.424
-6.663
-6.943
-7.184
-7.254
-7.09
-6.918
-6.95
-7.119
-7.383
-7.723
-8.018
-8.195
-8.392
-8.676
-8.978
-9.22
-9.341
-9.431
-9.615
-9.871
-10.028
-10.091
-10.25
-10.61
-11.006
-11.235
-11.304
-11.35
-11.493
-11.666
-11.772
-11.847
-11.897
-11.865
-11.867
-12.017
-12.237
-12.537
-12.974
-13.401
-13.713
-13.986
-14.204
-14.376
-14.491
-14.442
-14.26
-14.09
-13.99
-13.97
-14.027
-14.045
-13.958
-13.859
-13.861
-13.95
-13.976
-13.872
-13.854
-14.029
-14.28
-14.524
-14.662
-14.673
-14.643
-14.603
-14.514
-14.421
-14.292
-14.072
-13.793
-13.523
-13.337
-13.205
-13.065
-12.963
-12.949
-13.053
-13.246
-13.36
-13.303
-13.129
-12.886
-12.589
-12.3
-11.995
-11.673
-11.375
-11.184
-11.187
-11.289
-11.332
-11.328
-11.325
-11.318
-11.273
-11.141
-10.967
-10.762
-10.492
-10.164
-9.864
-9.594
-9.327
-9.125
-9.037
-8.982
-8.919
-8.907
-8.96
-8.873
-8.651
-8.483
-8.372
-8.222
-8.055
-7.916
-7.857
-7.959
-8.129
-8.156
-8.038
-7.92
-7.852
-7.719
-7.526
-7.429
-7.488
-7.68
-8.029
-8.445
-8.723
-8.873
-8.982
-9.034
-9.027
-8.993
-8.93
-8.785
-8.59
-8.453
-8.376
-8.313
-8.39
-8.685
-8.984
-9.136
-9.265
-9.515
-9.769
-9.919
-10.014
-10.077
-10.03
-9.96
-9.973
-9.905
-9.772
-9.864
-10.159
-10.409
-10.584
-10.799
-11.087
-11.311
-11.375
-11.321
-11.264
-11.291
-11.387
-11.414
-11.255
-11.026
-10.837
-10.629
-10.35
-10.101
-9.908
-9.742
-9.642
-9.769
-10.161
-10.633
-11.051
-11.515
-11.947
-12.192
-12.253
-12.234
-12.201
-12.106
-11.881
-11.636
-11.404
-11.087
-10.815
-10.795
-10.887
-10.899
-10.813
-10.67
-10.638
-10.802
-10.921
-10.907
-10.855
-10.774
-10.629
-10.486
-10.45
-10.454
-10.379
-10.27
-10.287
-10.468
-10.602
-10.62
-10.586
-10.533
-10.475
-10.392
-10.227
-9.996
-9.876
-9.887
-9.853
-9.719
-9.633
-9.673
-9.831
-10.094
-10.445
-10.774
-10.931
-10.951
-11.014
-11.114
-11.08
-10.928
-10.779
-10.57
-10.243
-9.925
-9.831
-10.005
-10.287
-10.572
-10.96
-11.515
-12.13
-12.559
-12.72
-12.82
-13.019
-13.094
-12.879
-12.552
-12.314
-12.13
-11.983
-11.995
-12.133
-12.24
-12.33
-12.545
-12.793
-12.929
-12.993
-13.029
-13.004
-12.911
-12.752
-12.566
-12.434
-12.339
-12.275
-12.264
-12.319
-12.375
-12.326
-12.062
-11.706
-11.509
-11.495
-11.554
-11.629
-11.695
-11.733
-11.77
-11.781
-11.77
-11.732
-11.67
-11.554
-11.334
-11.021
-10.661
-10.259
-9.832
-9.475
-9.247
-9.05
-8.861
-8.805
-8.873
-8.93
-8.98
-9.143
-9.309
-9.343
-9.313
-9.327
-9.386
-9.386
-9.316
-9.272
-9.224
-9.039
-8.775
-8.578
-8.311
-7.903
-7.569
-7.447
-7.381
-7.218
-7.079
-7.165
-7.394
-7.519
-7.471
-7.401
-7.43
-7.567
-7.73
-7.782
-7.721
-7.685
-7.752
-7.864
-7.941
-8.02
-8.17
-8.406
-8.715
-8.964
-8.993
-8.808
-8.578
-8.372
-8.109
-7.809
-7.664
-7.703
-7.837
-7.989
-8.19
-8.512
-8.902
-9.118
-9.027
-8.782
-8.601
-8.442
-8.22
-8.075
-8.043
-8.011
-7.937
-7.948
-8.166
-8.601
-9.118
-9.542
-9.844
-10.125
-10.336
-10.392
-10.277
-9.996
-9.662
-9.393
-9.195
-9.078
-9.054
-9.078
-9.206
-9.54
-10.025
-10.461
-10.67
-10.672
-10.59
-10.522
-10.411
-10.257
-10.036
-9.708
-9.368
-9.195
-9.186
-9.23
-9.311
-9.497
-9.769
-10.042
-10.257
-10.439
-10.715
-11.112
-11.486
-11.729
-11.781
-11.681
-11.58
-11.539
-11.45
-11.27
-11.128
-11.148
-11.277
-11.384
-11.414
-11.411
-11.341
-11.107
-10.647
-10.062
-9.586
-9.317
-9.195
-9.071
-8.937
-8.932
-9.145
-9.404
-9.558
-9.665
-9.86
-10.142
-10.336
-10.334
-10.143
-9.844
-9.547
-9.334
-9.2
-9.041
-8.774
-8.446
-8.227
-8.2
-8.297
-8.408
-8.392
-8.145
-7.651
-7.052
-6.459
-5.813
-5.167
-4.682
-4.459
-4.343
-4.182
-4.05
-4.037
-4.096
-4.296
-4.564
-4.613
-4.484
-4.375
-4.346
-4.316
-4.307
-4.25
-4.064
-3.79
-3.493
-3.23
-3.039
-2.975
-3.059
-3.227
-3.359
-3.37
-3.35
-3.279
-3.057
-2.881
-2.91
-2.921
-2.59
-1.969
-1.374
-0.932
-0.558
-0.279
-0.176
-0.249
-0.497
-0.868
-1.24
-1.51
-1.703
-1.862
-1.993
-2.155
-2.418
-2.671
-2.812
-2.985
-3.318
-3.767
-4.239
-4.697
-5.073
-5.191
-5.031
-4.697
-4.268
-3.812
-3.386
-3.026
-2.785
-2.685
-2.571
-2.388
-2.259
-2.241
-2.388
-2.651
-2.894
-3.037
-3.114
-3.189
-3.271
-3.331
-3.323
-3.282
-3.352
-3.66
-4.112
-4.593
-5.08
-5.502
-5.777
-5.94
-6.026
-5.877
-5.498
-5.06
-4.663
-4.319
-4.035
-3.745
-3.429
-3.159
-2.951
-2.894
-2.899
-2.681
-2.288
-1.976
-1.805
-1.735
-1.758
-1.807
-1.839
-1.869
-1.939
-1.993
-1.977
-1.991
-2.115
-2.315
-2.563
-2.847
-2.996
-3.005
-3.096
-3.3
-3.418
-3.42
-3.337
-3.039
-2.447
-1.713
-1.032
-0.453
0.135
0.853
1.613
2.239
2.636
2.828
2.894
2.812
2.585
2.332
2.098
1.921
1.748
1.465
1.088
0.653
0.231
-0.088
-0.287
-0.414
-0.473
-0.431
-0.281
-0.058
0.224
0.649
1.204
1.789
2.207
2.361
2.438
2.578
2.61
2.459
2.28
2.191
2.096
1.887
1.561
1.274
1.172
1.263
1.528
1.9
2.191
2.267
2.139
1.78
1.272
0.728
0.138
-0.497
-1.127
-1.787
-2.485
-3.057
-3.368
-3.411
-3.148
-2.518
-1.614
-0.684
0.181
1.091
2.007
2.747
3.261
3.504
3.468
3.234
2.882
2.484
2.043
1.542
1.027
0.63
0.473
0.569
0.816
1.163
1.624
2.075
2.286
2.267
2.252
2.359
2.506
2.577
2.49
2.252
1.862
1.392
1.022
0.95
1.111
1.35
1.628
1.959
2.452
3.162
3.98
4.861
5.684
6.254
6.573
6.607
6.203
5.534
4.813
4.008
3.185
2.419
1.771
1.429
1.426
1.583
1.876
2.422
3.127
3.745
4.135
4.45
4.888
5.301
5.443
5.35
5.101
4.672
4.187
3.828
3.731
3.887
4.096
4.341
4.79
5.362
5.845
6.043
5.915
5.525
4.881
3.994
3.182
2.678
2.197
1.535
0.954
0.624
0.458
0.497
0.864
1.699
2.899
4.146
5.198
5.902
6.074
5.806
5.208
4.28
3.13
1.952
0.907
0.242
0.175
0.569
1.338
2.565
4.109
5.729
7.29
8.683
9.615
9.912
9.499
8.294
6.33
3.924
1.488
-0.696
-2.438
-3.413
-3.277
-2.096
-0.129
2.373
5.06
7.637
9.917
11.486
11.944
11.414
10.323
8.837
6.981
4.965
3.175
1.837
0.984
0.842
1.642
3.366
5.788
8.601
11.428
13.871
15.626
16.536
16.481
15.409
13.543
11.291
8.932
6.786
5.167
4.239
4.316
5.568
7.641
9.971
12.353
14.788
17.125
19.062
20.369
20.927
20.718
19.89
18.715
17.334
15.766
14.287
13.215
12.788
13.153
14.163
15.613
17.475
19.559
21.474
22.93
23.808
23.953
23.458
22.642
21.71
20.7
19.686
18.845
18.3
18.096
18.237
18.735
19.505
20.432
21.499
22.667
23.694
24.359
24.52
24.225
23.621
22.667
21.36
19.931
18.579
17.456
16.812
16.649
16.735
17.014
17.567
18.386
19.336
20.201
20.666
20.646
20.128
19.053
17.59
15.991
14.379
12.782
11.296
10.129
9.452
9.264
9.431
9.919
10.629
11.266
11.65
11.818
11.745
11.235
10.288
9.064
7.682
6.208
4.643
3.089
1.765
0.855
0.281
-0.113
-0.261
-0.034
0.531
1.257
1.966
2.478
2.604
2.318
1.728
0.946
0.117
-0.673
-1.392
-2.03
-2.715
-3.468
-4.05
-4.334
-4.3
-3.826
-2.975
-2
-1.022
-0.083
0.762
1.37
1.739
1.996
2.08
1.88
1.483
1.025
0.649
0.508
0.571
0.832
1.326
1.898
2.443
3.112
3.964
4.817
5.518
6.103
6.621
7.002
7.174
7.233
7.292
7.277
7.208
7.24
7.27
7.172
7.319
7.957
8.533
8.674
8.912
9.402
9.382
8.914
8.971
9.395
9.382
9.313
9.767
10.095
9.767
9.517
9.739
9.635
9.1
8.98
9.093
8.796
8.667
9.086
9.427
9.531
9.728
9.898
9.896
9.797
9.701
9.594
9.259
8.692
8.127
7.455
6.58
5.884
5.584
5.602
5.845
6.307
7.108
8.056
8.728
9.112
9.365
9.406
9.316
9.12
8.674
8.009
7.329
6.589
5.806
5.103
4.457
4.01
3.944
4.187
4.663
5.459
6.424
7.444
8.542
9.483
10.076
10.307
10.105
9.687
9.295
8.746
8.068
7.589
7.315
7.303
7.61
8.09
8.737
9.662
10.744
11.996
13.278
14.174
14.683
14.964
15.04
14.882
14.412
13.66
13.072
12.874
12.802
12.779
12.993
13.541
14.38
15.437
16.681
17.885
18.776
19.543
20.226
20.362
19.995
19.509
18.867
18.037
17.22
16.515
16.007
15.83
16.173
17.145
18.359
19.369
20.378
21.396
21.923
21.904
21.589
20.832
19.647
18.45
17.334
16.136
14.918
14.045
13.818
14.217
14.923
15.807
16.833
17.694
18.219
18.641
18.915
18.572
17.647
16.585
15.596
14.676
13.893
13.219
12.696
12.398
12.369
12.575
12.783
12.96
13.274
13.65
13.827
13.702
13.376
13.124
12.965
12.783
12.766
12.838
12.62
12.287
12.217
12.255
12.333
12.666
13.242
13.868
14.265
14.247
14.102
14.147
14.235
14.272
14.346
14.362
14.183
13.791
13.305
12.942
12.838
12.931
13.035
13.049
13.087
13.29
13.598
13.995
14.467
14.934
15.292
15.578
15.871
16.132
16.136
15.957
15.937
16.007
15.923
15.876
15.963
15.977
16.016
16.17
16.313
16.44
16.524
16.536
16.622
16.712
16.676
16.624
16.599
16.592
16.726
16.948
17.068
17.127
17.216
17.304
17.386
17.459
17.524
17.676
17.956
18.371
18.813
19.015
18.949
18.769
18.57
18.416
18.293
18.103
17.815
17.466
17.107
16.887
16.769
16.64
16.606
16.715
16.74
16.651
16.617
16.689
16.812
16.889
16.834
16.66
16.363
16.041
15.778
15.592
15.601
15.896
16.267
16.499
16.667
16.778
16.719
16.585
16.456
16.247
15.871
15.562
15.474
15.372
15.027
14.617
14.32
13.968
13.541
13.198
12.963
12.904
13.076
13.385
13.759
14.047
14.063
13.982
14.009
14.049
14.083
14.199
14.224
14.079
14.072
14.313
14.587
14.766
14.85
14.836
14.784
14.736
14.625
14.424
14.156
13.999
14.083
14.249
14.328
14.333
14.251
14.242
14.442
14.666
14.78
14.925
15.192
15.415
15.478
15.403
15.277
15.184
15.188
15.333
15.508
15.569
15.599
15.658
15.587
15.41
15.306
15.324
15.517
15.807
15.98
15.98
15.807
15.351
14.787
14.346
14.045
13.831
13.568
13.108
12.63
12.462
12.584
12.761
12.829
12.849
12.868
12.848
12.731
12.496
12.194
12.012
12.119
12.303
12.158
11.613
11.014
10.506
9.955
9.388
8.982
8.746
8.592
8.504
8.374
8.131
7.868
7.666
7.521
7.464
7.53
7.64
7.657
7.499
7.236
6.914
6.58
6.378
6.296
6.174
5.951
5.792
5.693
5.609
5.518
5.373
5.201
5.035
4.795
4.454
4.056
3.704
3.4
3.044
2.633
2.2
1.744
1.326
1.032
0.825
0.748
0.934
1.284
1.672
2.052
2.295
2.302
2.043
1.578
1.163
0.932
0.707
0.406
0.154
-0.043
-0.168
-0.269
-0.473
-0.735
-0.87
-0.795
-0.456
0.011
0.31
0.421
0.442
0.351
0.131
-0.286
-0.984
-1.741
-2.374
-2.903
-3.245
-3.441
-3.611
-3.694
-3.653
-3.531
-3.297
-3.007
-2.76
-2.506
-2.207
-1.934
-1.828
-1.984
-2.333
-2.729
-3.085
-3.379
-3.624
-3.931
-4.312
-4.716
-5.013
-5.139
-5.121
-5.053
-4.972
-4.822
-4.663
-4.547
-4.489
-4.412
-4.323
-4.278
-4.323
-4.5
-4.797
-5.155
-5.421
-5.468
-5.383
-5.364
-5.466
-5.632
-5.775
-5.775
-5.632
-5.495
-5.48
-5.546
-5.582
-5.559
-5.546
-5.595
-5.709
-5.825
-5.874
-5.836
-5.813
-5.759
-5.554
-5.294
-5.131
-5.087
-5.185
-5.446
-5.825
-6.181
-6.265
-6.147
-6.167
-6.335
-6.478
-6.596
-6.714
-6.791
-6.977
-7.336
-7.721
-8.154
-8.615
-8.967
-9.283
-9.658
-9.953
-10.095
-10.148
-10.239
-10.452
-10.597
-10.522
-10.332
-10.161
-10.001
-9.758
-9.429
-9.125
-8.946
-8.871
-8.939
-9.125
-9.399
-9.71
-9.912
-9.903
-9.821
-9.753
-9.59
-9.372
-9.132
-8.808
-8.542
-8.406
-8.286
-8.197
-8.179
-8.17
-8.193
-8.277
-8.301
-8.234
-8.166
-8.172
-8.213
-8.193
-7.989
-7.655
-7.258
-6.807
-6.365
-5.897
-5.369
-4.892
-4.543
-4.313
-4.264
-4.373
-4.565
-4.827
-4.994
-4.987
-4.951
-4.934
-4.845
-4.663
-4.454
-4.241
-3.974
-3.627
-3.289
-3.019
-2.751
-2.456
-2.104
-1.737
-1.51
-1.379
-1.258
-1.274
-1.488
-1.594
-1.42
-1.025
-0.519
0.004
0.442
0.605
0.549
0.603
0.843
0.998
1.027
1.177
1.521
1.928
2.349
2.875
3.568
4.275
4.795
5.092
5.244
5.319
5.262
4.92
4.427
4.012
3.711
3.541
3.559
3.719
3.887
3.971
3.935
3.908
4.01
4.178
4.326
4.373
4.243
3.86
3.316
2.855
2.597
2.404
2.245
2.252
2.367
2.397
2.34
2.333
2.46
2.778
3.148
3.296
3.066
2.543
1.882
1.35
1.118
1.052
0.789
0.135
-0.736
-1.619
-2.397
-2.862
-2.985
-2.953
-2.794
-2.395
-1.878
-1.513
-1.42
-1.499
-1.596
-1.703
-1.964
-2.422
-2.847
-3.055
-3.116
-3.123
-3.203
-3.507
-3.994
-4.379
-4.464
-4.237
-3.84
-3.466
-3.241
-3.218
-3.293
-3.282
-3.051
-2.712
-2.571
-2.771
-3.23
-3.805
-4.43
-4.99
-5.28
-5.369
-5.407
-5.398
-5.453
-5.661
-5.84
-5.754
-5.312
-4.634
-4.046
-3.76
-3.735
-3.885
-4.035
-4.115
-4.234
-4.427
-4.513
-4.432
-4.346
-4.353
-4.432
-4.588
-4.788
-4.913
-4.979
-5.131
-5.346
-5.5
-5.584
-5.607
-5.546
-5.588
-5.799
-6.003
-6.036
-5.863
-5.639
-5.566
-5.684
-5.857
-5.99
-5.979
-5.75
-5.421
-5.187
-5.105
-5.099
-5.146
-5.187
-5.155
-4.994
-4.752
-4.624
-4.736
-4.986
-5.173
-5.269
-5.317
-5.301
-5.16
-4.958
-5.01
-5.38
-5.884
-6.392
-6.739
-6.795
-6.693
-6.53
-6.254
-5.929
-5.634
-5.387
-5.151
-4.899
-4.769
-4.89
-5.208
-5.584
-6.043
-6.446
-6.562
-6.432
-6.272
-6.24
-6.337
-6.426
-6.448
-6.473
-6.432
-6.226
-6.031
-5.97
-5.985
-6.038
-6.242
-6.655
-7.074
-7.299
-7.412
-7.633
-7.997
-8.308
-8.36
-8.245
-8.075
-7.805
-7.462
-7.167
-6.866
-6.414
-5.915
-5.594
-5.442
-5.387
-5.409
-5.529
-5.705
-5.872
-6.142
-6.582
-7.061
-7.482
-7.871
-8.084
-7.982
-7.7
-7.389
-7.049
-6.769
-6.663
-6.689
-6.748
-6.763
-6.845
-7.09
-7.429
-7.821
-8.208
-8.419
-8.297
-7.927
-7.523
-7.26
-7.167
-7.102
-6.895
-6.591
-6.346
-6.172
-6.038
-6.058
-6.301
-6.7
-7.136
-7.451
-7.634
-7.798
-8.086
-8.517
-8.95
-9.243
-9.283
-9.052
-8.633
-8.213
-7.941
-7.823
-7.662
-7.349
-6.929
-6.496
-6.165
-6.085
-6.396
-7.026
-7.727
-8.29
-8.721
-8.996
-9.213
-9.461
-9.753
-10.048
-10.171
-9.969
-9.558
-9.216
-9.136
-9.247
-9.382
-9.445
-9.488
-9.495
-9.454
-9.569
-9.869
-10.234
-10.624
-10.942
-11.037
-11.033
-11.089
-11.187
-11.171
-10.987
-10.758
-10.654
-10.633
-10.609
-10.703
-11.003
-11.48
-12.122
-12.745
-13.138
-13.308
-13.453
-13.791
-14.228
-14.356
-13.943
-13.233
-12.59
-12.126
-11.867
-11.759
-11.673
-11.654
-11.745
-11.919
-12.185
-12.503
-12.904
-13.382
-13.897
-14.346
-14.584
-14.56
-14.386
-14.19
-13.886
-13.439
-12.92
-12.346
-11.754
-11.343
-11.276
-11.475
-11.763
-12.06
-12.385
-12.72
-13.04
-13.208
-13.129
-12.842
-12.441
-11.926
-11.273
-10.488
-9.638
-8.891
-8.388
-8.197
-8.324
-8.563
-8.909
-9.395
-9.905
-10.388
-10.847
-11.211
-11.259
-10.899
-10.275
-9.665
-9.145
-8.678
-8.267
-7.871
-7.469
-7.233
-7.333
-7.626
-7.805
-7.871
-8.077
-8.553
-9.138
-9.535
-9.613
-9.469
-9.245
-8.982
-8.622
-8.183
-7.786
-7.553
-7.574
-7.805
-7.979
-8.061
-8.163
-8.335
-8.651
-9.068
-9.295
-9.234
-9.072
-8.919
-8.785
-8.749
-8.78
-8.801
-8.901
-9.138
-9.435
-9.739
-9.95
-10.076
-10.368
-10.817
-11.069
-11.017
-10.774
-10.325
-9.758
-9.306
-9.032
-8.823
-8.63
-8.551
-8.742
-9.202
-9.78
-10.327
-10.855
-11.287
-11.432
-11.33
-11.124
-10.817
-10.361
-9.858
-9.586
-9.628
-9.735
-9.713
-9.68
-9.81
-10.043
-10.332
-10.695
-11.092
-11.486
-11.808
-12.033
-12.212
-12.296
-12.106
-11.57
-11.013
-10.692
-10.498
-10.223
-9.832
-9.508
-9.499
-9.749
-10.057
-10.347
-10.627
-10.869
-11.158
-11.532
-11.781
-11.706
-11.459
-11.241
-11.021
-10.64
-10.03
-9.39
-8.927
-8.708
-8.774
-9.043
-9.324
-9.656
-10.076
-10.511
-10.887
-11.124
-11.165
-11.073
-10.958
-10.796
-10.495
-9.964
-9.324
-8.905
-8.746
-8.719
-8.782
-8.953
-9.213
-9.615
-10.084
-10.406
-10.491
-10.429
-10.311
-10.191
-10.055
-9.819
-9.517
-9.204
-8.887
-8.715
-8.746
-8.868
-9.145
-9.697
-10.422
-11.162
-11.808
-12.221
-12.364
-12.262
-11.937
-11.452
-10.851
-10.184
-9.567
-9.164
-8.909
-8.76
-8.769
-8.939
-9.259
-9.731
-10.346
-11.089
-11.877
-12.559
-13.052
-13.205
-13.018
-12.709
-12.468
-12.237
-11.881
-11.407
-10.901
-10.502
-10.35
-10.536
-10.933
-11.357
-11.813
-12.305
-12.716
-13.006
-13.26
-13.428
-13.357
-13.104
-12.748
-12.201
-11.463
-10.744
-10.218
-9.835
-9.59
-9.486
-9.417
-9.354
-9.475
-9.831
-10.223
-10.518
-10.802
-11.051
-11.094
-10.947
-10.79
-10.62
-10.309
-9.905
-9.49
-9.072
-8.715
-8.56
-8.608
-8.66
-8.639
-8.676
-8.737
-8.705
-8.597
-8.553
-8.604
-8.646
-8.592
-8.335
-7.934
-7.628
-7.517
-7.363
-7.178
-7.119
-7.102
-7.008
-7.015
-7.297
-7.766
-8.19
-8.379
-8.442
-8.578
-8.705
-8.716
-8.678
-8.626
-8.583
-8.528
-8.406
-8.308
-8.365
-8.494
-8.585
-8.685
-8.823
-8.828
-8.653
-8.483
-8.372
-8.26
-8.142
-8.011
-7.85
-7.721
-7.727
-7.975
-8.397
-8.837
-9.306
-9.738
-9.994
-10.18
-10.457
-10.654
-10.644
-10.568
-10.486
-10.253
-9.942
-9.772
-9.779
-9.855
-9.917
-10.001
-10.136
-10.254
-10.277
-10.293
-10.305
-10.313
-10.332
-10.316
-10.268
-10.329
-10.436
-10.439
-10.388
-10.336
-10.266
-10.171
-10.109
-10.159
-10.425
-10.767
-11
-11.128
-11.239
-11.382
-11.566
-11.686
-11.667
-11.611
-11.62
-11.561
-11.355
-11.078
-10.776
-10.481
-10.209
-10.042
-9.949
-9.944
-10.064
-10.25
-10.352
-10.302
-10.107
-9.858
-9.617
-9.411
-9.282
-9.2
-9.12
-9.03
-8.914
-8.816
-8.88
-9.175
-9.515
-9.746
-9.89
-10.039
-10.194
-10.223
-10.066
-9.76
-9.345
-8.868
-8.397
-7.896
-7.317
-6.827
-6.551
-6.365
-6.167
-6.009
-5.943
-5.961
-6.069
-6.244
-6.496
-6.809
-7.022
-6.97
-6.725
-6.48
-6.221
-5.809
-5.355
-5.08
-4.945
-4.872
-4.91
-5.015
-5.039
-5.044
-5.132
-5.287
-5.414
-5.35
-5.031
-4.688
-4.436
-4.142
-3.66
-3.048
-2.547
-2.239
-2
-1.839
-1.884
-2.096
-2.325
-2.595
-2.967
-3.377
-3.729
-3.96
-4.096
-4.201
-4.255
-4.196
-4.035
-3.724
-3.257
-2.799
-2.571
-2.501
-2.391
-2.259
-2.259
-2.391
-2.508
-2.595
-2.722
-2.853
-2.993
-3.175
-3.37
-3.504
-3.529
-3.475
-3.337
-3.119
-2.892
-2.692
-2.599
-2.749
-3.189
-3.704
-4.08
-4.33
-4.452
-4.489
-4.531
-4.606
-4.657
-4.645
-4.527
-4.326
-4.15
-3.994
-3.819
-3.683
-3.66
-3.759
-3.838
-3.787
-3.726
-3.792
-3.898
-4.089
-4.478
-4.834
-4.934
-4.881
-4.815
-4.654
-4.332
-3.933
-3.672
-3.577
-3.438
-3.25
-3.22
-3.409
-3.715
-3.957
-4.157
-4.471
-4.822
-4.94
-4.765
-4.436
-4.015
-3.477
-2.881
-2.352
-1.934
-1.562
-1.233
-1.043
-1.016
-1.059
-1.111
-1.244
-1.567
-1.987
-2.215
-2.148
-1.844
-1.376
-0.848
-0.394
0.009
0.358
0.614
0.795
0.823
0.666
0.467
0.338
0.258
0.201
0.124
0.009
-0.036
0.152
0.501
0.866
1.315
1.839
2.288
2.547
2.612
2.571
2.577
2.584
2.474
2.288
2.121
1.946
1.765
1.721
1.896
2.204
2.567
2.941
3.203
3.325
3.289
3.062
2.667
2.2
1.61
0.836
0.029
-0.655
-1.211
-1.64
-1.851
-1.871
-1.83
-1.787
-1.687
-1.515
-1.304
-1.102
-0.909
-0.669
-0.431
-0.397
-0.562
-0.782
-0.941
-1.034
-1.025
-0.855
-0.562
-0.265
-0.031
0.142
0.286
0.38
0.421
0.494
0.525
0.383
0.11
-0.109
-0.213
-0.301
-0.338
-0.32
-0.367
-0.503
-0.571
-0.365
0.058
0.465
0.75
1.036
1.272
1.502
1.884
2.286
2.488
2.567
2.626
2.626
2.629
2.588
2.386
2.162
2.062
2.082
2.168
2.225
2.297
2.531
2.812
3.021
3.119
2.985
2.692
2.504
2.459
2.447
2.47
2.432
2.359
2.402
2.522
2.649
2.826
3.007
3.211
3.541
3.892
4.103
4.226
4.346
4.452
4.443
4.248
3.845
3.279
2.858
2.764
2.817
2.837
2.921
3.003
2.98
2.962
2.948
2.94
2.967
2.993
3.041
3.179
3.207
3.027
2.717
2.291
1.787
1.297
0.991
0.993
1.329
1.889
2.658
3.653
4.668
5.312
5.457
5.303
4.96
4.261
3.241
2.177
1.229
0.505
0.201
0.269
0.716
1.651
2.975
4.495
5.981
7.156
7.9
8.227
8.056
7.347
6.074
4.432
2.756
1.222
-0.117
-1.009
-1.181
-0.746
0.147
1.506
3.248
5.124
6.874
8.259
9.059
9.186
8.737
7.823
6.494
4.842
3.175
1.765
0.73
0.261
0.564
1.624
3.25
5.262
7.312
9.025
10.298
11.318
12.04
12.188
11.604
10.436
9.041
7.748
6.748
6.113
5.811
5.891
6.494
7.578
8.95
10.475
12.115
13.745
15.154
16.129
16.584
16.726
16.71
16.47
15.896
15.133
14.412
13.972
13.965
14.221
14.612
15.236
16.184
17.309
18.393
19.384
20.348
21.213
21.789
22.063
22.122
21.989
21.644
21.149
20.655
20.285
20.062
20.033
20.196
20.514
21.008
21.707
22.549
23.341
23.901
24.05
23.758
23.079
22.159
21.129
20.106
19.158
18.357
17.756
17.372
17.259
17.475
17.985
18.645
19.332
19.961
20.389
20.403
19.857
18.921
17.956
16.962
15.721
14.197
12.604
11.173
10.069
9.306
8.819
8.511
8.415
8.653
9.211
9.731
9.86
9.667
9.375
9.027
8.446
7.444
6.065
4.571
3.189
2.023
1.029
0.181
-0.439
-0.789
-0.823
-0.56
-0.188
0.061
0.106
0.011
-0.09
-0.276
-0.73
-1.455
-2.329
-3.241
-4.078
-4.783
-5.339
-5.664
-5.528
-4.879
-3.933
-3.023
-2.352
-1.873
-1.467
-1.052
-0.736
-0.639
-0.666
-0.691
-0.78
-1.025
-1.333
-1.578
-1.707
-1.685
-1.449
-1.054
-0.578
-0.029
0.51
0.993
1.54
2.132
2.695
3.191
3.536
3.701
3.76
3.767
3.77
3.774
3.812
4.001
4.257
4.443
4.611
4.847
5.167
5.553
6.017
6.552
7.074
7.546
8.02
8.374
8.422
8.32
8.304
8.349
8.376
8.308
8.168
8.048
7.914
7.666
7.546
7.816
8.263
8.622
8.939
9.438
9.935
10.109
10.043
9.896
9.54
9.043
8.726
8.576
8.318
8.031
8.041
8.313
8.637
9.034
9.592
10.157
10.633
11.1
11.387
11.264
10.907
10.568
10.223
9.773
9.195
8.619
8.156
7.891
8.009
8.526
9.134
9.713
10.375
11.1
11.77
12.303
12.752
13.142
13.333
13.285
13.205
13.111
12.888
12.616
12.478
12.521
12.645
12.775
12.929
13.281
13.917
14.694
15.51
16.243
16.685
16.919
17.155
17.348
17.341
17.227
17.057
16.805
16.567
16.481
16.584
16.874
17.286
17.742
18.187
18.531
18.822
19.065
19.128
19.058
19.019
18.983
18.775
18.364
17.983
17.856
17.894
17.828
17.686
17.624
17.656
17.815
18.028
18.08
18.016
18.016
17.939
17.647
17.138
16.445
15.762
15.333
15.086
14.673
14.052
13.489
13.192
13.135
13.239
13.394
13.46
13.453
13.516
13.764
14.086
14.217
14.002
13.646
13.396
13.205
12.897
12.555
12.371
12.398
12.548
12.72
12.872
13.008
13.146
13.322
13.578
13.895
14.168
14.286
14.317
14.471
14.587
14.412
14.061
13.82
13.63
13.367
13.246
13.45
13.782
13.9
13.934
14.217
14.517
14.639
14.888
15.227
15.303
15.116
14.816
14.503
14.231
13.936
13.698
13.698
13.779
13.754
13.691
13.53
13.468
13.759
14.208
14.591
14.95
15.179
15.195
15.151
15.213
15.369
15.381
15.163
14.88
14.642
14.467
14.449
14.605
14.846
15.054
15.206
15.52
16.077
16.599
16.993
17.393
17.745
18.062
18.371
18.498
18.583
18.676
18.502
18.191
18.101
18.008
17.797
17.857
18.201
18.534
18.786
19.003
19.264
19.647
19.99
20.224
20.428
20.53
20.675
20.847
20.693
20.219
19.843
19.591
19.505
19.725
19.951
19.995
20.009
20.042
20.155
20.394
20.596
20.743
20.763
20.444
20.038
19.829
19.706
19.568
19.436
19.167
18.835
18.613
18.504
18.489
18.486
18.327
17.994
17.593
17.173
16.828
16.592
16.322
16.066
15.766
15.444
15.243
15.081
14.757
14.412
14.301
14.471
14.723
14.809
14.794
14.861
14.929
14.866
14.788
14.709
14.549
14.471
14.417
14.234
14.154
14.394
14.716
14.857
14.725
14.38
14.017
13.818
13.795
13.85
13.997
14.276
14.698
15.022
15.17
15.22
15.098
14.905
14.939
15.143
15.295
15.447
15.673
15.859
15.973
16.129
16.381
16.597
16.644
16.597
16.513
16.34
16.197
16.155
15.963
15.696
15.614
15.537
15.179
14.671
14.19
13.865
13.761
13.73
13.743
13.843
13.882
13.818
13.702
13.494
13.382
13.55
13.723
13.723
13.62
13.371
12.915
12.355
11.825
11.493
11.298
11.062
10.848
10.65
10.347
10.08
9.924
9.803
9.762
9.756
9.635
9.402
9.079
8.628
8.102
7.587
7.172
6.911
6.714
6.494
6.335
6.217
6.155
6.237
6.317
6.276
6.228
6.224
6.194
6.151
6.069
5.874
5.664
5.512
5.38
5.201
4.883
4.366
3.738
3.164
2.719
2.34
1.914
1.41
0.981
0.716
0.48
0.317
0.386
0.666
1.029
1.461
1.932
2.241
2.261
2.098
1.817
1.326
0.662
0.027
-0.58
-1.263
-1.914
-2.415
-2.776
-2.91
-2.789
-2.578
-2.397
-2.241
-2.028
-1.751
-1.592
-1.565
-1.544
-1.71
-2.162
-2.578
-2.91
-3.396
-3.912
-4.257
-4.454
-4.478
-4.282
-3.858
-3.275
-2.733
-2.293
-1.865
-1.521
-1.372
-1.42
-1.672
-2.102
-2.581
-3.089
-3.568
-3.897
-4.085
-4.178
-4.191
-4.228
-4.271
-4.205
-4.033
-3.853
-3.742
-3.722
-3.74
-3.856
-4.126
-4.436
-4.6
-4.602
-4.582
-4.597
-4.613
-4.69
-4.786
-4.704
-4.448
-4.219
-4.085
-4.026
-4.087
-4.246
-4.389
-4.413
-4.35
-4.289
-4.298
-4.42
-4.67
-4.928
-4.997
-4.935
-4.967
-5.06
-5.114
-5.253
-5.45
-5.564
-5.575
-5.591
-5.67
-5.765
-5.891
-6.109
-6.287
-6.248
-6.117
-6.061
-6.102
-6.317
-6.704
-7.036
-7.224
-7.476
-7.878
-8.383
-8.873
-9.193
-9.304
-9.224
-9.037
-8.912
-8.878
-8.967
-9.404
-10.112
-10.59
-10.783
-10.955
-11.21
-11.373
-11.323
-11.066
-10.755
-10.499
-10.207
-9.987
-9.987
-10.023
-9.876
-9.699
-9.633
-9.624
-9.572
-9.59
-9.86
-10.232
-10.445
-10.35
-10.023
-9.61
-9.184
-8.812
-8.657
-8.733
-8.868
-9.075
-9.369
-9.606
-9.717
-9.673
-9.476
-9.286
-9.054
-8.508
-7.721
-7.092
-6.67
-6.317
-6.036
-5.902
-5.929
-5.999
-6.102
-6.485
-6.997
-7.145
-6.922
-6.716
-6.657
-6.577
-6.287
-5.904
-5.661
-5.48
-5.208
-5.017
-5.035
-4.98
-4.695
-4.3
-3.887
-3.452
-3.093
-2.874
-2.751
-2.674
-2.571
-2.345
-1.969
-1.526
-1.027
-0.473
0.013
0.317
0.514
0.802
1.261
1.673
1.839
1.962
2.291
2.663
2.896
3.116
3.323
3.375
3.323
3.284
3.264
3.261
3.318
3.527
3.987
4.638
5.287
5.747
6.067
6.317
6.478
6.419
6.176
5.947
5.729
5.514
5.394
5.291
5.01
4.67
4.543
4.623
4.788
4.99
5.196
5.325
5.33
5.301
5.171
4.749
4.008
3.166
2.381
1.607
0.907
0.497
0.401
0.551
0.818
1.102
1.467
1.839
2.028
1.97
1.653
1.174
0.766
0.358
-0.249
-0.934
-1.506
-2.014
-2.529
-2.953
-3.218
-3.271
-3.168
-2.934
-2.467
-1.91
-1.617
-1.676
-1.805
-1.891
-2.093
-2.508
-2.98
-3.418
-3.939
-4.386
-4.471
-4.302
-4.144
-3.992
-3.722
-3.438
-3.311
-3.337
-3.271
-3
-2.81
-2.84
-2.892
-2.957
-3.103
-3.214
-3.25
-3.257
-3.361
-3.683
-4.046
-4.189
-4.146
-4.069
-4.049
-4.087
-4.021
-3.892
-3.901
-3.926
-3.719
-3.466
-3.431
-3.554
-3.77
-4.057
-4.36
-4.582
-4.676
-4.82
-5.187
-5.607
-5.865
-6.04
-6.155
-6.122
-5.927
-5.614
-5.362
-5.294
-5.28
-5.298
-5.321
-5.18
-4.942
-4.915
-5.21
-5.673
-6.088
-6.296
-6.4
-6.537
-6.655
-6.757
-6.963
-7.133
-7.108
-6.904
-6.559
-6.231
-6.076
-5.979
-5.792
-5.509
-5.072
-4.568
-4.219
-4.164
-4.434
-4.82
-5.08
-5.303
-5.688
-6.169
-6.675
-7.149
-7.481
-7.621
-7.546
-7.306
-7.002
-6.693
-6.417
-6.219
-5.988
-5.646
-5.31
-4.986
-4.775
-4.935
-5.405
-5.877
-6.333
-6.784
-7.088
-7.292
-7.571
-8.066
-8.644
-9.02
-9.079
-8.919
-8.619
-8.277
-8.056
-7.97
-7.909
-7.78
-7.612
-7.503
-7.526
-7.634
-7.805
-8.149
-8.657
-9.177
-9.438
-9.304
-8.96
-8.626
-8.386
-8.177
-7.923
-7.621
-7.417
-7.406
-7.623
-8.115
-8.728
-9.175
-9.435
-9.694
-9.925
-9.96
-9.79
-9.521
-9.136
-8.485
-7.548
-6.569
-5.838
-5.383
-5.112
-5.119
-5.35
-5.529
-5.611
-5.802
-6.188
-6.6
-6.886
-7.061
-7.199
-7.199
-6.979
-6.605
-6.165
-5.788
-5.566
-5.394
-5.105
-4.799
-4.688
-4.831
-5.16
-5.634
-6.126
-6.455
-6.558
-6.562
-6.511
-6.351
-6.083
-5.811
-5.523
-5.191
-4.945
-4.858
-4.974
-5.307
-5.775
-6.319
-6.997
-7.789
-8.463
-8.821
-8.984
-9.179
-9.356
-9.334
-9.048
-8.544
-7.878
-7.244
-6.977
-7.297
-8.004
-8.708
-9.356
-10.146
-10.994
-11.627
-11.992
-12.205
-12.316
-12.28
-12.117
-11.822
-11.366
-10.917
-10.681
-10.688
-10.892
-11.211
-11.559
-11.958
-12.466
-13.024
-13.537
-13.924
-14.095
-14.099
-14.09
-14.023
-13.716
-13.211
-12.7
-12.375
-12.207
-12.144
-12.24
-12.562
-13.122
-13.757
-14.183
-14.373
-14.476
-14.431
-14.231
-14.142
-14.292
-14.41
-14.228
-13.775
-13.271
-12.929
-12.749
-12.756
-12.972
-13.226
-13.369
-13.501
-13.709
-13.975
-14.247
-14.435
-14.569
-14.636
-14.46
-13.902
-13.146
-12.516
-12.135
-11.895
-11.749
-11.588
-11.239
-10.799
-10.557
-10.658
-11.035
-11.445
-11.652
-11.577
-11.382
-11.196
-10.983
-10.676
-10.266
-9.772
-9.275
-8.819
-8.286
-7.766
-7.574
-7.818
-8.238
-8.63
-8.905
-9.016
-9.061
-9.182
-9.268
-9.138
-8.808
-8.293
-7.732
-7.412
-7.396
-7.43
-7.453
-7.555
-7.66
-7.707
-7.759
-7.83
-7.886
-7.909
-7.891
-7.918
-8.025
-8.12
-8.245
-8.542
-8.996
-9.438
-9.797
-10.105
-10.347
-10.533
-10.688
-10.726
-10.551
-10.241
-9.898
-9.617
-9.513
-9.542
-9.64
-9.805
-10.016
-10.214
-10.413
-10.668
-10.98
-11.325
-11.521
-11.418
-11.176
-10.942
-10.629
-10.268
-10.043
-9.99
-10.048
-10.171
-10.445
-10.874
-11.314
-11.785
-12.287
-12.62
-12.663
-12.425
-11.996
-11.554
-11.266
-11.085
-10.826
-10.443
-10.025
-9.728
-9.606
-9.651
-9.88
-10.264
-10.717
-11.191
-11.659
-11.99
-12.144
-12.182
-12.037
-11.62
-11.125
-10.724
-10.391
-10.08
-9.919
-10.089
-10.484
-10.736
-10.788
-10.924
-11.218
-11.414
-11.404
-11.334
-11.176
-10.788
-10.28
-9.949
-9.798
-9.669
-9.558
-9.475
-9.324
-9.105
-9.007
-9.159
-9.488
-9.808
-10.032
-10.227
-10.347
-10.247
-10.071
-10.08
-10.153
-10.05
-9.794
-9.545
-9.313
-9.089
-9.043
-9.32
-9.708
-9.917
-9.998
-10.198
-10.516
-10.861
-11.207
-11.452
-11.541
-11.477
-11.246
-10.944
-10.615
-10.254
-9.98
-9.925
-10.069
-10.288
-10.481
-10.703
-11.132
-11.715
-12.23
-12.623
-12.949
-13.204
-13.353
-13.31
-13.067
-12.77
-12.516
-12.292
-12.106
-12.058
-12.162
-12.316
-12.419
-12.634
-13.045
-13.453
-13.732
-13.958
-14.172
-14.276
-14.154
-13.754
-13.226
-12.738
-12.292
-11.749
-11.066
-10.398
-9.925
-9.721
-9.846
-10.368
-11.132
-11.854
-12.457
-12.981
-13.328
-13.38
-13.211
-13.004
-12.722
-12.141
-11.291
-10.538
-10.042
-9.672
-9.361
-9.161
-9.1
-9.136
-9.179
-9.293
-9.538
-9.724
-9.738
-9.653
-9.534
-9.313
-8.971
-8.557
-8.231
-8.066
-8.048
-8.082
-8.09
-8.023
-7.993
-8.09
-8.236
-8.356
-8.487
-8.678
-8.939
-9.27
-9.621
-9.88
-9.858
-9.517
-9.072
-8.709
-8.481
-8.397
-8.504
-8.683
-8.819
-8.891
-8.861
-8.787
-8.809
-8.868
-8.905
-8.953
-8.873
-8.517
-8.023
-7.71
-7.727
-7.925
-8.023
-7.989
-7.959
-8.002
-8.129
-8.408
-8.848
-9.288
-9.545
-9.638
-9.71
-9.758
-9.703
-9.608
-9.574
-9.656
-9.756
-9.758
-9.687
-9.576
-9.382
-9.191
-9.134
-9.164
-9.143
-9.125
-9.257
-9.597
-10.069
-10.504
-10.776
-10.919
-10.972
-10.947
-10.896
-10.765
-10.492
-10.15
-9.853
-9.662
-9.662
-9.88
-10.254
-10.733
-11.273
-11.819
-12.282
-12.53
-12.577
-12.562
-12.537
-12.378
-12.012
-11.574
-11.246
-11.073
-11.066
-11.18
-11.291
-11.303
-11.323
-11.532
-11.86
-12.194
-12.407
-12.348
-12.067
-11.804
-11.588
-11.257
-10.785
-10.305
-9.984
-9.869
-9.824
-9.794
-9.891
-10.191
-10.654
-11.073
-11.314
-11.502
-11.618
-11.425
-10.978
-10.584
-10.366
-10.166
-9.783
-9.213
-8.692
-8.353
-8.059
-7.757
-7.589
-7.623
-7.714
-7.726
-7.689
-7.655
-7.551
-7.319
-7.074
-6.886
-6.745
-6.611
-6.469
-6.321
-6.155
-5.974
-5.85
-5.829
-5.845
-5.868
-5.847
-5.734
-5.564
-5.409
-5.228
-4.969
-4.716
-4.536
-4.305
-3.783
-3.096
-2.701
-2.685
-2.762
-2.858
-3.048
-3.261
-3.455
-3.64
-3.846
-4.137
-4.478
-4.747
-4.886
-4.858
-4.616
-4.198
-3.634
-2.969
-2.433
-2.132
-1.937
-1.846
-1.982
-2.318
-2.717
-3.075
-3.402
-3.729
-3.99
-4.126
-4.223
-4.3
-4.354
-4.386
-4.33
-4.194
-4.021
-3.842
-3.69
-3.656
-3.659
-3.635
-3.676
-3.815
-3.997
-4.234
-4.545
-4.765
-4.82
-4.793
-4.869
-4.999
-4.967
-4.782
-4.584
-4.391
-4.182
-4.001
-3.856
-3.811
-3.897
-4.016
-4.139
-4.346
-4.631
-4.942
-5.217
-5.396
-5.346
-4.986
-4.427
-3.858
-3.407
-3.026
-2.67
-2.501
-2.549
-2.633
-2.688
-2.848
-3.137
-3.411
-3.568
-3.588
-3.568
-3.429
-3.071
-2.556
-2.111
-1.882
-1.828
-1.744
-1.508
-1.143
-0.805
-0.584
-0.479
-0.521
-0.637
-0.718
-0.836
-1.102
-1.42
-1.572
-1.447
-1.157
-0.843
-0.621
-0.487
-0.317
-0.079
0.199
0.462
0.591
0.576
0.601
0.642
0.576
0.392
0.197
0.168
0.397
0.801
1.206
1.544
1.818
2.018
2.195
2.433
2.547
2.343
1.987
1.706
1.447
1.027
0.528
0.169
0
-0.054
0.027
0.158
0.238
0.356
0.635
1.016
1.383
1.733
2.011
2.186
2.214
2.01
1.561
1.054
0.657
0.347
-0.009
-0.39
-0.683
-0.895
-1.046
-1.034
-0.894
-0.725
-0.549
-0.349
-0.154
0.013
0.127
0.027
-0.349
-0.825
-1.304
-1.891
-2.519
-3.033
-3.334
-3.264
-2.74
-1.928
-0.95
0.029
0.835
1.517
2.267
3.092
3.697
3.858
3.611
3.098
2.425
1.665
0.894
0.238
-0.235
-0.498
-0.431
0.002
0.677
1.495
2.386
3.289
4.13
4.713
4.879
4.709
4.425
4.108
3.765
3.356
2.875
2.356
1.977
1.937
2.159
2.46
2.93
3.676
4.502
5.284
5.97
6.394
6.564
6.614
6.569
6.289
5.693
4.951
4.267
3.653
3.178
2.841
2.525
2.266
2.27
2.665
3.341
3.98
4.341
4.45
4.493
4.541
4.561
4.643
4.729
4.643
4.378
4.008
3.594
3.155
2.788
2.595
2.519
2.477
2.47
2.467
2.463
2.526
2.751
3.033
3.164
3.021
2.64
2.143
1.71
1.396
1.075
0.698
0.297
-0.135
-0.444
-0.479
-0.247
0.287
1.186
2.232
3.162
3.928
4.482
4.686
4.461
3.805
2.737
1.49
0.383
-0.467
-0.936
-0.825
-0.19
0.646
1.667
2.946
4.275
5.475
6.648
7.512
7.633
7.038
5.944
4.472
2.864
1.413
0.267
-0.413
-0.392
0.31
1.495
3.116
5.231
7.605
9.701
11.155
12.044
12.333
11.884
10.815
9.311
7.508
5.602
3.928
2.828
2.513
3.145
4.745
7.045
9.683
12.307
14.524
16.134
17.259
17.86
17.559
16.302
14.535
12.575
10.617
9.095
8.426
8.533
9.168
10.273
11.878
13.875
16.075
18.153
19.757
20.811
21.271
21.02
20.253
19.164
17.763
16.267
15.034
14.12
13.546
13.394
13.791
14.854
16.556
18.663
20.773
22.511
23.724
24.613
25.223
25.309
24.688
23.483
21.959
20.383
19.021
18.019
17.384
17.132
17.352
18.015
18.938
20.036
21.324
22.775
24.098
24.907
25.03
24.486
23.286
21.593
19.747
18.026
16.531
15.351
14.594
14.272
14.412
14.959
15.821
16.708
17.338
17.74
17.978
17.964
17.59
16.847
15.746
14.362
12.763
11.013
9.241
7.696
6.541
5.861
5.646
5.788
6.133
6.61
7.206
7.732
7.918
7.682
7.04
6.061
4.795
3.271
1.676
0.251
-1.079
-2.438
-3.568
-4.291
-4.6
-4.439
-3.874
-3.053
-2.114
-1.209
-0.476
0.043
0.317
0.372
0.169
-0.281
-0.9
-1.61
-2.386
-3.055
-3.4
-3.511
-3.502
-3.32
-2.928
-2.345
-1.665
-0.943
-0.176
0.544
1.127
1.683
2.191
2.488
2.544
2.47
2.333
2.155
1.98
1.841
1.832
1.987
2.336
2.93
3.667
4.448
5.198
5.897
6.603
7.292
7.773
8.034
8.213
8.215
8.018
7.703
7.322
6.973
6.802
6.874
7.086
7.165
7.092
7.337
7.948
8.542
9.095
9.765
10.243
10.357
10.447
10.602
10.463
10.007
9.728
9.669
9.404
8.973
8.78
8.649
8.392
8.315
8.535
8.775
8.887
8.991
9.175
9.363
9.349
9.177
8.93
8.54
8.079
7.748
7.574
7.533
7.599
7.662
7.766
7.993
8.297
8.705
9.13
9.297
9.245
9.107
8.828
8.415
7.909
7.381
7.149
7.251
7.476
7.834
8.481
9.213
9.887
10.736
11.691
12.366
12.555
12.389
12.069
11.729
11.343
10.989
10.82
10.799
10.835
11.069
11.563
12.214
12.979
13.779
14.687
15.744
16.59
16.96
17.098
17.277
17.407
17.334
16.948
16.359
15.803
15.288
14.802
14.542
14.578
14.877
15.349
15.852
16.477
17.293
18.069
18.735
19.394
19.865
19.879
19.502
19.001
18.409
17.656
16.957
16.537
16.218
15.869
15.614
15.666
16.041
16.629
17.193
17.529
17.542
17.348
17.105
16.844
16.54
16.239
15.837
15.272
14.764
14.471
14.339
14.428
14.764
15.217
15.61
15.818
15.839
15.873
16.009
16.016
15.869
15.725
15.476
15.009
14.524
14.269
14.26
14.304
14.29
14.286
14.308
14.254
14.186
14.367
14.639
14.834
15.057
15.231
15.133
14.864
14.832
15.043
15.099
15.05
15.211
15.231
14.936
14.85
15.05
15.061
15.057
15.279
15.315
15.057
14.834
14.834
14.97
15.099
15.181
15.192
15.077
15.059
15.257
15.303
15.057
14.848
14.875
15.105
15.356
15.474
15.524
15.619
15.789
16.134
16.477
16.622
16.751
17.068
17.529
17.974
18.155
18.15
18.323
18.5
18.436
18.366
18.212
17.894
17.729
17.726
17.653
17.62
17.676
17.871
18.214
18.305
18.191
18.389
18.745
19.039
19.457
19.829
20.026
20.117
20.047
20.036
20.194
20.283
20.299
20.376
20.265
20.055
20.047
20.096
20.103
20.203
20.253
20.154
19.938
19.561
19.173
18.865
18.611
18.402
18.171
17.892
17.733
17.645
17.574
17.792
18.209
18.518
18.817
19.126
19.307
19.376
19.395
19.239
19.044
18.795
18.261
17.629
17.037
16.458
15.907
15.451
15.095
14.841
14.671
14.428
14.22
14.154
14.276
14.408
14.287
14.042
13.945
13.865
13.719
13.675
13.56
13.298
13.283
13.53
13.713
13.911
14.36
14.912
15.34
15.658
15.969
16.18
16.095
15.805
15.499
15.061
14.387
13.816
13.723
13.976
14.204
14.328
14.58
14.968
15.302
15.517
15.678
15.824
16.141
16.581
16.951
17.168
17.13
16.755
16.386
16.372
16.619
16.778
16.699
16.615
16.826
17.225
17.518
17.626
17.522
17.148
16.689
16.266
15.724
15.174
14.868
14.766
14.743
14.709
14.412
13.938
13.66
13.682
13.893
14.045
14.016
13.972
14.038
13.999
13.737
13.315
12.722
12.128
11.754
11.377
10.894
10.599
10.636
10.894
11.259
11.586
11.804
11.912
11.836
11.633
11.343
10.844
10.236
9.81
9.627
9.463
9.252
9.009
8.73
8.329
7.809
7.347
7.133
7.149
7.295
7.383
7.102
6.589
6.183
5.865
5.477
5.101
4.822
4.531
4.146
3.801
3.659
3.574
3.515
3.645
3.905
3.985
3.731
3.211
2.574
2.048
1.796
1.587
1.202
0.787
0.424
0.027
-0.313
-0.467
-0.519
-0.576
-0.608
-0.538
-0.435
-0.553
-0.857
-1.025
-0.975
-0.887
-0.923
-1.14
-1.462
-1.841
-2.218
-2.445
-2.515
-2.506
-2.432
-2.329
-2.229
-2.07
-1.907
-1.81
-1.706
-1.714
-1.93
-2.222
-2.636
-3.137
-3.538
-3.835
-3.964
-3.835
-3.713
-3.624
-3.35
-2.989
-2.653
-2.184
-1.696
-1.383
-1.092
-0.859
-0.921
-1.284
-1.884
-2.703
-3.586
-4.353
-4.969
-5.448
-5.799
-5.995
-5.968
-5.67
-5.158
-4.536
-3.917
-3.334
-2.801
-2.447
-2.32
-2.347
-2.478
-2.692
-3.016
-3.556
-4.198
-4.776
-5.325
-5.784
-5.85
-5.532
-5.046
-4.602
-4.273
-3.987
-3.752
-3.645
-3.601
-3.552
-3.67
-4.08
-4.782
-5.673
-6.569
-7.308
-7.903
-8.304
-8.458
-8.485
-8.472
-8.324
-8.089
-7.816
-7.485
-7.084
-6.703
-6.546
-6.775
-7.274
-7.873
-8.626
-9.531
-10.479
-11.276
-11.885
-12.303
-12.511
-12.525
-12.307
-11.838
-11.203
-10.538
-9.987
-9.633
-9.411
-9.265
-9.211
-9.341
-9.721
-10.209
-10.651
-11
-11.259
-11.466
-11.695
-11.871
-11.912
-11.749
-11.334
-10.755
-10.259
-9.921
-9.706
-9.604
-9.567
-9.583
-9.713
-9.884
-10.094
-10.364
-10.533
-10.511
-10.343
-10.032
-9.54
-8.909
-8.166
-7.437
-6.839
-6.426
-6.233
-6.124
-5.95
-5.851
-5.947
-6.076
-6.169
-6.278
-6.365
-6.292
-6.006
-5.6
-5.169
-4.772
-4.427
-4.155
-4.028
-3.946
-3.729
-3.427
-3.241
-3.241
-3.237
-3.023
-2.551
-1.969
-1.496
-1.181
-0.846
-0.462
-0.265
-0.29
-0.345
-0.421
-0.56
-0.642
-0.617
-0.485
-0.249
0.149
0.755
1.642
2.671
3.504
3.946
4.112
4.144
4.042
3.826
3.486
2.992
2.456
2.111
2.069
2.136
2.01
1.73
1.633
1.898
2.386
2.894
3.303
3.622
3.849
3.776
3.255
2.513
1.869
1.422
1.152
1.04
1.064
1.265
1.626
2.063
2.504
2.833
2.921
2.751
2.395
1.91
1.409
1.04
0.773
0.428
0.023
-0.419
-0.943
-1.429
-1.714
-1.744
-1.544
-1.179
-0.782
-0.583
-0.657
-0.87
-1.081
-1.37
-1.71
-2.011
-2.402
-2.951
-3.461
-3.849
-4.194
-4.386
-4.337
-4.08
-3.746
-3.316
-2.73
-2.121
-1.735
-1.54
-1.372
-1.284
-1.431
-1.837
-2.436
-3.171
-3.935
-4.427
-4.52
-4.491
-4.577
-4.627
-4.518
-4.298
-4.021
-3.781
-3.556
-3.297
-3.112
-3.086
-3.257
-3.713
-4.382
-4.945
-5.244
-5.409
-5.534
-5.575
-5.518
-5.357
-5.079
-4.697
-4.267
-3.851
-3.468
-3.162
-3.046
-3.189
-3.574
-4.116
-4.776
-5.561
-6.432
-7.303
-8.107
-8.78
-9.316
-9.692
-9.825
-9.694
-9.363
-8.841
-8.183
-7.546
-7.099
-6.836
-6.673
-6.58
-6.544
-6.482
-6.4
-6.492
-6.802
-7.274
-7.825
-8.326
-8.597
-8.574
-8.283
-7.814
-7.283
-6.825
-6.559
-6.444
-6.387
-6.448
-6.605
-6.759
-6.943
-7.165
-7.392
-7.692
-8.016
-8.154
-8.068
-7.837
-7.519
-7.219
-6.956
-6.605
-6.162
-5.761
-5.491
-5.402
-5.439
-5.5
-5.673
-5.995
-6.344
-6.704
-7.02
-7.115
-7.077
-7.043
-6.907
-6.662
-6.496
-6.448
-6.496
-6.598
-6.693
-6.782
-6.8
-6.684
-6.752
-7.33
-8.274
-9.152
-9.785
-10.112
-10.121
-9.901
-9.579
-9.238
-8.964
-8.787
-8.715
-8.556
-8.113
-7.467
-6.886
-6.736
-7.084
-7.575
-7.904
-8.109
-8.412
-8.905
-9.44
-9.908
-10.332
-10.722
-10.976
-11.019
-10.887
-10.644
-10.291
-9.908
-9.703
-9.703
-9.613
-9.32
-8.923
-8.553
-8.36
-8.433
-8.646
-8.774
-8.66
-8.367
-8.063
-7.823
-7.626
-7.453
-7.337
-7.312
-7.374
-7.478
-7.569
-7.653
-7.678
-7.607
-7.476
-7.344
-7.213
-7.115
-7.115
-7.254
-7.462
-7.7
-7.857
-7.834
-7.637
-7.33
-7.09
-7.002
-6.907
-6.682
-6.385
-6.142
-6.099
-6.247
-6.458
-6.721
-6.97
-7.119
-7.199
-7.26
-7.297
-7.365
-7.523
-7.71
-7.834
-7.803
-7.589
-7.458
-7.723
-8.311
-8.749
-8.819
-8.723
-8.651
-8.669
-8.857
-9.123
-9.365
-9.627
-9.869
-10.071
-10.307
-10.434
-10.432
-10.613
-10.973
-11.152
-11.051
-10.89
-10.826
-10.883
-11.076
-11.384
-11.745
-12.076
-12.228
-12.196
-12.196
-12.389
-12.643
-12.752
-12.722
-12.611
-12.475
-12.378
-12.382
-12.43
-12.53
-12.755
-13.053
-13.192
-13.063
-12.988
-13.183
-13.428
-13.474
-13.467
-13.467
-13.394
-13.285
-13.19
-13.067
-12.953
-12.915
-12.861
-12.645
-12.366
-12.26
-12.255
-12.267
-12.333
-12.452
-12.597
-12.786
-12.967
-13.049
-12.897
-12.544
-12.223
-11.974
-11.647
-11.214
-10.84
-10.699
-10.751
-10.754
-10.572
-10.361
-10.309
-10.418
-10.651
-10.933
-11.11
-11.01
-10.767
-10.597
-10.457
-10.153
-9.71
-9.309
-9.03
-8.864
-8.823
-8.923
-9.084
-9.283
-9.461
-9.601
-9.751
-9.81
-9.673
-9.465
-9.313
-9.145
-8.898
-8.653
-8.481
-8.353
-8.195
-8.066
-8.009
-7.997
-8.09
-8.388
-8.75
-9.005
-9.112
-9.195
-9.397
-9.69
-9.903
-10.01
-10.071
-9.949
-9.624
-9.329
-9.186
-9.109
-9.105
-9.323
-9.679
-9.873
-9.839
-9.762
-9.758
-9.726
-9.569
-9.363
-9.27
-9.254
-9.193
-9.086
-9.071
-9.22
-9.395
-9.397
-9.375
-9.565
-9.976
-10.465
-10.951
-11.393
-11.688
-11.831
-11.811
-11.547
-11.046
-10.395
-9.683
-9.091
-8.775
-8.644
-8.553
-8.505
-8.617
-8.889
-9.22
-9.599
-10.042
-10.461
-10.74
-10.861
-10.878
-10.833
-10.64
-10.212
-9.579
-8.919
-8.433
-8.188
-8.09
-8.115
-8.293
-8.667
-9.247
-9.853
-10.273
-10.427
-10.347
-10.227
-10.142
-10.014
-9.765
-9.334
-8.805
-8.374
-8.181
-8.215
-8.44
-8.848
-9.445
-10.091
-10.668
-11.178
-11.62
-11.901
-11.912
-11.736
-11.45
-11.014
-10.443
-9.78
-9.132
-8.692
-8.526
-8.487
-8.481
-8.678
-9.191
-9.769
-10.325
-10.994
-11.759
-12.392
-12.755
-12.834
-12.666
-12.375
-11.996
-11.475
-10.821
-10.198
-9.798
-9.739
-9.944
-10.293
-10.799
-11.402
-11.976
-12.434
-12.808
-13.056
-13.135
-13.142
-13.092
-12.845
-12.366
-11.792
-11.33
-11.155
-11.182
-11.191
-11.211
-11.418
-11.825
-12.386
-12.988
-13.419
-13.605
-13.626
-13.582
-13.496
-13.29
-12.9
-12.479
-12.103
-11.713
-11.375
-11.165
-11.007
-10.913
-10.953
-11.066
-11.155
-11.304
-11.534
-11.759
-11.956
-12.135
-12.158
-11.885
-11.355
-10.638
-9.946
-9.499
-9.217
-8.961
-8.76
-8.709
-8.769
-8.86
-8.95
-9.019
-9.041
-9.064
-9.023
-8.808
-8.401
-7.948
-7.589
-7.324
-7.165
-7.152
-7.249
-7.392
-7.582
-7.818
-8.052
-8.304
-8.59
-8.816
-8.871
-8.76
-8.519
-8.163
-7.732
-7.31
-6.974
-6.782
-6.623
-6.389
-6.251
-6.41
-6.85
-7.437
-8.127
-8.767
-9.231
-9.542
-9.787
-9.891
-9.753
-9.458
-9.164
-8.898
-8.698
-8.581
-8.433
-8.242
-8.186
-8.363
-8.744
-9.27
-9.758
-10.143
-10.52
-10.772
-10.702
-10.422
-10.229
-10.125
-9.921
-9.613
-9.404
-9.365
-9.429
-9.627
-10.035
-10.522
-10.976
-11.393
-11.684
-11.722
-11.633
-11.627
-11.608
-11.484
-11.307
-11.026
-10.586
-10.177
-9.955
-9.894
-9.96
-10.135
-10.318
-10.491
-10.661
-10.869
-11.152
-11.37
-11.377
-11.189
-10.881
-10.472
-9.98
-9.463
-9.032
-8.789
-8.685
-8.485
-8.163
-8.016
-8.324
-8.927
-9.54
-10.087
-10.622
-11.124
-11.391
-11.291
-10.924
-10.398
-9.726
-9.109
-8.674
-8.318
-8.034
-7.963
-8.127
-8.511
-9.02
-9.363
-9.483
-9.554
-9.547
-9.297
-8.975
-8.742
-8.465
-7.957
-7.347
-6.929
-6.809
-6.859
-7.006
-7.271
-7.63
-8.084
-8.576
-8.964
-9.238
-9.454
-9.475
-9.089
-8.399
-7.714
-7.158
-6.762
-6.587
-6.621
-6.677
-6.571
-6.348
-6.208
-6.176
-6.115
-6.017
-5.988
-6.051
-6.038
-5.865
-5.58
-5.284
-5.087
-4.89
-4.543
-4.139
-3.898
-3.835
-3.885
-4.033
-4.255
-4.509
-4.695
-4.695
-4.679
-4.879
-5.158
-5.33
-5.398
-5.436
-5.475
-5.491
-5.371
-5.08
-4.761
-4.523
-4.316
-4.035
-3.717
-3.47
-3.379
-3.266
-3.034
-2.764
-2.577
-2.547
-2.699
-3.021
-3.361
-3.538
-3.615
-3.713
-3.833
-3.983
-4.214
-4.495
-4.806
-5.056
-5.142
-5.131
-5.16
-5.283
-5.391
-5.387
-5.307
-5.169
-4.865
-4.425
-4.005
-3.738
-3.618
-3.522
-3.436
-3.42
-3.427
-3.318
-3.152
-3.173
-3.445
-3.713
-3.774
-3.753
-3.792
-3.787
-3.66
-3.541
-3.536
-3.545
-3.483
-3.466
-3.556
-3.631
-3.624
-3.659
-3.804
-3.942
-3.883
-3.635
-3.416
-3.286
-3.159
-2.957
-2.658
-2.247
-1.785
-1.354
-0.97
-0.625
-0.356
-0.181
-0.129
-0.181
-0.254
-0.327
-0.479
-0.762
-1.105
-1.417
-1.61
-1.717
-1.814
-1.865
-1.814
-1.68
-1.451
-1.086
-0.671
-0.386
-0.258
-0.117
0.075
0.245
0.313
0.283
0.249
0.292
0.428
0.58
0.78
1.105
1.488
1.873
2.186
2.295
2.293
2.28
2.163
1.835
1.32
0.644
-0.179
-1.02
-1.614
-1.825
-1.765
-1.554
-1.202
-0.789
-0.462
-0.204
0.122
0.521
0.918
1.313
1.635
1.696
1.449
0.975
0.345
-0.272
-0.698
-0.966
-1.075
-1.007
-0.887
-0.816
-0.784
-0.725
-0.605
-0.401
-0.351
-0.65
-1.168
-1.735
-2.308
-2.867
-3.402
-3.835
-4.094
-4.175
-4.074
-3.792
-3.445
-3.016
-2.391
-1.621
-0.902
-0.281
0.304
0.753
0.875
0.718
0.449
0.072
-0.342
-0.59
-0.591
-0.432
-0.181
0.065
0.242
0.439
0.809
1.365
1.946
2.381
2.71
2.989
3.082
2.96
2.788
2.563
2.139
1.626
1.261
1.116
1.127
1.35
1.884
2.723
3.701
4.617
5.33
5.777
6.049
6.296
6.58
6.845
6.881
6.518
5.936
5.394
4.994
4.768
4.65
4.609
4.695
4.94
5.269
5.598
5.906
6.224
6.476
6.48
6.142
5.516
4.731
4.039
3.597
3.3
3.057
2.985
3.116
3.384
3.645
3.701
3.746
4.123
4.802
5.553
6.217
6.546
6.437
6.013
5.343
4.472
3.507
2.554
1.782
1.37
1.379
1.778
2.263
2.508
2.456
2.281
2.191
2.214
2.155
1.887
1.481
1.016
0.625
0.535
0.628
0.65
0.698
1.013
1.648
2.399
2.967
3.314
3.459
3.234
2.556
1.672
0.764
-0.054
-0.519
-0.383
0.48
1.765
3.041
4.162
5.031
5.477
5.605
5.505
5.008
4.16
3.178
2.139
1.086
0.052
-0.959
-1.692
-1.758
-1.091
0.169
1.835
3.794
5.943
7.957
9.311
9.746
9.476
8.76
7.655
6.214
4.745
3.534
2.66
2.311
2.66
3.601
4.965
6.775
8.967
11.055
12.697
14.082
15.297
16.007
15.889
14.94
13.287
11.352
9.765
8.737
8.109
8.052
8.898
10.597
12.682
14.857
17.01
18.967
20.591
21.764
22.274
22.059
21.362
20.503
19.634
18.769
17.901
17.182
16.792
16.853
17.477
18.731
20.562
22.637
24.425
25.625
26.445
26.983
26.911
26.21
25.128
23.842
22.433
21.056
19.943
19.187
18.876
19.224
20.269
21.626
22.762
23.583
24.327
25.066
25.667
25.949
25.692
24.699
23.027
20.97
18.879
17.134
15.893
15.025
14.471
14.38
14.814
15.653
16.667
17.563
18.171
18.464
18.343
17.59
16.236
14.48
12.593
10.749
8.953
7.226
5.691
4.536
4.103
4.45
5.18
5.951
6.723
7.469
8.052
8.294
8.068
7.36
6.262
4.897
3.209
1.165
-0.959
-2.803
-4.168
-4.997
-5.391
-5.482
-5.255
-4.645
-3.656
-2.363
-0.957
0.308
1.145
1.306
0.848
0.095
-0.777
-1.776
-2.837
-3.851
-4.745
-5.446
-5.906
-6.022
-5.616
-4.604
-3.2
-1.628
0.036
1.653
3.01
3.881
4.198
4.074
3.574
2.717
1.737
0.912
0.267
-0.254
-0.392
0.102
1.022
1.998
2.992
4.198
5.529
6.795
7.993
9.132
9.994
10.418
10.533
10.339
9.721
8.85
7.911
7.066
6.507
6.133
5.904
6.26
7.215
8.175
8.939
9.801
10.624
11.078
11.463
12.081
12.462
12.221
11.74
11.33
10.681
9.744
8.986
8.453
7.923
7.832
8.277
8.694
8.991
9.317
9.561
9.699
9.838
9.96
9.876
9.44
8.932
8.639
8.227
7.546
6.936
6.453
6.065
5.775
5.605
5.802
6.346
6.8
7.211
7.719
7.93
7.844
7.762
7.623
7.503
7.403
7.092
6.789
6.573
6.292
6.11
6.133
6.12
6.201
6.43
6.623
6.904
7.389
7.944
8.642
9.334
9.673
9.846
9.983
9.987
10.025
10.116
10.188
10.402
10.676
10.61
10.381
10.373
10.588
10.94
11.332
11.704
12.182
12.682
12.94
13.146
13.505
13.889
14.274
14.684
15.005
15.251
15.381
15.537
15.976
16.347
16.408
16.46
16.565
16.647
16.73
16.803
17.01
17.438
17.588
17.436
17.552
17.883
18.001
17.919
17.838
17.797
17.706
17.466
17.282
17.197
16.869
16.325
15.973
15.81
15.587
15.417
15.44
15.707
16.032
16.048
15.828
15.692
15.606
15.351
14.946
14.451
13.982
13.684
13.464
13.204
13.101
13.212
13.337
13.491
13.623
13.557
13.364
13.312
13.453
13.526
13.394
13.231
13.219
13.122
12.838
12.718
12.888
13.079
13.17
13.274
13.474
13.838
14.29
14.555
14.435
14.076
13.857
13.743
13.512
13.401
13.498
13.344
13.19
13.415
13.537
13.35
13.278
13.303
13.35
13.571
13.85
13.961
13.886
13.823
13.775
13.548
13.085
12.69
12.382
12.044
12.081
12.534
13.046
13.591
14.204
14.753
15.356
15.939
16.326
16.524
16.433
16.207
16.07
15.759
15.209
14.857
14.671
14.399
14.331
14.553
14.805
15.036
15.42
16.082
16.937
17.572
17.864
18.196
18.568
18.781
18.897
18.781
18.343
17.794
17.184
16.544
16.166
16.125
16.261
16.481
16.833
17.331
17.971
18.506
18.686
18.661
18.579
18.43
18.216
17.949
17.549
17.066
16.676
16.438
16.214
15.839
15.42
15.313
15.63
16.207
16.944
17.792
18.425
18.606
18.524
18.35
17.856
17.044
16.186
15.379
14.643
14.009
13.578
13.519
13.884
14.51
15.211
15.8
16.055
15.962
15.876
15.962
15.991
15.887
15.689
15.329
14.88
14.491
14.079
13.541
13.022
12.714
12.755
13.006
13.301
13.768
14.483
15.172
15.719
16.095
16.055
15.655
15.236
14.888
14.442
13.889
13.442
13.185
13.053
13.052
13.242
13.516
13.976
14.677
15.285
15.759
16.215
16.529
16.778
17.068
16.975
16.308
15.396
14.546
13.741
13.04
12.59
12.423
12.489
12.731
13.026
13.337
13.761
14.301
14.873
15.426
15.9
16.041
15.755
15.157
14.392
13.673
13.067
12.514
12.078
11.91
11.912
11.981
12.103
12.221
12.3
12.403
12.611
12.868
13.011
12.893
12.638
12.438
12.201
11.806
11.298
10.685
9.935
9.236
8.83
8.646
8.549
8.544
8.644
8.828
9.046
9.193
9.275
9.383
9.49
9.579
9.706
9.742
9.586
9.341
9
8.49
7.923
7.392
6.829
6.269
5.831
5.568
5.48
5.435
5.244
5.051
4.999
5.06
5.171
5.219
5.131
4.999
4.876
4.749
4.571
4.307
4.069
3.908
3.745
3.475
3.041
2.495
2.093
1.959
1.989
2.104
2.191
2.121
1.97
1.765
1.517
1.351
1.261
1.179
1.102
0.807
0.175
-0.487
-1.075
-1.673
-2.028
-2.039
-1.866
-1.562
-1.306
-1.315
-1.363
-1.277
-1.163
-0.959
-0.673
-0.476
-0.439
-0.524
-0.669
-0.873
-1.157
-1.524
-1.941
-2.318
-2.599
-2.912
-3.289
-3.548
-3.556
-3.348
-3.039
-2.701
-2.395
-2.166
-2.052
-2.032
-2.039
-2.084
-2.197
-2.433
-2.841
-3.393
-4.015
-4.676
-5.278
-5.739
-5.944
-5.809
-5.371
-4.886
-4.516
-4.15
-3.713
-3.343
-3.107
-2.962
-2.93
-3.125
-3.572
-4.13
-4.695
-5.264
-5.877
-6.428
-6.822
-7.045
-7.072
-6.866
-6.437
-5.838
-5.053
-4.126
-3.323
-2.853
-2.71
-2.855
-3.232
-3.735
-4.368
-5.169
-6.024
-6.77
-7.336
-7.746
-7.957
-7.904
-7.596
-7.111
-6.541
-5.911
-5.389
-5.132
-5.056
-5.031
-5.062
-5.237
-5.706
-6.459
-7.285
-8.052
-8.694
-9.118
-9.368
-9.567
-9.731
-9.739
-9.54
-9.29
-9.005
-8.551
-7.927
-7.344
-7.002
-6.963
-7.211
-7.657
-8.097
-8.499
-9.023
-9.66
-10.264
-10.703
-10.969
-11.01
-10.761
-10.268
-9.656
-8.937
-8.125
-7.34
-6.839
-6.682
-6.721
-6.914
-7.412
-8.19
-8.986
-9.633
-10.166
-10.463
-10.364
-10.06
-9.706
-9.25
-8.592
-7.7
-6.766
-6.006
-5.462
-5.138
-5.131
-5.435
-5.906
-6.487
-7.136
-7.737
-8.168
-8.401
-8.474
-8.359
-7.866
-6.825
-5.416
-4.091
-3.1
-2.379
-1.851
-1.574
-1.54
-1.751
-2.207
-2.767
-3.273
-3.676
-3.905
-3.905
-3.653
-3.152
-2.413
-1.544
-0.742
-0.068
0.677
1.526
2.209
2.506
2.404
2.107
1.778
1.449
1.172
0.998
0.959
1.091
1.383
1.789
2.343
3.051
3.858
4.638
5.253
5.639
5.792
5.781
5.629
5.394
5.201
4.997
4.588
4.057
3.635
3.493
3.634
3.971
4.441
4.906
5.237
5.357
5.196
4.861
4.538
4.305
4.067
3.759
3.449
3.286
3.307
3.402
3.468
3.538
3.708
3.905
4.044
4.021
3.805
3.468
3.148
2.805
2.315
1.714
1.198
0.898
0.794
0.782
0.757
0.716
0.676
0.619
0.498
0.362
0.245
0.134
-0.006
-0.235
-0.555
-0.825
-0.843
-0.73
-0.673
-0.723
-0.891
-1.111
-1.233
-1.254
-1.257
-1.209
-1.147
-1.206
-1.35
-1.535
-1.859
-2.234
-2.438
-2.436
-2.297
-2.087
-2.05
-2.288
-2.612
-2.794
-2.828
-2.844
-2.907
-2.944
-2.885
-2.801
-2.801
-2.94
-3.185
-3.502
-3.826
-4.144
-4.489
-4.799
-4.951
-4.828
-4.436
-3.956
-3.565
-3.277
-2.989
-2.658
-2.495
-2.683
-3.155
-3.781
-4.409
-4.947
-5.448
-5.938
-6.272
-6.435
-6.505
-6.466
-6.219
-5.713
-5.08
-4.552
-4.155
-3.772
-3.513
-3.531
-3.77
-4.109
-4.506
-4.879
-5.16
-5.468
-5.958
-6.421
-6.518
-6.283
-6.006
-5.836
-5.698
-5.45
-5.121
-4.738
-4.291
-3.89
-3.66
-3.613
-3.624
-3.711
-3.997
-4.366
-4.661
-4.869
-4.99
-5.003
-4.872
-4.613
-4.341
-4.139
-4.01
-4.01
-4.171
-4.413
-4.758
-5.126
-5.235
-5.094
-5.039
-5.178
-5.401
-5.532
-5.491
-5.398
-5.21
-4.845
-4.582
-4.636
-4.858
-5.185
-5.677
-6.178
-6.535
-6.745
-6.85
-6.974
-7.143
-7.222
-7.274
-7.297
-7.136
-6.904
-6.825
-6.888
-6.922
-6.852
-6.777
-6.836
-7.015
-7.199
-7.403
-7.6
-7.737
-7.857
-7.907
-7.862
-7.739
-7.623
-7.558
-7.589
-7.657
-7.648
-7.541
-7.455
-7.429
-7.451
-7.517
-7.503
-7.306
-7.059
-7.018
-7.178
-7.351
-7.381
-7.154
-6.655
-6.169
-5.974
-5.99
-6.151
-6.525
-7.002
-7.285
-7.274
-6.963
-6.48
-6.12
-6.038
-6.069
-5.936
-5.528
-5.114
-4.865
-4.606
-4.348
-4.261
-4.337
-4.588
-4.956
-5.235
-5.364
-5.453
-5.564
-5.677
-5.739
-5.673
-5.502
-5.278
-5.053
-5.013
-5.224
-5.516
-5.67
-5.716
-5.779
-5.906
-6.096
-6.333
-6.648
-6.995
-7.351
-7.78
-8.234
-8.492
-8.497
-8.472
-8.571
-8.774
-8.939
-9.005
-9.105
-9.397
-9.898
-10.45
-10.896
-11.194
-11.35
-11.357
-11.357
-11.518
-11.784
-12.042
-12.14
-11.895
-11.4
-11.062
-11.044
-11.25
-11.525
-11.884
-12.385
-12.953
-13.482
-13.902
-14.199
-14.414
-14.49
-14.304
-13.889
-13.385
-12.99
-12.797
-12.748
-12.779
-12.79
-12.729
-12.709
-12.822
-12.986
-13.185
-13.494
-13.861
-14.181
-14.256
-13.963
-13.521
-13.215
-13.04
-12.87
-12.748
-12.597
-12.314
-12.01
-11.976
-12.403
-13.015
-13.491
-13.737
-13.816
-13.719
-13.394
-12.945
-12.559
-12.196
-11.718
-11.21
-10.742
-10.232
-9.679
-9.331
-9.476
-10.023
-10.561
-10.907
-11.076
-11.173
-11.25
-11.198
-10.878
-10.391
-9.844
-9.145
-8.318
-7.737
-7.558
-7.585
-7.764
-8.154
-8.594
-8.871
-9.048
-9.245
-9.413
-9.415
-9.084
-8.465
-7.823
-7.36
-7.018
-6.682
-6.458
-6.466
-6.525
-6.576
-6.814
-7.34
-8.056
-8.805
-9.445
-9.873
-10.023
-9.928
-9.667
-9.286
-8.909
-8.63
-8.283
-7.775
-7.274
-6.943
-6.904
-7.184
-7.775
-8.557
-9.283
-9.862
-10.463
-11.173
-11.732
-11.926
-11.915
-11.818
-11.532
-11.039
-10.492
-10.039
-9.692
-9.458
-9.449
-9.69
-10.014
-10.221
-10.406
-10.733
-11.191
-11.677
-12.03
-12.137
-11.942
-11.554
-11.128
-10.676
-10.161
-9.724
-9.52
-9.524
-9.726
-10.064
-10.307
-10.465
-10.806
-11.396
-11.992
-12.351
-12.489
-12.603
-12.772
-12.829
-12.53
-11.958
-11.425
-10.973
-10.511
-10.089
-9.776
-9.51
-9.372
-9.586
-10.143
-10.71
-11.007
-11.139
-11.282
-11.463
-11.604
-11.654
-11.566
-11.334
-11.014
-10.736
-10.563
-10.422
-10.246
-10.15
-10.257
-10.531
-10.828
-10.989
-11.007
-11.051
-11.264
-11.522
-11.607
-11.429
-11.117
-10.742
-10.364
-10.057
-9.814
-9.563
-9.347
-9.268
-9.388
-9.672
-10.007
-10.257
-10.379
-10.475
-10.622
-10.729
-10.749
-10.722
-10.613
-10.488
-10.55
-10.72
-10.765
-10.699
-10.702
-10.779
-10.815
-10.802
-10.874
-11.024
-11.125
-11.266
-11.545
-11.74
-11.759
-11.691
-11.593
-11.511
-11.488
-11.463
-11.384
-11.316
-11.291
-11.191
-10.872
-10.416
-10.105
-9.976
-9.883
-9.91
-10.098
-10.253
-10.318
-10.506
-10.948
-11.511
-12.017
-12.357
-12.557
-12.7
-12.752
-12.593
-12.321
-12.199
-12.226
-12.203
-12.044
-11.936
-11.919
-11.908
-11.988
-12.126
-12.047
-11.765
-11.445
-11.094
-10.688
-10.323
-10.048
-9.855
-9.772
-9.803
-9.846
-9.824
-9.838
-9.984
-10.343
-10.919
-11.484
-11.756
-11.663
-11.428
-11.316
-11.291
-11.083
-10.713
-10.368
-10.077
-9.828
-9.758
-9.79
-9.803
-9.849
-9.969
-10.089
-10.129
-9.996
-9.776
-9.715
-9.78
-9.658
-9.317
-8.989
-8.708
-8.406
-8.175
-8.17
-8.388
-8.723
-9.141
-9.767
-10.572
-11.346
-11.922
-12.3
-12.538
-12.6
-12.382
-11.858
-11.13
-10.361
-9.751
-9.372
-9.171
-9.037
-8.891
-8.891
-9.118
-9.458
-9.808
-10.161
-10.499
-10.761
-10.79
-10.577
-10.287
-10.039
-9.803
-9.599
-9.458
-9.279
-9.071
-8.953
-9.005
-9.268
-9.64
-9.924
-10.098
-10.305
-10.627
-10.976
-11.171
-11.2
-11.187
-11.083
-10.785
-10.357
-9.901
-9.386
-8.93
-8.737
-8.705
-8.581
-8.453
-8.456
-8.501
-8.622
-8.946
-9.324
-9.54
-9.658
-9.797
-9.925
-9.95
-9.79
-9.561
-9.372
-9.261
-9.309
-9.493
-9.776
-10.2
-10.755
-11.237
-11.475
-11.507
-11.33
-10.921
-10.498
-10.229
-10.062
-9.862
-9.586
-9.343
-9.175
-9.048
-9.02
-9.195
-9.527
-9.919
-10.388
-10.917
-11.318
-11.504
-11.534
-11.573
-11.656
-11.743
-11.702
-11.498
-11.237
-11.066
-10.987
-10.924
-10.906
-10.955
-10.958
-10.826
-10.702
-10.702
-10.695
-10.565
-10.434
-10.399
-10.361
-10.15
-9.767
-9.365
-9.013
-8.628
-8.238
-8.004
-7.989
-8.102
-8.308
-8.644
-8.991
-9.234
-9.399
-9.576
-9.701
-9.706
-9.52
-9.136
-8.657
-8.188
-7.719
-7.156
-6.593
-6.203
-5.958
-5.759
-5.588
-5.488
-5.432
-5.35
-5.253
-5.198
-5.146
-5.103
-5.026
-4.808
-4.536
-4.35
-4.255
-4.135
-3.944
-3.794
-3.799
-3.858
-3.926
-4.089
-4.354
-4.564
-4.63
-4.652
-4.631
-4.525
-4.267
-3.849
-3.366
-3.014
-2.781
-2.459
-2.08
-1.773
-1.576
-1.417
-1.31
-1.356
-1.503
-1.696
-1.996
-2.367
-2.636
-2.726
-2.744
-2.723
-2.649
-2.554
-2.472
-2.356
-2.214
-2.162
-2.263
-2.422
-2.571
-2.719
-2.86
-2.996
-3.127
-3.232
-3.375
-3.554
-3.659
-3.629
-3.57
-3.483
-3.314
-3.127
-2.98
-2.864
-2.742
-2.651
-2.671
-2.901
-3.25
-3.479
-3.608
-3.745
-3.77
-3.64
-3.518
-3.565
-3.756
-3.942
-4.039
-4.044
-3.949
-3.794
-3.663
-3.638
-3.672
-3.772
-3.89
-3.89
-3.819
-3.826
-3.904
-3.96
-3.967
-3.924
-3.801
-3.554
-3.225
-2.93
-2.789
-2.776
-2.733
-2.544
-2.293
-2.166
-2.25
-2.426
-2.599
-2.758
-2.862
-2.869
-2.878
-2.864
-2.758
-2.497
-2.118
-1.726
-1.368
-1.054
-0.818
-0.705
-0.742
-0.988
-1.29
-1.44
-1.49
-1.626
-1.765
-1.678
-1.402
-1.039
-0.51
0.113
0.63
0.975
1.157
1.206
1.181
1.145
1.086
0.959
0.73
0.517
0.505
0.71
1.022
1.481
1.982
2.254
2.197
2.004
1.893
1.876
1.884
1.871
1.694
1.302
0.76
0.256
-0.09
-0.345
-0.521
-0.512
-0.333
-0.181
-0.156
-0.135
0.041
0.373
0.691
0.835
0.859
0.855
0.757
0.532
0.281
0.016
-0.313
-0.721
-1.086
-1.236
-1.132
-0.829
-0.356
0.104
0.387
0.596
0.873
1.113
1.213
1.243
1.204
0.995
0.639
0.335
0.179
0.206
0.524
0.984
1.272
1.476
1.807
2.184
2.488
2.769
3.023
3.203
3.311
3.264
3.138
3.098
3.073
2.916
2.73
2.656
2.585
2.408
2.245
2.313
2.59
2.862
3.059
3.227
3.29
3.244
3.164
3.171
3.293
3.338
3.182
2.985
2.726
2.352
2.07
1.923
1.803
1.728
1.714
1.782
1.98
2.304
2.683
3.085
3.393
3.554
3.47
3.041
2.313
1.528
0.814
0.301
0.036
-0.154
-0.353
-0.313
0.097
0.714
1.336
1.832
2.241
2.597
2.867
3.039
2.944
2.467
1.785
1.158
0.732
0.424
0.113
-0.258
-0.598
-0.716
-0.525
-0.082
0.485
1.007
1.485
2.032
2.59
3.062
3.375
3.411
3.116
2.653
2.221
1.835
1.354
0.873
0.691
0.877
1.279
1.852
2.723
3.867
5.094
6.267
7.319
8.163
8.637
8.715
8.446
7.759
6.639
5.339
4.146
3.033
1.998
1.437
1.633
2.488
3.746
5.278
6.914
8.453
9.717
10.62
11.137
11.241
10.965
10.253
9.125
7.814
6.734
6.058
5.836
6.122
6.902
8.089
9.627
11.414
13.163
14.542
15.462
16
16.028
15.478
14.571
13.498
12.285
11.151
10.377
10.112
10.395
11.11
11.981
12.965
14.204
15.624
16.912
17.892
18.611
19.035
19.087
18.867
18.427
17.724
16.948
16.411
16.136
16.05
16.232
16.696
17.316
18.053
18.887
19.809
20.798
21.659
22.125
22.113
21.73
21.165
20.555
19.899
19.194
18.491
17.953
17.665
17.649
17.942
18.461
19.046
19.582
20.062
20.396
20.514
20.455
20.235
19.827
19.203
18.409
17.556
16.742
16.073
15.61
15.338
15.243
15.213
15.047
14.712
14.397
14.181
14.038
13.909
13.632
13.149
12.562
11.954
11.35
10.72
9.998
9.304
8.782
8.379
8.038
7.864
7.891
7.879
7.599
7.119
6.566
5.929
5.18
4.398
3.645
2.933
2.181
1.424
0.705
0.043
-0.49
-0.802
-1.02
-1.236
-1.372
-1.402
-1.478
-1.719
-1.957
-1.925
-1.63
-1.403
-1.34
-1.326
-1.347
-1.351
-1.158
-0.857
-0.828
-1.132
-1.465
-1.66
-1.812
-1.939
-2.032
-1.952
-1.587
-1.099
-0.746
-0.542
-0.321
-0.006
0.39
0.784
1.098
1.29
1.41
1.528
1.626
1.617
1.589
1.694
2.016
2.563
3.245
3.937
4.613
5.296
5.954
6.523
7
7.396
7.594
7.482
7.206
7
6.802
6.489
6.126
5.798
5.543
5.45
5.614
6.095
6.793
7.587
8.467
9.309
9.903
10.177
10.194
10.007
9.694
9.264
8.837
8.581
8.3
7.845
7.512
7.482
7.614
7.886
8.372
8.878
9.189
9.431
9.732
9.928
9.773
9.42
9.023
8.318
7.369
6.669
6.283
5.958
5.784
6.029
6.687
7.523
8.383
9.283
10.048
10.47
10.692
10.907
10.913
10.579
10.023
9.438
8.891
8.353
7.845
7.612
7.712
7.959
8.372
9.041
9.878
10.762
11.563
12.305
13.052
13.578
13.75
13.754
13.587
13.135
12.643
12.321
12.081
11.936
12.042
12.455
13.194
14.058
14.771
15.526
16.495
17.456
18.189
18.593
18.552
18.209
17.656
16.867
16.109
15.578
15.168
14.905
14.916
15.216
15.866
16.817
17.883
19.024
20.017
20.537
20.698
20.704
20.489
20.036
19.36
18.572
17.781
16.953
16.111
15.63
15.683
16.107
16.703
17.334
17.835
18.109
18.18
18.175
18.091
17.729
17.016
16.177
15.372
14.664
14.117
13.779
13.66
13.779
14.082
14.399
14.68
14.936
15.32
15.866
16.318
16.456
16.239
15.678
14.97
14.476
14.221
13.993
13.727
13.462
13.364
13.575
13.979
14.439
14.891
15.17
15.376
15.607
15.601
15.303
15.079
15.025
14.981
14.875
14.736
14.643
14.528
14.367
14.449
14.828
15.161
15.368
15.653
15.928
15.993
15.996
16.214
16.477
16.372
16.121
16.084
15.957
15.683
15.737
16.034
16.122
16.073
16.095
16.128
16.102
16.193
16.425
16.518
16.411
16.426
16.706
17.092
17.429
17.601
17.556
17.413
17.486
17.778
17.835
17.497
17.273
17.329
17.261
17.23
17.436
17.824
18.198
18.568
19.142
19.561
19.657
19.693
19.788
19.661
19.395
19.312
19.264
19.194
19.132
19.18
19.342
19.609
19.872
20.137
20.385
20.603
20.795
20.859
21.074
21.44
21.68
21.837
21.848
21.551
21.078
20.722
20.646
20.714
20.548
20.169
20.031
19.913
19.629
19.387
19.058
18.588
18.284
18.191
18.393
18.676
18.758
18.924
19.097
18.958
18.735
18.583
18.069
17.418
16.955
16.574
16.377
16.181
15.837
15.565
15.403
15.361
15.655
16.084
16.549
17.026
17.144
17.144
17.325
17.218
16.726
16.202
15.56
14.777
14.262
14.072
14.054
13.958
13.782
13.982
14.531
14.914
15.168
15.472
15.653
15.918
16.488
16.98
17.166
17.257
17.336
17.307
17.112
16.812
16.463
16.161
16.102
16.374
16.626
16.567
16.352
16.204
16.029
15.771
15.542
15.381
15.247
15.181
15.283
15.496
15.648
15.765
16.086
16.554
16.926
17.007
16.828
16.581
16.518
16.558
16.438
16.308
16.254
16.114
15.91
15.719
15.496
15.455
15.594
15.676
15.794
15.81
15.51
15.161
14.907
14.521
14.09
13.693
13.231
12.924
12.693
12.234
11.763
11.591
11.681
11.87
11.899
11.818
11.926
12.067
12.033
11.877
11.573
11.141
10.826
10.672
10.506
10.216
9.842
9.62
9.592
9.538
9.306
8.978
8.505
7.92
7.342
6.729
6.069
5.475
4.931
4.323
3.756
3.303
2.907
2.584
2.543
2.928
3.586
4.137
4.384
4.511
4.668
4.672
4.439
4.085
3.683
3.205
2.696
2.168
1.51
0.807
0.254
-0.004
-0.065
-0.158
-0.265
-0.122
0.297
0.696
0.947
1.106
1.195
1.165
0.812
-0.027
-1.081
-1.976
-2.56
-2.853
-3
-3.159
-3.23
-3.121
-2.921
-2.764
-2.636
-2.333
-1.837
-1.244
-0.687
-0.362
-0.397
-0.73
-1.17
-1.526
-1.751
-2.109
-2.685
-3.22
-3.563
-3.67
-3.524
-3.289
-3.055
-2.737
-2.367
-2.109
-2.062
-2.304
-2.683
-2.941
-3.116
-3.363
-3.708
-4.139
-4.616
-5.067
-5.428
-5.494
-5.208
-4.747
-4.261
-3.676
-2.992
-2.454
-2.236
-2.245
-2.391
-2.751
-3.216
-3.676
-4.284
-5.18
-6.235
-7.188
-7.821
-8.115
-8.201
-8.093
-7.716
-7.119
-6.421
-5.68
-5.001
-4.459
-3.978
-3.652
-3.722
-4.228
-5.02
-5.927
-6.714
-7.195
-7.494
-7.855
-8.297
-8.671
-8.819
-8.719
-8.483
-8.113
-7.599
-7.111
-6.763
-6.611
-6.759
-7.211
-7.739
-8.161
-8.556
-8.982
-9.528
-10.191
-10.792
-11.173
-11.307
-11.276
-11.158
-11.042
-10.944
-10.82
-10.543
-10.175
-9.803
-9.465
-9.3
-9.435
-9.758
-10.08
-10.373
-10.627
-10.783
-10.758
-10.67
-10.65
-10.599
-10.491
-10.416
-10.3
-10.048
-9.769
-9.551
-9.404
-9.32
-9.272
-9.313
-9.409
-9.399
-9.334
-9.327
-9.341
-9.275
-9.1
-8.861
-8.617
-8.367
-8.208
-8.145
-8.02
-7.793
-7.603
-7.437
-7.283
-7.226
-7.149
-6.907
-6.584
-6.283
-5.951
-5.611
-5.283
-4.951
-4.711
-4.63
-4.683
-4.856
-5.069
-5.255
-5.473
-5.792
-6.21
-6.559
-6.548
-6.151
-5.666
-5.131
-4.525
-3.915
-3.271
-2.558
-1.905
-1.388
-0.934
-0.58
-0.379
-0.356
-0.456
-0.564
-0.594
-0.59
-0.66
-0.798
-0.705
-0.313
0.124
0.503
0.823
0.959
0.973
1.036
1.088
1.132
1.272
1.54
1.858
2.122
2.214
2.259
2.499
2.896
3.237
3.404
3.422
3.386
3.248
2.923
2.685
2.742
2.874
2.96
3.085
3.152
3.157
3.252
3.483
3.704
3.804
3.765
3.59
3.259
2.782
2.313
1.944
1.601
1.184
0.662
0.193
-0.036
-0.088
-0.138
-0.204
-0.206
-0.069
0.201
0.438
0.473
0.387
0.29
0.158
-0.09
-0.562
-1.274
-2.003
-2.449
-2.626
-2.712
-2.853
-3.123
-3.463
-3.697
-3.704
-3.513
-3.293
-3.186
-3.266
-3.468
-3.64
-3.69
-3.624
-3.531
-3.436
-3.366
-3.416
-3.753
-4.389
-5.099
-5.625
-6.01
-6.462
-6.914
-7.218
-7.422
-7.526
-7.399
-6.956
-6.224
-5.436
-4.858
-4.541
-4.439
-4.564
-4.808
-5.024
-5.239
-5.518
-5.854
-6.26
-6.729
-7.254
-7.716
-7.852
-7.653
-7.326
-7.013
-6.729
-6.437
-6.054
-5.688
-5.491
-5.466
-5.536
-5.594
-5.636
-5.788
-6.102
-6.426
-6.707
-6.947
-7.165
-7.482
-7.827
-7.996
-7.93
-7.698
-7.429
-7.213
-7.002
-6.732
-6.424
-6.162
-6.044
-6.083
-6.208
-6.313
-6.378
-6.36
-6.235
-6.14
-6.176
-6.272
-6.278
-6.278
-6.396
-6.471
-6.432
-6.399
-6.394
-6.406
-6.555
-6.848
-7.036
-7.07
-7.099
-7.244
-7.449
-7.603
-7.634
-7.592
-7.462
-7.249
-7.072
-7.002
-6.911
-6.75
-6.587
-6.394
-6.14
-6.015
-6.124
-6.351
-6.577
-6.834
-7.045
-7.129
-7.147
-7.224
-7.403
-7.7
-8.156
-8.744
-9.2
-9.3
-9.279
-9.422
-9.627
-9.753
-9.832
-9.873
-9.798
-9.592
-9.295
-9.009
-8.757
-8.581
-8.663
-8.957
-9.224
-9.369
-9.409
-9.354
-9.295
-9.338
-9.521
-9.676
-9.645
-9.44
-9.191
-9.002
-8.953
-9.046
-9.252
-9.54
-9.801
-9.869
-9.81
-9.772
-9.731
-9.715
-9.669
-9.431
-8.957
-8.412
-7.989
-7.827
-7.792
-7.616
-7.295
-7.011
-6.945
-7.04
-7.201
-7.533
-8.072
-8.531
-8.696
-8.612
-8.426
-8.301
-8.288
-8.125
-7.698
-7.172
-6.634
-6.142
-5.861
-5.906
-6.24
-6.696
-7.04
-7.315
-7.612
-7.878
-8.055
-8.172
-8.17
-7.952
-7.533
-7.004
-6.532
-6.346
-6.462
-6.798
-7.288
-7.648
-7.673
-7.558
-7.607
-7.852
-8.113
-8.342
-8.615
-8.821
-8.805
-8.587
-8.397
-8.449
-8.719
-9.03
-9.295
-9.556
-9.839
-10.053
-10.175
-10.354
-10.572
-10.633
-10.543
-10.502
-10.592
-10.71
-10.862
-11.144
-11.493
-11.688
-11.652
-11.511
-11.452
-11.462
-11.448
-11.382
-11.323
-11.332
-11.466
-11.718
-12.053
-12.471
-12.825
-12.942
-12.783
-12.568
-12.459
-12.438
-12.434
-12.459
-12.511
-12.432
-12.189
-11.949
-11.901
-12.085
-12.423
-12.697
-12.775
-12.736
-12.577
-12.344
-12.28
-12.339
-12.289
-12.171
-12.078
-11.901
-11.636
-11.484
-11.584
-11.871
-12.117
-12.119
-11.856
-11.509
-11.282
-11.232
-11.323
-11.493
-11.702
-11.91
-12.003
-11.995
-12.023
-12.017
-11.951
-11.897
-11.777
-11.398
-10.788
-10.164
-9.715
-9.576
-9.773
-10.153
-10.434
-10.54
-10.679
-10.978
-11.343
-11.654
-11.815
-11.77
-11.55
-11.141
-10.55
-9.894
-9.341
-9.072
-9.138
-9.29
-9.265
-9.13
-9.095
-9.254
-9.594
-9.953
-10.128
-10.062
-9.944
-9.867
-9.721
-9.435
-9.012
-8.456
-7.903
-7.562
-7.548
-7.755
-8.036
-8.435
-9.013
-9.621
-10.132
-10.447
-10.506
-10.416
-10.325
-10.168
-9.783
-9.148
-8.476
-7.977
-7.703
-7.594
-7.633
-7.809
-8.125
-8.528
-8.828
-9.098
-9.563
-10.046
-10.214
-10.143
-10.012
-9.769
-9.402
-9.025
-8.651
-8.329
-8.149
-8.152
-8.249
-8.456
-8.789
-9.171
-9.476
-9.692
-9.901
-10.08
-10.202
-10.28
-10.275
-10.129
-9.831
-9.463
-9.093
-8.656
-8.201
-7.97
-8.056
-8.229
-8.37
-8.657
-9.116
-9.606
-10.08
-10.439
-10.638
-10.696
-10.59
-10.379
-10.135
-9.884
-9.746
-9.753
-9.758
-9.728
-9.717
-9.638
-9.499
-9.417
-9.449
-9.499
-9.642
-9.955
-10.32
-10.513
-10.62
-10.854
-11.128
-11.25
-11.176
-10.978
-10.702
-10.379
-9.998
-9.653
-9.458
-9.42
-9.635
-10.105
-10.602
-11.019
-11.514
-12.06
-12.478
-12.686
-12.707
-12.566
-12.28
-11.863
-11.334
-10.796
-10.27
-9.819
-9.61
-9.728
-10.188
-10.967
-11.745
-12.287
-12.782
-13.339
-13.737
-13.772
-13.532
-13.124
-12.593
-12.049
-11.567
-11.155
-10.779
-10.524
-10.599
-10.972
-11.38
-11.686
-11.956
-12.353
-12.893
-13.376
-13.63
-13.63
-13.369
-12.82
-12.037
-11.228
-10.518
-9.919
-9.481
-9.231
-9.211
-9.479
-10.016
-10.665
-11.355
-12.133
-12.938
-13.555
-13.889
-13.893
-13.585
-13.092
-12.441
-11.552
-10.52
-9.515
-8.762
-8.445
-8.446
-8.551
-8.791
-9.286
-9.921
-10.529
-11.094
-11.632
-11.967
-11.881
-11.389
-10.643
-9.724
-8.828
-8.188
-7.85
-7.703
-7.669
-7.698
-7.785
-8.014
-8.424
-9.005
-9.638
-10.161
-10.492
-10.663
-10.679
-10.491
-10.071
-9.504
-8.891
-8.308
-7.751
-7.177
-6.67
-6.394
-6.385
-6.525
-6.763
-7.036
-7.277
-7.474
-7.692
-7.916
-8.122
-8.231
-8.175
-7.948
-7.628
-7.344
-7.185
-7.143
-7.167
-7.351
-7.775
-8.306
-8.821
-9.32
-9.758
-10.095
-10.273
-10.236
-9.998
-9.606
-9.075
-8.438
-7.8
-7.371
-7.184
-7.136
-7.185
-7.399
-7.775
-8.154
-8.481
-8.832
-9.264
-9.701
-9.987
-10.042
-9.849
-9.452
-9.091
-9.009
-9.086
-9.125
-9.161
-9.265
-9.435
-9.726
-10.227
-10.869
-11.445
-11.881
-12.203
-12.357
-12.234
-11.772
-11.055
-10.218
-9.475
-9.037
-8.774
-8.467
-8.245
-8.435
-9.082
-9.839
-10.492
-11.151
-11.695
-12.017
-12.26
-12.534
-12.586
-12.192
-11.604
-11.217
-10.948
-10.57
-10.116
-9.817
-9.739
-9.697
-9.647
-9.798
-10.264
-10.837
-11.323
-11.686
-11.836
-11.629
-11.033
-10.188
-9.375
-8.753
-8.245
-7.646
-6.981
-6.451
-6.26
-6.458
-6.95
-7.56
-8.034
-8.311
-8.557
-8.816
-8.914
-8.719
-8.211
-7.505
-6.723
-5.922
-5.171
-4.575
-4.228
-4.123
-4.246
-4.516
-4.795
-4.99
-5.194
-5.534
-5.836
-5.781
-5.348
-4.797
-4.187
-3.504
-2.982
-2.84
-2.855
-2.753
-2.642
-2.667
-2.792
-2.912
-3.034
-3.223
-3.482
-3.722
-3.792
-3.681
-3.583
-3.552
-3.556
-3.549
-3.488
-3.334
-3.026
-2.717
-2.663
-2.803
-2.957
-3.062
-3.193
-3.427
-3.701
-3.976
-4.267
-4.534
-4.663
-4.657
-4.559
-4.419
-4.264
-3.976
-3.518
-3.121
-2.98
-3.089
-3.389
-3.811
-4.382
-5.131
-5.895
-6.455
-6.852
-7.136
-7.24
-7.077
-6.632
-6.076
-5.616
-5.307
-5.053
-4.879
-4.827
-4.897
-5.033
-5.198
-5.409
-5.609
-5.68
-5.598
-5.43
-5.228
-5.028
-4.847
-4.683
-4.491
-4.243
-3.956
-3.711
-3.62
-3.713
-3.933
-4.162
-4.264
-4.316
-4.452
-4.658
-4.931
-5.138
-5.101
-4.845
-4.505
-4.171
-3.805
-3.393
-2.971
-2.577
-2.243
-1.884
-1.455
-0.981
-0.601
-0.442
-0.453
-0.503
-0.505
-0.428
-0.272
-0.075
0.104
0.292
0.48
0.676
0.884
1.088
1.25
1.297
1.17
0.916
0.677
0.544
0.553
0.61
0.701
0.916
1.231
1.63
2.175
2.799
3.39
3.919
4.366
4.657
4.704
4.582
4.4
4.18
3.897
3.488
2.999
2.533
2.207
2.007
1.973
2.155
2.472
2.808
3.073
3.293
3.527
3.659
3.57
3.35
3.057
2.59
1.889
1.075
0.349
-0.172
-0.598
-0.995
-1.231
-1.27
-1.179
-0.941
-0.501
-0.006
0.38
0.625
0.76
0.762
0.549
0.116
-0.542
-1.44
-2.488
-3.552
-4.468
-4.976
-5.056
-4.921
-4.686
-4.3
-3.726
-3.021
-2.349
-1.753
-1.174
-0.703
-0.544
-0.789
-1.415
-2.349
-3.271
-3.898
-4.228
-4.287
-4.039
-3.529
-2.841
-2.011
-1.118
-0.131
1
2.114
2.96
3.442
3.588
3.323
2.681
1.966
1.322
0.691
0.076
-0.373
-0.601
-0.58
-0.249
0.387
1.284
2.366
3.466
4.472
5.317
5.892
6.188
6.237
6.147
6.065
5.965
5.75
5.487
5.244
5.039
4.958
5.076
5.475
6.076
6.618
7.036
7.51
7.973
8.17
7.918
7.29
6.559
5.881
5.185
4.527
4.063
3.826
3.828
4.071
4.45
4.901
5.509
6.183
6.855
7.401
7.592
7.385
6.997
6.582
6.201
5.82
5.239
4.536
4.015
3.801
3.851
4.101
4.434
4.802
5.26
5.761
6.11
6.029
5.33
4.253
3.193
2.311
1.574
0.927
0.228
-0.342
-0.408
0.09
0.995
2.043
3.03
3.853
4.407
4.652
4.736
4.602
4.112
3.422
2.644
1.769
0.923
0.283
0.004
0.39
1.368
2.584
3.858
4.888
5.425
5.482
5.067
4.255
3.171
1.824
0.304
-1.052
-2.003
-2.506
-2.56
-2.1
-1.046
0.503
2.332
4.287
6.269
8.025
9.22
9.649
9.217
8.072
6.492
4.769
3.186
2.066
1.648
1.921
2.749
4.116
6.103
8.542
11.03
13.131
14.623
15.496
15.759
15.415
14.569
13.437
12.117
10.72
9.475
8.644
8.435
9.089
10.733
13.094
15.794
18.527
20.888
22.678
23.912
24.492
24.357
23.705
22.721
21.467
20.054
18.722
17.819
17.483
17.681
18.478
19.836
21.467
23.197
24.996
26.656
27.875
28.456
28.335
27.507
26.089
24.368
22.68
21.136
19.788
18.858
18.511
18.722
19.448
20.489
21.499
22.399
23.279
23.964
24.164
23.835
23.111
22.113
20.821
19.369
17.922
16.465
15.052
13.99
13.519
13.48
13.627
13.917
14.349
14.857
15.265
15.413
15.168
14.446
13.349
11.96
10.325
8.646
7.14
5.895
4.98
4.478
4.291
4.327
4.55
4.881
5.264
5.632
5.729
5.473
4.934
4.056
2.812
1.31
-0.315
-1.914
-3.275
-4.33
-4.99
-5.169
-4.901
-4.273
-3.402
-2.44
-1.535
-0.807
-0.308
-0.036
-0.083
-0.601
-1.565
-2.841
-4.148
-5.208
-5.97
-6.494
-6.752
-6.511
-5.654
-4.371
-2.905
-1.277
0.383
1.78
2.776
3.345
3.527
3.42
3.132
2.685
2.134
1.52
1.007
0.735
0.73
1.059
1.751
2.76
4.085
5.652
7.236
8.63
9.586
10.164
10.565
10.458
9.717
9.03
8.667
8.142
7.621
7.616
7.798
7.821
8.113
8.868
9.594
10.114
10.861
11.79
12.233
12.275
12.509
12.509
11.976
11.607
11.515
11.114
10.468
9.983
9.69
9.442
9.243
9.304
9.561
9.66
9.721
9.93
9.957
9.798
9.699
9.62
9.472
9.159
8.633
8.229
7.997
7.63
7.24
6.863
6.43
6.162
5.933
5.607
5.575
5.718
5.705
5.838
5.97
5.799
5.775
5.999
5.981
5.792
5.505
5.049
4.772
4.734
4.706
4.892
5.138
5.132
5.249
5.584
5.891
6.324
6.798
7.129
7.634
8.118
8.131
8.023
8.084
8.183
8.374
8.544
8.664
8.907
9.023
8.957
9.204
9.726
10.223
10.861
11.632
12.389
13.092
13.634
14.009
14.317
14.32
14.154
14.068
13.882
13.62
13.428
13.204
13.076
13.167
13.233
13.482
14.269
15.358
16.374
17.132
17.753
18.482
19.149
19.312
19.128
18.847
18.226
17.323
16.501
15.796
15.22
14.884
14.771
14.87
15.077
15.209
15.372
15.696
16.091
16.536
16.905
16.903
16.603
16.222
15.569
14.687
13.95
13.322
12.714
12.479
12.655
12.974
13.316
13.745
14.26
14.723
15.046
15.302
15.396
15.14
14.653
14.045
13.274
12.351
11.366
10.592
10.316
10.402
10.679
11.221
11.919
12.697
13.661
14.491
14.916
15.254
15.531
15.361
14.975
14.571
13.931
13.274
12.822
12.405
12.081
11.981
12.003
12.155
12.557
13.085
13.619
14.108
14.428
14.591
14.684
14.566
14.194
13.709
13.167
12.65
12.303
12.14
11.999
11.838
11.874
12.219
12.697
13.394
14.456
15.454
16.029
16.352
16.531
16.543
16.508
16.404
16.173
15.852
15.379
14.802
14.358
14.034
13.854
13.979
14.304
14.782
15.485
16.27
17.041
17.876
18.593
19.015
19.155
19.062
18.795
18.366
17.801
17.184
16.595
16.059
15.687
15.646
15.957
16.436
16.962
17.653
18.464
19.164
19.702
20.038
20.055
19.809
19.416
18.835
17.98
16.875
15.771
14.968
14.469
14.206
14.345
14.791
15.309
15.9
16.508
16.964
17.209
17.284
17.237
17.027
16.59
15.993
15.31
14.56
13.902
13.396
13.192
13.335
13.571
13.752
14.054
14.508
14.94
15.197
15.106
14.821
14.551
14.102
13.323
12.557
11.988
11.552
11.362
11.428
11.743
12.273
12.782
13.185
13.682
14.206
14.497
14.519
14.349
14.151
14.082
14.09
13.995
13.805
13.666
13.641
13.712
13.811
13.865
13.913
14.063
14.449
15.039
15.583
15.946
16.121
16.021
15.766
15.558
15.347
15.109
14.95
14.809
14.662
14.664
14.643
14.451
14.333
14.473
14.78
15.052
15.098
15.064
15.238
15.506
15.666
15.785
15.807
15.587
15.27
14.825
14.093
13.285
12.709
12.312
11.926
11.545
11.259
11.13
11.139
11.339
11.732
12.089
12.38
12.811
13.305
13.548
13.555
13.437
13.208
12.893
12.444
11.788
11.107
10.588
10.284
10.143
10.155
10.202
10.082
9.869
9.855
9.912
9.731
9.338
8.932
8.508
8.049
7.623
7.236
6.984
6.94
7.04
7.244
7.471
7.626
7.809
8.084
8.29
8.335
8.149
7.686
7.154
6.652
6.047
5.423
4.872
4.353
3.912
3.635
3.356
3.059
2.962
3.198
3.62
3.937
4.042
4.06
4.063
3.869
3.429
2.812
2.057
1.292
0.657
0.283
0.122
-0.104
-0.38
-0.424
-0.175
0.165
0.476
0.771
1.064
1.363
1.472
1.306
1.032
0.728
0.369
-0.043
-0.59
-1.24
-1.789
-2.222
-2.584
-2.774
-2.722
-2.508
-2.168
-1.773
-1.37
-1.034
-0.853
-0.812
-0.75
-0.671
-0.718
-1
-1.469
-2.032
-2.615
-3.121
-3.47
-3.627
-3.686
-3.722
-3.767
-3.842
-3.885
-3.804
-3.556
-3.112
-2.642
-2.359
-2.274
-2.406
-2.776
-3.155
-3.37
-3.483
-3.531
-3.542
-3.722
-4.094
-4.525
-4.967
-5.235
-5.162
-4.869
-4.5
-4.087
-3.812
-3.742
-3.765
-3.763
-3.665
-3.49
-3.345
-3.356
-3.549
-3.822
-4.089
-4.332
-4.516
-4.616
-4.672
-4.665
-4.572
-4.547
-4.727
-4.974
-5.171
-5.364
-5.553
-5.743
-6.003
-6.328
-6.711
-7.067
-7.265
-7.322
-7.315
-7.218
-7.054
-6.995
-7.118
-7.43
-7.821
-8.079
-8.181
-8.231
-8.324
-8.511
-8.88
-9.475
-10.107
-10.499
-10.57
-10.463
-10.377
-10.375
-10.47
-10.672
-10.881
-10.948
-10.769
-10.377
-9.99
-9.758
-9.576
-9.399
-9.254
-9.1
-8.943
-8.923
-9.105
-9.386
-9.686
-9.977
-10.216
-10.34
-10.247
-9.971
-9.706
-9.501
-9.234
-8.898
-8.551
-8.104
-7.569
-7.079
-6.732
-6.564
-6.518
-6.566
-6.641
-6.605
-6.394
-6.117
-5.836
-5.598
-5.45
-5.343
-5.171
-5.003
-4.92
-4.917
-4.951
-4.972
-4.897
-4.704
-4.407
-4.012
-3.565
-3.073
-2.551
-2.059
-1.548
-0.929
-0.292
0.21
0.553
0.859
1.098
1.132
1.027
0.882
0.73
0.669
0.836
1.216
1.653
1.969
2.128
2.354
2.701
2.882
2.847
2.874
3.014
3.048
2.934
2.808
2.703
2.581
2.454
2.418
2.565
2.844
3.189
3.583
4.033
4.486
4.831
4.987
5.006
5.067
5.228
5.335
5.185
4.808
4.305
3.729
3.216
2.892
2.701
2.501
2.202
1.97
1.969
2.045
2.098
2.297
2.642
2.878
2.858
2.742
2.624
2.432
2.139
1.825
1.555
1.343
1.191
1.152
1.281
1.524
1.818
2.043
2.048
1.83
1.537
1.302
1.157
1.05
0.959
0.773
0.399
-0.079
-0.408
-0.444
-0.373
-0.403
-0.544
-0.823
-1.204
-1.547
-1.735
-1.78
-1.792
-1.891
-2.152
-2.599
-3.1
-3.389
-3.338
-3.08
-2.758
-2.459
-2.304
-2.399
-2.581
-2.633
-2.584
-2.513
-2.463
-2.474
-2.577
-2.803
-3.071
-3.244
-3.345
-3.456
-3.645
-3.931
-4.243
-4.461
-4.523
-4.452
-4.341
-4.312
-4.327
-4.25
-4.091
-3.869
-3.681
-3.638
-3.724
-4.008
-4.486
-4.96
-5.231
-5.305
-5.191
-4.892
-4.65
-4.595
-4.575
-4.45
-4.146
-3.681
-3.259
-3.086
-3.193
-3.536
-4.044
-4.641
-5.269
-5.87
-6.389
-6.814
-7.181
-7.396
-7.399
-7.222
-6.814
-6.151
-5.35
-4.645
-4.189
-3.917
-3.7
-3.49
-3.209
-2.921
-2.874
-3.152
-3.586
-3.969
-4.273
-4.559
-4.849
-5.046
-5.132
-5.135
-5.017
-4.786
-4.468
-4.112
-3.845
-3.749
-3.693
-3.604
-3.6
-3.693
-3.867
-4.18
-4.617
-5.086
-5.5
-5.798
-5.977
-6.038
-5.931
-5.727
-5.543
-5.377
-5.16
-4.906
-4.749
-4.749
-4.849
-5.003
-5.257
-5.594
-5.97
-6.326
-6.564
-6.773
-7.054
-7.353
-7.496
-7.399
-7.084
-6.682
-6.407
-6.428
-6.605
-6.67
-6.559
-6.371
-6.217
-6.135
-6.109
-6.165
-6.38
-6.728
-7.133
-7.485
-7.662
-7.619
-7.419
-7.067
-6.677
-6.335
-5.909
-5.314
-4.736
-4.489
-4.652
-5.08
-5.6
-6.144
-6.58
-6.839
-7.02
-7.118
-7.049
-6.952
-6.881
-6.648
-6.176
-5.573
-4.965
-4.5
-4.393
-4.634
-4.987
-5.257
-5.491
-5.691
-5.739
-5.739
-5.838
-5.909
-5.843
-5.681
-5.453
-5.235
-5.158
-5.201
-5.307
-5.48
-5.632
-5.806
-6.015
-6.128
-6.169
-6.24
-6.358
-6.459
-6.451
-6.4
-6.482
-6.632
-6.725
-6.795
-6.929
-6.979
-6.95
-7.015
-7.288
-7.653
-7.948
-8.17
-8.379
-8.61
-8.923
-9.327
-9.686
-9.839
-9.753
-9.583
-9.504
-9.572
-9.717
-9.896
-10.254
-10.776
-11.225
-11.456
-11.441
-11.223
-11.065
-11.112
-11.23
-11.246
-11.151
-11.013
-10.962
-11.089
-11.463
-12.058
-12.634
-12.977
-13.171
-13.322
-13.319
-13.122
-12.894
-12.836
-12.931
-13.024
-12.927
-12.634
-12.405
-12.385
-12.562
-12.866
-13.146
-13.242
-13.145
-12.981
-12.822
-12.714
-12.697
-12.641
-12.521
-12.452
-12.451
-12.425
-12.509
-12.775
-13.119
-13.45
-13.723
-13.845
-13.816
-13.702
-13.457
-13.122
-12.848
-12.544
-12.012
-11.287
-10.67
-10.439
-10.516
-10.599
-10.561
-10.52
-10.604
-10.785
-11.073
-11.511
-12.003
-12.296
-12.233
-11.843
-11.284
-10.69
-10.084
-9.551
-9.182
-8.835
-8.331
-7.904
-7.864
-8.129
-8.487
-8.839
-9.171
-9.358
-9.268
-8.919
-8.608
-8.515
-8.512
-8.39
-8.089
-7.66
-7.224
-6.845
-6.639
-6.748
-7.126
-7.537
-7.907
-8.288
-8.59
-8.778
-8.996
-9.293
-9.574
-9.592
-9.213
-8.542
-7.785
-7.152
-6.769
-6.641
-6.723
-6.956
-7.251
-7.637
-8.131
-8.683
-9.223
-9.673
-9.937
-9.908
-9.613
-9.241
-8.891
-8.587
-8.274
-7.963
-7.719
-7.599
-7.703
-8.077
-8.694
-9.454
-10.246
-10.972
-11.493
-11.79
-11.804
-11.552
-11.176
-10.709
-10.098
-9.404
-8.803
-8.449
-8.397
-8.626
-9.118
-9.738
-10.275
-10.736
-11.241
-11.763
-12.169
-12.403
-12.491
-12.498
-12.398
-12.081
-11.615
-11.214
-10.947
-10.738
-10.551
-10.405
-10.361
-10.477
-10.774
-11.298
-11.996
-12.661
-13.138
-13.467
-13.653
-13.555
-13.228
-12.845
-12.421
-11.877
-11.221
-10.531
-9.905
-9.409
-9.177
-9.223
-9.429
-9.769
-10.239
-10.64
-10.869
-11.135
-11.468
-11.597
-11.462
-11.269
-11.103
-10.813
-10.432
-10.161
-10.05
-10.042
-10.18
-10.486
-10.758
-10.744
-10.62
-10.613
-10.706
-10.783
-10.803
-10.72
-10.524
-10.336
-10.195
-10.077
-10.035
-10.025
-9.96
-9.91
-9.921
-9.884
-9.744
-9.676
-9.842
-10.153
-10.398
-10.565
-10.761
-10.913
-10.947
-10.948
-11.026
-11.2
-11.328
-11.246
-11.137
-11.194
-11.291
-11.259
-11.221
-11.273
-11.362
-11.382
-11.257
-11.078
-10.944
-10.919
-11.055
-11.348
-11.602
-11.667
-11.561
-11.486
-11.608
-11.79
-11.795
-11.711
-11.673
-11.65
-11.677
-11.733
-11.729
-11.722
-11.79
-11.901
-12.071
-12.262
-12.375
-12.364
-12.255
-12.106
-11.999
-11.877
-11.608
-11.298
-11.059
-10.924
-10.887
-10.867
-10.783
-10.72
-10.733
-10.758
-10.779
-10.821
-10.842
-10.881
-10.937
-10.94
-10.878
-10.761
-10.599
-10.37
-10.157
-10.073
-10.091
-10.073
-9.949
-9.785
-9.713
-9.798
-9.95
-10.143
-10.361
-10.499
-10.45
-10.316
-10.194
-10.019
-9.798
-9.628
-9.52
-9.415
-9.316
-9.213
-9.093
-9.019
-9.012
-8.991
-8.901
-8.819
-8.815
-8.894
-8.989
-8.986
-8.907
-8.815
-8.805
-8.93
-9.057
-9.071
-9.12
-9.277
-9.442
-9.556
-9.631
-9.717
-9.787
-9.753
-9.676
-9.692
-9.686
-9.481
-9.211
-9.084
-9.093
-9.105
-9.05
-8.905
-8.771
-8.785
-8.919
-9.046
-9.148
-9.3
-9.495
-9.601
-9.608
-9.569
-9.513
-9.556
-9.665
-9.683
-9.669
-9.68
-9.608
-9.476
-9.517
-9.824
-10.187
-10.475
-10.695
-10.896
-11.096
-11.25
-11.3
-11.287
-11.277
-11.241
-11.096
-10.755
-10.268
-9.867
-9.631
-9.52
-9.615
-9.839
-10.039
-10.25
-10.491
-10.638
-10.656
-10.755
-11.062
-11.387
-11.511
-11.445
-11.323
-11.225
-11.114
-11.019
-11.024
-11.089
-11.125
-11.176
-11.282
-11.434
-11.608
-11.699
-11.706
-11.711
-11.722
-11.661
-11.491
-11.223
-10.865
-10.454
-10.112
-9.873
-9.672
-9.465
-9.345
-9.472
-9.753
-9.873
-9.731
-9.701
-9.939
-10.15
-10.155
-10.069
-9.939
-9.645
-9.259
-8.982
-8.891
-8.771
-8.569
-8.511
-8.671
-8.853
-8.943
-8.955
-8.821
-8.458
-7.875
-7.213
-6.482
-5.616
-4.824
-4.425
-4.419
-4.547
-4.62
-4.6
-4.593
-4.761
-5.051
-5.255
-5.346
-5.412
-5.436
-5.369
-5.237
-5.001
-4.582
-4.096
-3.752
-3.631
-3.556
-3.368
-3.205
-3.232
-3.429
-3.683
-3.917
-4.033
-3.994
-3.924
-3.828
-3.624
-3.356
-3.152
-3.068
-3.051
-3.003
-2.91
-2.785
-2.726
-2.869
-3.185
-3.452
-3.627
-3.706
-3.726
-3.811
-3.924
-3.874
-3.713
-3.638
-3.586
-3.442
-3.277
-3.182
-3.105
-3.026
-2.999
-3.068
-3.189
-3.303
-3.455
-3.656
-3.846
-4.037
-4.264
-4.534
-4.768
-4.865
-4.874
-4.92
-5.013
-5.099
-5.08
-4.976
-4.947
-5.001
-4.997
-4.942
-4.917
-4.98
-5.138
-5.278
-5.314
-5.321
-5.325
-5.251
-5.092
-4.945
-4.845
-4.709
-4.452
-4.174
-4.074
-4.087
-4.094
-4.074
-4.056
-4.01
-3.892
-3.733
-3.604
-3.536
-3.495
-3.449
-3.441
-3.425
-3.259
-2.951
-2.699
-2.554
-2.393
-2.202
-1.969
-1.719
-1.572
-1.485
-1.304
-1.12
-1.127
-1.213
-1.158
-0.953
-0.743
-0.571
-0.386
-0.142
0.082
0.283
0.469
0.553
0.566
0.608
0.584
0.408
0.227
0.116
-0.006
-0.213
-0.39
-0.453
-0.462
-0.432
-0.254
0.079
0.442
0.769
0.968
1.04
0.987
0.764
0.424
0.183
0.097
0.029
-0.075
-0.109
-0.004
0.201
0.449
0.712
0.909
1.02
1.07
1.091
1.061
0.9
0.61
0.261
-0.165
-0.65
-1.066
-1.396
-1.685
-1.841
-1.796
-1.617
-1.437
-1.315
-1.27
-1.284
-1.268
-1.206
-1.17
-1.113
-1.007
-0.953
-0.953
-0.981
-1.088
-1.288
-1.481
-1.642
-1.803
-1.917
-1.928
-1.762
-1.363
-0.842
-0.34
0.11
0.494
0.748
0.902
0.954
0.805
0.497
0.201
-0.116
-0.485
-0.694
-0.657
-0.521
-0.383
-0.116
0.313
0.739
1.125
1.551
1.932
2.177
2.359
2.526
2.649
2.799
3.093
3.468
3.711
3.787
3.742
3.565
3.366
3.264
3.334
3.561
3.835
4.044
4.071
3.828
3.461
3.266
3.32
3.527
3.779
4.008
4.069
3.874
3.588
3.477
3.556
3.686
3.794
3.804
3.693
3.568
3.409
3.123
2.762
2.485
2.374
2.304
2.186
2.107
2.156
2.266
2.377
2.518
2.558
2.433
2.225
2.043
1.869
1.601
1.218
0.855
0.605
0.414
0.286
0.197
0.135
0.104
0.179
0.39
0.649
0.794
0.798
0.596
0.197
-0.242
-0.642
-0.943
-0.984
-0.657
-0.058
0.653
1.309
1.805
2.028
1.962
1.805
1.696
1.467
1.005
0.48
0.079
-0.061
0.181
0.846
1.914
3.203
4.391
5.402
6.36
7.258
7.875
7.957
7.371
6.178
4.657
3.066
1.592
0.435
-0.172
-0.016
0.947
2.429
4.164
6.049
7.961
9.69
11.055
11.856
11.825
11.019
9.773
8.168
6.337
4.779
3.776
3.309
3.393
4.087
5.384
7.219
9.297
11.27
12.956
14.234
14.97
15.147
14.701
13.62
12.189
10.631
9.093
7.825
7.067
6.959
7.54
8.75
10.409
12.203
13.852
15.309
16.549
17.42
17.686
17.413
16.851
16.066
14.984
13.834
13.06
12.818
12.92
13.31
14.104
15.257
16.61
18.062
19.512
20.802
21.798
22.438
22.628
22.324
21.626
20.716
19.811
19.09
18.57
18.22
18.075
18.33
18.915
19.557
20.165
20.818
21.58
22.349
22.889
23.057
22.873
22.429
21.778
20.859
19.716
18.606
17.752
17.152
16.665
16.291
16.239
16.506
16.815
17.089
17.42
17.622
17.483
17.034
16.361
15.508
14.528
13.489
12.375
11.125
9.817
8.746
8.188
8.1
8.179
8.238
8.329
8.465
8.47
8.218
7.803
7.442
7.066
6.328
5.253
4.123
3.01
1.887
0.861
0.061
-0.56
-1.092
-1.465
-1.576
-1.555
-1.469
-1.216
-0.866
-0.725
-0.895
-1.35
-2.004
-2.715
-3.325
-3.835
-4.271
-4.577
-4.658
-4.543
-4.278
-3.763
-2.923
-1.957
-1.184
-0.743
-0.603
-0.657
-0.887
-1.322
-1.928
-2.533
-3.027
-3.377
-3.449
-3.234
-2.817
-2.234
-1.469
-0.625
0.208
0.925
1.51
1.993
2.34
2.556
2.64
2.61
2.518
2.445
2.408
2.526
2.888
3.343
3.797
4.305
4.886
5.561
6.194
6.618
6.881
7.074
7.174
7.285
7.442
7.462
7.433
7.581
7.789
7.873
7.866
7.938
8.211
8.664
9.095
9.386
9.61
9.699
9.606
9.567
9.776
10.095
10.32
10.472
10.672
10.858
10.869
10.833
10.913
10.865
10.498
10.095
9.842
9.52
9.048
8.678
8.567
8.739
9.095
9.556
10.125
10.658
11.053
11.318
11.436
11.334
11.11
10.806
10.381
9.99
9.708
9.413
9.105
9.019
9.297
9.851
10.42
10.98
11.659
12.346
12.915
13.426
13.886
14.24
14.308
13.906
13.26
12.648
11.967
11.289
10.937
11.013
11.362
11.897
12.652
13.723
14.995
16.343
17.59
18.559
19.23
19.666
19.695
19.35
18.933
18.486
17.84
17.062
16.336
15.825
15.596
15.644
16
16.612
17.341
18.101
18.872
19.605
20.278
20.762
20.886
20.677
20.262
19.652
18.822
17.901
17.059
16.477
16.181
16.114
16.252
16.685
17.316
17.967
18.534
18.815
18.704
18.382
17.785
16.907
16.1
15.458
14.723
13.909
13.269
12.852
12.625
12.631
12.983
13.568
14.12
14.56
14.998
15.281
15.295
15.154
14.918
14.524
13.972
13.398
12.953
12.661
12.455
12.455
12.731
13.079
13.363
13.761
14.383
14.961
15.29
15.601
16.034
16.159
15.851
15.626
15.613
15.379
14.812
14.234
13.882
13.82
14.052
14.508
14.943
15.283
15.64
16.041
16.411
16.726
16.887
16.747
16.463
16.345
16.225
15.81
15.315
15.061
15.095
15.297
15.565
15.8
15.93
15.97
16.08
16.306
16.54
16.717
16.758
16.689
16.588
16.391
16.17
16.082
15.996
15.782
15.655
15.741
16.059
16.726
17.552
18.271
18.813
19.108
19.191
19.412
19.804
20.04
20.128
20.106
19.827
19.443
19.232
19.142
19.138
19.266
19.453
19.595
19.779
20.11
20.577
21.07
21.408
21.523
21.489
21.369
21.322
21.435
21.546
21.573
21.662
21.793
21.768
21.653
21.53
21.428
21.422
21.6
21.825
21.866
21.689
21.441
21.285
21.154
20.929
20.53
20.042
19.593
19.303
19.203
19.178
19.069
18.901
18.745
18.436
18.044
17.805
17.645
17.449
17.314
17.216
16.934
16.501
16.098
15.773
15.503
15.281
15.102
14.912
14.766
14.757
14.853
14.991
15.172
15.379
15.476
15.409
15.213
14.873
14.449
14.009
13.616
13.467
13.523
13.661
14.047
14.762
15.555
16.188
16.563
16.796
17.078
17.286
17.232
16.985
16.676
16.352
16.121
16.029
16.023
16.086
16.214
16.436
16.729
16.978
17.261
17.776
18.366
18.842
19.097
19.008
18.695
18.357
17.892
17.232
16.601
16.139
15.776
15.462
15.191
15.002
15.039
15.417
16.045
16.71
17.196
17.511
17.659
17.552
17.112
16.354
15.447
14.583
13.813
13.097
12.503
12.058
11.831
11.851
12.037
12.33
12.868
13.55
14.161
14.573
14.649
14.308
13.564
12.564
11.574
10.744
9.98
9.231
8.576
8.077
7.809
7.805
7.996
8.263
8.557
8.848
9.118
9.42
9.649
9.724
9.728
9.692
9.52
9.109
8.463
7.712
6.911
6.069
5.335
4.782
4.36
4.096
3.897
3.62
3.418
3.402
3.427
3.438
3.445
3.379
3.216
2.987
2.695
2.34
1.837
1.206
0.703
0.473
0.383
0.247
0.131
0.163
0.328
0.51
0.73
0.968
1.127
1.127
0.98
0.75
0.435
-0.045
-0.676
-1.344
-2.011
-2.624
-3.059
-3.334
-3.511
-3.495
-3.282
-2.978
-2.64
-2.232
-1.721
-1.129
-0.671
-0.48
-0.497
-0.771
-1.315
-2.018
-2.706
-3.234
-3.507
-3.577
-3.502
-3.307
-3.08
-2.833
-2.504
-2.091
-1.721
-1.551
-1.617
-1.766
-1.97
-2.28
-2.701
-3.152
-3.518
-3.846
-4.208
-4.586
-5.003
-5.439
-5.746
-5.833
-5.736
-5.546
-5.353
-5.221
-5.205
-5.357
-5.523
-5.45
-5.167
-4.851
-4.645
-4.636
-4.845
-5.151
-5.343
-5.353
-5.255
-5.187
-5.149
-5.072
-5.049
-5.162
-5.412
-5.698
-5.877
-5.933
-5.981
-6.085
-6.306
-6.655
-6.95
-7.118
-7.16
-7.047
-6.832
-6.714
-6.728
-6.766
-6.804
-6.911
-7.088
-7.145
-6.995
-6.859
-6.884
-6.956
-7.097
-7.363
-7.603
-7.714
-7.868
-8.161
-8.435
-8.626
-8.805
-9.05
-9.282
-9.456
-9.599
-9.672
-9.649
-9.686
-9.851
-10.062
-10.187
-10.241
-10.27
-10.325
-10.425
-10.65
-11.003
-11.293
-11.25
-10.878
-10.379
-9.871
-9.388
-9.007
-8.878
-8.927
-9.009
-9.095
-9.148
-9.15
-9.257
-9.594
-10.064
-10.445
-10.502
-10.212
-9.824
-9.66
-9.756
-9.862
-9.772
-9.554
-9.329
-9.112
-8.926
-8.805
-8.726
-8.769
-9
-9.297
-9.463
-9.32
-8.905
-8.476
-8.311
-8.347
-8.399
-8.306
-8.034
-7.675
-7.326
-7.099
-7.14
-7.349
-7.526
-7.628
-7.628
-7.469
-7.219
-6.932
-6.637
-6.376
-6.133
-5.791
-5.323
-4.702
-4.044
-3.538
