Unnamed: 3
Value
-11.403
-11.6
-11.647
-11.57
-11.421
-11.103
-10.726
-10.513
-10.302
-9.896
-9.47
-9.154
-8.864
-8.583
-8.327
-8.091
-7.914
-7.852
-7.911
-7.961
-7.82
-7.487
-7.147
-6.841
-6.546
-6.337
-6.149
-5.745
-5.192
-4.802
-4.625
-4.525
-4.464
-4.353
-4.09
-3.722
-3.325
-2.939
-2.644
-2.417
-2.132
-1.698
-1.143
-0.51
0.165
0.834
1.315
1.51
1.542
1.542
1.563
1.549
1.429
1.24
1.034
0.877
0.993
1.408
1.921
2.34
2.635
2.925
3.311
3.751
4.173
4.525
4.77
4.874
4.786
4.52
4.244
4.055
3.94
3.819
3.599
3.284
3.016
2.96
3.182
3.523
3.679
3.572
3.336
3.068
2.831
2.733
2.792
2.823
2.747
2.59
2.39
2.22
2.209
2.306
2.467
2.711
2.851
2.61
2.048
1.537
1.34
1.379
1.408
1.292
1.061
0.819
0.673
0.617
0.626
0.685
0.605
0.233
-0.249
-0.582
-0.805
-0.991
-1.158
-1.397
-1.826
-2.399
-2.933
-3.237
-3.257
-3.107
-2.93
-2.699
-2.407
-2.233
-2.243
-2.325
-2.49
-2.773
-3.214
-3.91
-4.779
-5.398
-5.568
-5.525
-5.414
-5.296
-5.28
-5.443
-5.647
-5.677
-5.457
-5.151
-4.937
-4.884
-5.092
-5.473
-5.743
-5.752
-5.643
-5.586
-5.627
-5.767
-5.959
-6.058
-6.006
-5.818
-5.554
-5.312
-5.244
-5.378
-5.595
-5.752
-5.632
-5.262
-4.955
-4.838
-4.908
-5.174
-5.58
-5.968
-6.265
-6.376
-6.283
-6.124
-5.999
-5.956
-5.913
-5.725
-5.498
-5.491
-5.679
-6.013
-6.494
-6.914
-7.081
-7.066
-6.927
-6.727
-6.578
-6.441
-6.269
-6.047
-5.82
-5.65
-5.457
-5.232
-5.107
-5.067
-5.024
-5.126
-5.373
-5.643
-5.909
-6.102
-6.258
-6.496
-6.727
-6.816
-6.859
-6.934
-7.031
-7.12
-7.099
-6.873
-6.514
-6.129
-5.702
-5.269
-4.913
-4.711
-4.754
-5.058
-5.541
-6.111
-6.639
-7.034
-7.27
-7.28
-7.177
-7.093
-6.932
-6.607
-6.237
-5.839
-5.443
-5.23
-5.267
-5.443
-5.652
-5.981
-6.512
-7.086
-7.639
-8.19
-8.699
-8.967
-8.912
-8.626
-8.266
-7.925
-7.653
-7.433
-7.177
-6.834
-6.43
-6.122
-6.044
-6.274
-6.771
-7.422
-8.091
-8.553
-8.612
-8.445
-8.365
-8.456
-8.641
-8.789
-8.744
-8.488
-8.168
-7.891
-7.778
-7.918
-8.293
-8.744
-9.132
-9.327
-9.313
-9.234
-9.23
-9.356
-9.513
-9.453
-9.109
-8.71
-8.386
-8.111
-8.013
-8.154
-8.358
-8.533
-8.705
-8.885
-9.084
-9.284
-9.431
-9.531
-9.515
-9.225
-8.839
-8.667
-8.655
-8.621
-8.592
-8.57
-8.408
-8.086
-7.837
-7.861
-8.143
-8.474
-8.685
-8.681
-8.447
-8.184
-8.043
-7.984
-7.993
-8.03
-8.016
-7.939
-7.828
-7.753
-7.875
-8.256
-8.685
-8.932
-9.052
-9.204
-9.374
-9.452
-9.434
-9.458
-9.513
-9.413
-9.078
-8.64
-8.256
-8.073
-8.252
-8.742
-9.291
-9.803
-10.357
-10.887
-11.232
-11.321
-11.275
-11.187
-11.089
-10.876
-10.497
-10.203
-10.234
-10.551
-11.007
-11.538
-12.06
-12.368
-12.394
-12.314
-12.367
-12.519
-12.662
-12.849
-13.09
-13.038
-12.593
-12.157
-11.976
-11.841
-11.686
-11.707
-11.931
-12.203
-12.428
-12.688
-13.068
-13.446
-13.63
-13.648
-13.591
-13.514
-13.462
-13.38
-13.26
-13.156
-13.01
-12.666
-12.157
-11.745
-11.663
-11.926
-12.359
-12.834
-13.308
-13.655
-13.85
-14.027
-14.097
-13.861
-13.308
-12.625
-11.99
-11.482
-11.076
-10.814
-10.706
-10.752
-10.91
-11.001
-10.974
-10.98
-11.149
-11.421
-11.756
-11.901
-11.631
-11.13
-10.747
-10.481
-10.127
-9.785
-9.669
-9.676
-9.56
-9.374
-9.268
-9.239
-9.254
-9.379
-9.59
-9.748
-9.694
-9.411
-9.087
-9.023
-9.311
-9.717
-9.89
-9.756
-9.429
-9.032
-8.723
-8.597
-8.61
-8.735
-8.957
-9.261
-9.608
-9.869
-10.005
-10.186
-10.529
-10.833
-10.937
-10.828
-10.515
-10.075
-9.69
-9.484
-9.406
-9.435
-9.615
-9.846
-10.016
-10.191
-10.395
-10.559
-10.683
-10.796
-10.906
-10.969
-10.933
-10.749
-10.452
-10.168
-10.001
-10.019
-10.186
-10.443
-10.702
-10.887
-11.044
-11.228
-11.413
-11.525
-11.575
-11.613
-11.681
-11.747
-11.698
-11.515
-11.28
-11.13
-11.187
-11.35
-11.43
-11.394
-11.377
-11.457
-11.536
-11.546
-11.486
-11.407
-11.339
-11.339
-11.395
-11.301
-11.017
-10.713
-10.504
-10.445
-10.511
-10.667
-10.851
-10.939
-11.024
-11.248
-11.486
-11.57
-11.559
-11.509
-11.362
-11.146
-10.813
-10.347
-10.002
-9.91
-9.928
-9.982
-10.084
-10.166
-10.236
-10.37
-10.586
-10.869
-11.153
-11.386
-11.607
-11.8
-11.888
-11.89
-11.865
-11.8
-11.667
-11.541
-11.436
-11.323
-11.234
-11.191
-11.239
-11.475
-11.836
-12.131
-12.305
-12.43
-12.489
-12.514
-12.584
-12.563
-12.307
-11.944
-11.658
-11.602
-11.722
-11.856
-11.924
-12.044
-12.298
-12.539
-12.641
-12.675
-12.836
-13.13
-13.392
-13.646
-13.904
-14.07
-14.099
-14.085
-14.052
-13.818
-13.235
-12.43
-11.736
-11.321
-11.082
-10.98
-11.13
-11.564
-12.14
-12.575
-12.872
-13.221
-13.614
-13.924
-14.183
-14.453
-14.657
-14.558
-14.126
-13.655
-13.34
-13.004
-12.484
-11.921
-11.568
-11.584
-11.813
-11.985
-12.133
-12.335
-12.421
-12.201
-11.718
-11.112
-10.49
-9.975
-9.69
-9.547
-9.313
-9.011
-8.833
-8.753
-8.676
-8.646
-8.721
-8.839
-8.967
-9.152
-9.368
-9.485
-9.4
-9.24
-9.084
-8.787
-8.428
-8.322
-8.442
-8.594
-8.793
-9.014
-9.129
-9.105
-9.064
-9.014
-8.891
-8.719
-8.53
-8.333
-8.074
-7.705
-7.288
-7.007
-6.911
-6.845
-6.684
-6.467
-6.473
-6.882
-7.534
-8.276
-9.148
-10.074
-10.813
-11.196
-11.257
-11.094
-10.781
-10.436
-10.209
-10.141
-10.127
-10.037
-9.715
-9.333
-9.266
-9.484
-9.692
-9.937
-10.372
-10.842
-11.149
-11.353
-11.491
-11.534
-11.52
-11.439
-11.271
-10.956
-10.524
-10.134
-9.971
-10.089
-10.381
-10.663
-10.887
-11.202
-11.647
-12.096
-12.452
-12.675
-12.922
-13.308
-13.591
-13.536
-13.197
-12.745
-12.362
-12.101
-11.8
-11.425
-11.225
-11.318
-11.534
-11.661
-11.727
-11.867
-12.04
-12.166
-12.278
-12.312
-12.072
-11.658
-11.421
-11.421
-11.409
-11.232
-11.006
-10.842
-10.72
-10.583
-10.454
-10.388
-10.379
-10.481
-10.667
-10.826
-10.912
-10.942
-10.878
-10.826
-10.883
-10.951
-10.822
-10.565
-10.368
-10.141
-9.751
-9.288
-8.948
-8.764
-8.672
-8.66
-8.701
-8.705
-8.601
-8.363
-8.059
-7.846
-7.7
-7.528
-7.396
-7.32
-7.179
-6.945
-6.73
-6.619
-6.582
-6.596
-6.661
-6.8
-6.868
-6.804
-6.655
-6.491
-6.394
-6.464
-6.544
-6.392
-6.142
-6.099
-6.178
-6.167
-5.965
-5.656
-5.294
-4.838
-4.259
-3.719
-3.32
-2.978
-2.753
-2.794
-3.073
-3.384
-3.656
-3.862
-3.987
-4.028
-3.92
-3.706
-3.524
-3.38
-3.286
-3.33
-3.425
-3.427
-3.331
-3.216
-3.094
-3.035
-3.109
-3.264
-3.372
-3.441
-3.515
-3.524
-3.483
-3.47
-3.518
-3.576
-3.584
-3.486
-3.368
-3.331
-3.371
-3.368
-3.26
-3.132
-3.091
-3.126
-3.198
-3.375
-3.666
-4.008
-4.382
-4.77
-5.117
-5.389
-5.562
-5.646
-5.65
-5.527
-5.337
-5.117
-4.908
-4.761
-4.659
-4.559
-4.473
-4.437
-4.446
-4.498
-4.581
-4.645
-4.663
-4.64
-4.545
-4.314
-3.976
-3.717
-3.652
-3.67
-3.69
-3.792
-4.014
-4.225
-4.298
-4.341
-4.478
-4.616
-4.665
-4.765
-5.033
-5.29
-5.25
-4.872
-4.323
-3.824
-3.345
-2.808
-2.386
-2.277
-2.265
-2.134
-2.084
-2.227
-2.361
-2.397
-2.461
-2.407
-2.005
-1.406
-0.916
-0.578
-0.274
-0.065
-0.045
-0.081
-0.036
0.072
0.188
0.224
0.097
-0.206
-0.605
-0.923
-1.043
-0.866
-0.413
0.06
0.326
0.471
0.732
1.202
1.783
2.2
2.352
2.37
2.358
2.47
2.767
3.003
3.082
3.073
2.933
2.665
2.434
2.282
2.159
2.168
2.297
2.456
2.59
2.644
2.565
2.386
2.213
2.089
1.914
1.581
1.184
0.945
0.93
1.032
1.05
0.903
0.696
0.506
0.326
0.197
0.194
0.288
0.453
0.653
0.743
0.705
0.64
0.617
0.58
0.506
0.363
0.115
-0.211
-0.576
-0.88
-1.009
-1.02
-1.011
-1.009
-0.954
-0.737
-0.328
0.222
0.846
1.403
1.728
1.778
1.628
1.388
1.157
1.023
1.068
1.261
1.399
1.372
1.359
1.433
1.596
1.873
2.184
2.327
2.302
2.265
2.261
2.254
2.265
2.413
2.642
2.84
2.948
2.989
3.094
3.348
3.693
3.933
4.003
4.049
4.119
4.116
3.985
3.926
4.028
4.116
4.116
4.134
4.234
4.295
4.318
4.478
4.695
4.691
4.493
4.409
4.459
4.441
4.219
3.858
3.515
3.198
2.924
2.948
3.404
4.067
4.677
5.178
5.539
5.745
5.759
5.625
5.457
5.26
5.06
4.894
4.732
4.559
4.441
4.295
4.037
3.795
3.713
3.724
3.756
3.728
3.593
3.311
2.889
2.458
2.08
1.64
1.204
1.061
1.322
1.941
2.801
3.645
4.282
4.674
4.813
4.722
4.38
3.874
3.4
2.998
2.658
2.518
2.658
2.928
3.325
3.978
4.879
5.854
6.823
7.587
7.887
7.662
7.149
6.43
5.38
3.987
2.501
1.265
0.456
0.258
0.85
2.032
3.371
4.833
6.505
8.272
9.849
11.046
11.779
11.992
11.638
10.738
9.424
7.805
6.124
4.831
4.248
4.327
4.92
6.022
7.727
9.899
12.064
13.84
15.061
15.63
15.508
14.943
14.065
12.75
11.176
9.835
8.882
8.306
8.306
9.011
10.314
12.131
14.338
16.552
18.339
19.55
20.335
20.725
20.578
19.806
18.543
16.962
15.334
14.117
13.723
14.145
15.1
16.397
17.955
19.546
20.895
22.075
23.261
24.214
24.502
24.138
23.429
22.403
21.056
19.693
18.715
18.148
17.919
18.141
18.763
19.529
20.396
21.456
22.644
23.697
24.313
24.361
23.96
23.247
22.256
21.01
19.681
18.529
17.651
17.069
16.867
16.98
17.132
17.284
17.656
18.214
18.614
18.738
18.623
18.177
17.284
15.932
14.278
12.598
11.096
9.855
9.025
8.76
8.837
8.912
8.994
9.209
9.601
10.074
10.364
10.352
9.998
9.2
7.918
6.33
4.631
2.937
1.297
-0.161
-1.234
-1.817
-1.912
-1.567
-0.848
0.068
1
1.756
2.224
2.425
2.388
2.019
1.394
0.761
0.104
-0.719
-1.635
-2.379
-2.805
-2.953
-2.896
-2.559
-1.923
-0.959
0.358
1.753
2.781
3.327
3.574
3.538
3.211
2.694
2.134
1.665
1.286
1.095
1.163
1.359
1.665
2.207
2.978
3.899
5.051
6.376
7.555
8.358
8.921
9.373
9.506
9.181
8.626
7.991
7.24
6.582
6.222
5.963
5.754
5.845
6.255
6.823
7.519
8.297
9.195
10.109
10.688
10.899
11.119
11.255
10.813
10.148
10.016
10.016
9.377
8.708
8.708
8.801
8.626
8.696
8.93
8.694
8.302
8.533
8.982
8.891
8.626
8.658
8.512
8.034
7.723
7.496
6.977
6.383
6.12
6.204
6.523
7.029
7.657
8.215
8.685
9.2
9.69
9.882
9.788
9.617
9.461
9.2
8.641
8.034
7.651
7.251
6.75
6.55
6.762
7.267
7.991
8.839
9.789
10.703
11.432
12.198
12.999
13.267
12.899
12.432
12.101
11.708
11.2
10.77
10.717
10.967
11.169
11.384
11.879
12.695
13.789
14.986
16.091
17.139
18.028
18.436
18.604
18.819
18.795
18.275
17.579
17.096
16.862
16.751
16.651
16.717
17.064
17.507
18.075
18.86
19.591
20.058
20.444
20.805
21.024
21.027
20.872
20.664
20.39
20.156
19.954
19.677
19.409
19.364
19.271
18.913
18.734
18.887
18.938
18.734
18.547
18.337
17.926
17.409
16.978
16.581
16.021
15.363
14.884
14.607
14.464
14.532
14.728
14.884
15.197
15.662
15.934
15.975
16.012
15.95
15.651
15.138
14.578
14.219
14.076
13.898
13.607
13.342
13.031
12.724
12.641
12.743
12.931
13.258
13.509
13.398
13.183
13.158
13.26
13.369
13.474
13.53
13.646
13.954
14.237
14.256
14.308
14.692
15.025
15.025
14.95
14.966
14.947
14.927
15.109
15.41
15.504
15.313
15.172
15.102
14.653
13.831
13.17
12.8
12.572
12.478
12.358
12.26
12.52
13.09
13.714
14.487
15.472
16.354
17.037
17.645
18.194
18.559
18.512
18.08
17.597
17.13
16.533
16.023
15.719
15.499
15.224
14.957
14.998
15.408
15.925
16.422
16.921
17.336
17.751
18.264
18.725
19.024
19.083
18.883
18.579
18.271
17.922
17.738
17.812
18.057
18.493
18.965
19.283
19.711
20.314
20.729
20.847
20.791
20.542
20.235
19.92
19.371
18.758
18.187
17.507
17.005
17.066
17.259
17.151
17.134
17.456
17.926
18.373
18.74
18.969
19.001
18.971
19.053
19.035
18.525
17.829
17.427
17.284
17.16
16.994
16.762
16.521
16.349
16.175
16.039
15.892
15.615
15.25
14.893
14.571
14.297
14.009
13.795
13.834
13.886
13.741
13.607
13.532
13.425
13.29
13.138
13.12
13.292
13.328
13.215
13.19
13.226
13.335
13.673
14.02
14.023
13.836
13.872
14.143
14.348
14.353
14.269
14.26
14.389
14.612
14.725
14.642
14.438
14.299
14.227
14.24
14.389
14.531
14.433
14.286
14.399
14.633
14.653
14.435
14.31
14.435
14.589
14.634
14.646
14.692
14.827
14.995
15.027
14.975
14.934
14.773
14.519
14.44
14.446
14.335
14.093
13.72
13.369
13.121
12.795
12.387
12.148
11.981
11.801
11.699
11.611
11.523
11.461
11.26
10.917
10.654
10.436
10.171
9.966
9.821
9.665
9.515
9.333
9.17
9.129
9.125
9.132
9.243
9.345
9.168
8.728
8.276
7.852
7.437
7.095
6.782
6.245
5.548
5.027
4.72
4.438
4.139
3.897
3.84
4.028
4.237
4.234
4.044
3.874
3.879
4.026
3.985
3.515
2.939
2.559
2.305
2.098
1.889
1.517
1.034
0.6
0.185
-0.224
-0.567
-0.784
-0.721
-0.415
-0.233
-0.267
-0.415
-0.667
-0.977
-1.225
-1.476
-1.778
-1.984
-1.989
-1.848
-1.68
-1.546
-1.499
-1.513
-1.542
-1.573
-1.567
-1.585
-1.683
-1.787
-1.839
-1.964
-2.273
-2.782
-3.366
-3.838
-4.162
-4.446
-4.663
-4.683
-4.568
-4.45
-4.326
-4.123
-3.851
-3.543
-3.27
-3.146
-3.164
-3.216
-3.366
-3.722
-4.25
-4.777
-5.106
-5.21
-5.351
-5.67
-5.95
-6.022
-5.799
-5.299
-4.706
-4.187
-3.787
-3.502
-3.313
-3.334
-3.585
-3.81
-3.84
-3.763
-3.675
-3.717
-4.044
-4.54
-4.94
-5.083
-4.965
-4.677
-4.38
-4.166
-4.069
-4.032
-3.947
-3.883
-3.98
-4.051
-3.944
-3.763
-3.634
-3.74
-4.151
-4.586
-4.885
-5.176
-5.439
-5.58
-5.664
-5.781
-5.97
-6.224
-6.448
-6.535
-6.426
-6.222
-6.053
-5.965
-5.972
-6.044
-6.176
-6.337
-6.435
-6.473
-6.623
-6.941
-7.485
-8.235
-8.95
-9.422
-9.715
-9.914
-10.016
-10.123
-10.361
-10.743
-11.196
-11.511
-11.523
-11.334
-11.14
-10.98
-10.849
-10.729
-10.595
-10.48
-10.418
-10.338
-10.27
-10.449
-10.796
-11.003
-11.053
-11.048
-10.948
-10.767
-10.743
-10.895
-10.965
-10.781
-10.425
-10.007
-9.493
-8.898
-8.445
-8.311
-8.34
-8.392
-8.521
-8.793
-9.159
-9.476
-9.706
-9.917
-10.096
-10.141
-9.864
-9.154
-8.247
-7.419
-6.587
-5.634
-4.75
-4.094
-3.675
-3.463
-3.479
-3.76
-4.295
-5.031
-5.761
-6.326
-6.607
-6.573
-6.133
-5.321
-4.3
-3.073
-1.701
-0.431
0.655
1.567
2.191
2.508
2.515
2.1
1.37
0.682
0.247
0.083
0.172
0.474
0.948
1.474
1.899
2.306
2.921
3.654
4.221
4.638
5.087
5.389
5.262
4.863
4.536
4.393
4.339
4.391
4.756
5.433
6.222
7.09
8.063
8.851
9.136
8.95
8.61
8.1
7.376
6.669
6.056
5.457
4.888
4.38
3.969
3.81
3.844
3.944
4.105
4.225
4.224
4.192
4.203
4.255
4.268
4.099
3.79
3.497
3.241
2.998
2.849
2.738
2.549
2.261
1.891
1.47
1.104
1.047
1.304
1.569
1.631
1.444
1.055
0.538
-0.091
-0.734
-1.188
-1.517
-2.01
-2.68
-3.211
-3.407
-3.32
-3.155
-2.91
-2.565
-2.286
-2.084
-1.83
-1.567
-1.51
-1.633
-1.835
-2.22
-2.903
-3.706
-4.216
-4.203
-3.883
-3.506
-3.161
-2.912
-2.907
-3.085
-3.214
-3.252
-3.352
-3.581
-3.91
-4.326
-4.797
-5.226
-5.562
-5.696
-5.636
-5.65
-5.747
-5.687
-5.446
-5.244
-5.101
-4.983
-4.931
-5.004
-5.21
-5.439
-5.419
-5.133
-4.933
-4.972
-4.972
-4.874
-4.808
-4.706
-4.473
-4.203
-4.112
-4.282
-4.548
-4.742
-4.922
-5.244
-5.679
-6.113
-6.526
-6.959
-7.303
-7.408
-7.265
-6.995
-6.602
-6.053
-5.609
-5.364
-5.128
-4.779
-4.257
-3.615
-3.164
-3.041
-3.198
-3.706
-4.455
-5.165
-5.679
-5.931
-5.965
-5.89
-5.747
-5.548
-5.346
-4.949
-4.344
-3.926
-3.856
-3.942
-4.012
-4.094
-4.289
-4.514
-4.611
-4.747
-5.058
-5.31
-5.339
-5.282
-5.312
-5.412
-5.442
-5.296
-5.028
-4.661
-4.192
-3.765
-3.565
-3.513
-3.45
-3.429
-3.561
-3.883
-4.214
-4.47
-4.799
-5.393
-6.183
-6.85
-7.201
-7.338
-7.422
-7.521
-7.676
-7.796
-7.657
-7.265
-6.905
-6.748
-6.812
-7.058
-7.321
-7.455
-7.528
-7.677
-7.936
-8.184
-8.235
-8.097
-7.909
-7.764
-7.753
-7.98
-8.243
-8.302
-8.286
-8.322
-8.195
-7.85
-7.51
-7.401
-7.698
-8.306
-8.748
-8.783
-8.623
-8.538
-8.571
-8.728
-8.864
-8.755
-8.503
-8.349
-8.267
-8.091
-7.796
-7.413
-7.017
-6.753
-6.745
-6.968
-7.308
-7.637
-7.832
-7.923
-7.925
-7.828
-7.755
-7.771
-7.855
-8.002
-8.129
-8.043
-7.741
-7.338
-7.049
-7.128
-7.521
-7.819
-7.732
-7.487
-7.394
-7.476
-7.621
-7.784
-7.945
-8.065
-8.133
-8.143
-8.106
-8.102
-8.132
-8.267
-8.667
-9.145
-9.25
-9.029
-8.88
-8.871
-8.805
-8.803
-9.123
-9.567
-9.753
-9.728
-9.808
-10.021
-10.194
-10.256
-10.477
-10.956
-11.473
-11.81
-11.985
-12.013
-11.822
-11.638
-11.731
-11.949
-11.99
-11.892
-11.792
-11.679
-11.546
-11.486
-11.681
-12.165
-12.782
-13.335
-13.641
-13.675
-13.723
-13.954
-14.256
-14.582
-14.805
-14.662
-14.097
-13.358
-12.688
-12.346
-12.321
-12.358
-12.448
-12.616
-12.693
-12.714
-12.997
-13.523
-14.093
-14.683
-15.186
-15.349
-14.957
-14.172
-13.285
-12.532
-11.983
-11.552
-11.207
-11.019
-11.091
-11.418
-11.883
-12.432
-12.974
-13.353
-13.564
-13.743
-13.757
-13.398
-12.732
-11.921
-10.994
-10.08
-9.311
-8.816
-8.685
-8.866
-9.119
-9.413
-9.953
-10.717
-11.404
-11.842
-12.081
-12.072
-11.688
-10.976
-10.185
-9.542
-9.1
-8.807
-8.57
-8.322
-8.091
-7.945
-8.086
-8.621
-9.304
-9.887
-10.311
-10.524
-10.459
-10.248
-10.023
-9.776
-9.534
-9.404
-9.27
-9.007
-8.71
-8.553
-8.655
-8.976
-9.444
-9.969
-10.39
-10.654
-10.826
-10.98
-11.13
-11.169
-11.037
-10.872
-10.743
-10.536
-10.139
-9.733
-9.497
-9.444
-9.565
-9.94
-10.554
-11.196
-11.698
-12.162
-12.677
-13.006
-12.983
-12.586
-11.915
-11.257
-10.694
-10.051
-9.499
-9.379
-9.69
-10.191
-10.743
-11.334
-11.908
-12.264
-12.423
-12.575
-12.738
-12.711
-12.389
-11.841
-11.173
-10.5
-9.919
-9.569
-9.556
-9.801
-10.248
-10.86
-11.541
-12.196
-12.733
-13.224
-13.775
-14.231
-14.344
-14.074
-13.627
-13.103
-12.484
-11.822
-11.207
-10.663
-10.214
-9.96
-10.023
-10.436
-11.051
-11.64
-12.085
-12.425
-12.675
-12.822
-12.834
-12.711
-12.546
-12.273
-11.795
-11.18
-10.663
-10.359
-10.243
-10.296
-10.515
-10.912
-11.523
-12.264
-12.981
-13.516
-13.811
-13.831
-13.559
-13.077
-12.487
-11.751
-10.987
-10.431
-10.074
-9.719
-9.395
-9.291
-9.47
-9.828
-10.209
-10.591
-11.019
-11.434
-11.76
-12.008
-12.165
-12.137
-11.881
-11.386
-10.72
-10.057
-9.578
-9.383
-9.535
-9.998
-10.627
-11.296
-11.899
-12.428
-12.938
-13.416
-13.696
-13.682
-13.434
-13.045
-12.537
-11.956
-11.436
-11.058
-10.767
-10.542
-10.366
-10.307
-10.39
-10.604
-10.998
-11.636
-12.348
-12.952
-13.433
-13.863
-14.161
-14.208
-14.045
-13.757
-13.369
-12.802
-12.212
-11.838
-11.693
-11.751
-12.022
-12.358
-12.595
-12.822
-13.106
-13.425
-13.764
-13.938
-13.839
-13.544
-13.115
-12.507
-11.777
-11.03
-10.393
-9.982
-9.824
-9.826
-9.935
-10.157
-10.559
-11.176
-11.885
-12.448
-12.741
-12.809
-12.684
-12.389
-11.921
-11.404
-10.957
-10.502
-10.016
-9.663
-9.565
-9.667
-9.774
-9.826
-9.966
-10.232
-10.359
-10.168
-9.896
-9.824
-9.815
-9.667
-9.434
-9.207
-8.918
-8.588
-8.369
-8.308
-8.295
-8.315
-8.445
-8.653
-8.848
-8.989
-9.038
-9.047
-9.102
-9.315
-9.608
-9.769
-9.833
-9.98
-10.089
-10.007
-9.867
-9.867
-9.896
-9.815
-9.715
-9.654
-9.569
-9.453
-9.404
-9.424
-9.418
-9.311
-9.172
-9.059
-9
-8.991
-9.132
-9.511
-10.007
-10.5
-10.91
-11.191
-11.261
-11.164
-11.046
-11.028
-11.044
-11.076
-11.164
-11.264
-11.26
-11.185
-11.105
-11.071
-11.112
-11.223
-11.398
-11.541
-11.57
-11.479
-11.345
-11.173
-10.921
-10.542
-10.087
-9.819
-9.9
-10.173
-10.393
-10.56
-10.796
-11.137
-11.552
-11.915
-12.169
-12.416
-12.72
-13.024
-13.246
-13.29
-13.12
-12.856
-12.657
-12.539
-12.434
-12.271
-12.055
-11.867
-11.806
-11.833
-11.824
-11.704
-11.454
-11.119
-10.779
-10.388
-9.931
-9.569
-9.463
-9.542
-9.601
-9.619
-9.699
-9.824
-9.969
-10.173
-10.452
-10.658
-10.72
-10.74
-10.79
-10.697
-10.357
-9.882
-9.409
-8.909
-8.431
-8.083
-7.864
-7.68
-7.508
-7.306
-7.097
-6.915
-6.809
-6.832
-6.981
-7.128
-7.127
-6.905
-6.432
-5.818
-5.226
-4.736
-4.371
-4.207
-4.193
-4.212
-4.153
-4.082
-4.192
-4.527
-4.972
-5.375
-5.614
-5.595
-5.434
-5.21
-4.894
-4.47
-4.023
-3.599
-3.112
-2.531
-2.016
-1.701
-1.572
-1.649
-1.923
-2.261
-2.554
-2.844
-3.109
-3.284
-3.438
-3.581
-3.529
-3.223
-2.844
-2.522
-2.232
-2.034
-1.979
-2.02
-2.186
-2.545
-3.076
-3.74
-4.466
-5.027
-5.28
-5.382
-5.46
-5.457
-5.38
-5.23
-4.996
-4.763
-4.531
-4.23
-3.949
-3.879
-3.999
-4.246
-4.62
-5.017
-5.33
-5.602
-5.877
-6.113
-6.205
-6.14
-6.022
-5.822
-5.58
-5.453
-5.455
-5.425
-5.348
-5.255
-5.117
-4.995
-5.06
-5.287
-5.523
-5.697
-5.788
-5.738
-5.503
-5.169
-4.781
-4.33
-3.924
-3.64
-3.334
-2.921
-2.59
-2.644
-3.016
-3.395
-3.645
-3.842
-3.947
-3.888
-3.767
-3.617
-3.368
-3.026
-2.624
-2.193
-1.805
-1.479
-1.143
-0.904
-0.857
-0.884
-0.895
-0.936
-1.011
-1.011
-0.877
-0.778
-0.764
-0.623
-0.337
-0.038
0.301
0.678
0.945
1.113
1.324
1.578
1.671
1.624
1.569
1.47
1.261
1.084
1.061
1.073
0.953
0.778
0.737
0.871
1.186
1.703
2.32
2.828
3.127
3.248
3.219
3.021
2.715
2.445
2.259
2.122
1.979
1.796
1.642
1.696
1.955
2.261
2.515
2.785
3.067
3.228
3.123
2.76
2.245
1.655
1.145
0.739
0.301
-0.156
-0.517
-0.757
-0.903
-0.968
-0.953
-0.871
-0.802
-0.73
-0.587
-0.378
-0.183
-0.115
-0.229
-0.483
-0.698
-0.787
-0.832
-0.771
-0.551
-0.235
0.172
0.703
1.272
1.778
2.168
2.361
2.284
1.934
1.452
0.991
0.635
0.319
0.074
-0.068
-0.156
-0.231
-0.265
-0.203
0.022
0.497
1.186
1.887
2.481
3.016
3.441
3.608
3.608
3.663
3.697
3.574
3.413
3.307
3.178
3.094
3.26
3.585
3.865
4.064
4.266
4.441
4.5
4.493
4.457
4.38
4.259
4.114
3.971
3.897
3.86
3.892
4.026
4.3
4.683
4.996
5.142
5.332
5.573
5.659
5.593
5.477
5.344
5.244
5.162
5.046
4.904
4.838
4.917
5.001
4.967
4.904
4.904
4.813
4.674
4.609
4.529
4.326
4.184
4.221
4.255
4.192
4.092
3.987
3.858
3.676
3.491
3.416
3.359
3.123
2.731
2.354
2.098
2.002
2.091
2.386
2.942
3.715
4.391
4.783
4.904
4.793
4.434
3.915
3.311
2.515
1.599
0.88
0.494
0.408
0.853
1.905
3.248
4.654
6.062
7.229
7.889
7.986
7.553
6.7
5.582
4.228
2.68
1.143
-0.127
-0.716
-0.267
1.131
3.13
5.421
7.755
9.858
11.491
12.484
12.732
12.212
11.112
9.656
7.984
6.335
5.027
4.33
4.47
5.471
7.008
8.78
10.715
12.618
14.206
15.517
16.629
17.323
17.382
16.719
15.495
13.977
12.368
10.883
9.9
9.599
9.853
10.672
12.171
14.099
16.109
18.055
19.845
21.319
22.152
22.24
21.823
21.133
20.151
18.877
17.456
16.196
15.41
15.268
15.705
16.701
18.187
19.911
21.603
23.027
24.027
24.593
24.768
24.567
23.907
22.733
21.285
19.994
19.101
18.516
18.15
18.135
18.525
19.223
20.086
21.006
21.939
22.864
23.661
24.094
23.957
23.229
22.025
20.553
19.112
17.882
16.742
15.689
14.97
14.734
14.888
15.168
15.504
15.994
16.588
17.116
17.476
17.615
17.361
16.553
15.268
13.739
12.087
10.275
8.517
7.186
6.41
6.053
5.986
6.102
6.45
7.063
7.762
8.438
9.025
9.163
8.646
7.626
6.301
4.706
2.88
0.968
-0.719
-2.055
-3.148
-4.085
-4.604
-4.316
-3.311
-2.093
-0.895
0.365
1.546
2.417
2.916
3.098
2.878
2.166
1.064
-0.276
-1.635
-2.831
-3.67
-3.974
-3.733
-3.153
-2.361
-1.331
-0.072
1.281
2.513
3.52
4.346
4.884
5.015
4.806
4.327
3.617
2.853
2.233
1.805
1.599
1.703
2.184
2.996
4
5.167
6.471
7.746
8.833
9.619
10.089
10.334
10.314
9.88
9.145
8.327
7.49
6.696
5.97
5.433
5.294
5.498
5.845
6.459
7.34
8.225
9.073
9.987
10.826
11.448
11.725
11.699
11.69
11.559
10.819
9.779
9.159
8.641
7.744
7.09
7.151
7.353
7.408
7.823
8.556
8.976
9.204
9.812
10.459
10.504
10.337
10.316
10.001
9.424
9.064
8.717
8.102
7.557
7.44
7.73
8.193
8.751
9.488
10.185
10.702
11.321
11.897
11.974
11.707
11.482
11.398
11.182
10.547
9.88
9.574
9.275
8.828
8.614
8.617
8.894
9.604
10.384
11.153
12.171
13.147
14.004
14.927
15.384
15.274
15.252
15.399
15.419
15.394
15.29
15.211
15.404
15.612
15.753
16.016
16.227
16.39
16.769
17.093
17.273
17.558
17.885
18.139
18.389
18.457
18.329
18.341
18.677
19.301
19.806
19.915
19.943
20.095
20.169
20.288
20.46
20.256
19.827
19.598
19.487
19.362
19.132
18.665
18.221
18.069
18.08
18.173
18.288
18.398
18.627
18.872
18.931
18.91
18.752
18.182
17.379
16.674
16.027
15.422
14.979
14.812
14.835
14.812
14.844
15.168
15.624
16
16.302
16.492
16.583
16.74
16.885
16.755
16.354
15.884
15.472
15.093
14.642
14.29
14.292
14.551
14.791
15.016
15.343
15.571
15.642
15.703
15.781
15.851
15.871
15.776
15.689
15.723
15.726
15.558
15.197
14.92
14.991
15.147
15.154
15.209
15.317
15.397
15.515
15.689
15.914
16.032
15.857
15.576
15.302
14.873
14.551
14.571
14.619
14.675
14.941
15.07
14.988
15.129
15.478
15.79
16.147
16.66
17.105
17.282
17.406
17.681
17.935
17.876
17.411
16.876
16.624
16.524
16.431
16.497
16.678
16.976
17.545
18.203
18.665
19.029
19.441
19.842
20.201
20.405
20.274
19.908
19.587
19.301
18.858
18.366
18.005
17.729
17.548
17.679
18.012
18.452
19.203
20.176
20.936
21.292
21.363
21.299
21.251
21.24
21.149
20.729
19.924
19.144
18.761
18.656
18.556
18.561
18.717
18.949
19.312
19.781
20.086
20.233
20.457
20.668
20.609
20.137
19.307
18.407
17.683
17.139
16.669
16.077
15.486
15.329
15.585
15.901
16.2
16.413
16.422
16.451
16.649
16.629
16.175
15.56
15.049
14.637
14.24
13.678
13.015
12.568
12.577
12.916
13.183
13.319
13.425
13.471
13.475
13.474
13.462
13.548
13.655
13.582
13.446
13.424
13.548
13.85
14.222
14.523
14.705
14.754
14.642
14.503
14.46
14.299
13.881
13.573
13.655
13.924
14.154
14.274
14.376
14.66
15.072
15.344
15.401
15.285
15.029
14.794
14.643
14.476
14.338
14.306
14.287
14.217
14.149
13.954
13.777
13.945
14.458
14.941
15.206
15.215
14.979
14.537
14
13.396
12.616
11.815
11.171
10.735
10.44
10.266
10.189
10.209
10.398
10.735
11.141
11.475
11.772
12.198
12.682
12.876
12.7
12.305
11.8
11.228
10.615
9.969
9.272
8.565
7.841
7.229
6.771
6.444
6.398
6.669
7.104
7.557
7.852
7.896
7.905
8.068
8.211
8.188
7.87
7.22
6.385
5.539
4.665
3.856
3.313
2.978
2.651
2.288
2.03
1.853
1.706
1.742
2.064
2.51
2.781
2.772
2.518
2.104
1.54
0.893
0.333
-0.065
-0.517
-1.14
-1.706
-1.941
-1.93
-1.95
-2.05
-2.039
-1.889
-1.774
-1.739
-1.669
-1.558
-1.54
-1.747
-2.057
-2.429
-2.989
-3.626
-4.143
-4.57
-4.902
-5.147
-5.387
-5.525
-5.491
-5.375
-5.294
-5.308
-5.282
-5.067
-4.815
-4.663
-4.461
-4.224
-4.099
-4.076
-4.114
-4.253
-4.409
-4.452
-4.375
-4.201
-4.014
-3.876
-3.781
-3.781
-3.867
-4.01
-4.248
-4.479
-4.595
-4.627
-4.609
-4.561
-4.482
-4.316
-4.198
-4.309
-4.552
-4.774
-4.908
-5.015
-5.133
-5.192
-5.089
-4.788
-4.277
-3.787
-3.502
-3.345
-3.187
-3.037
-2.796
-2.47
-2.247
-2.153
-2.259
-2.662
-3.286
-3.924
-4.402
-4.627
-4.718
-4.861
-5.071
-5.371
-5.77
-6.199
-6.489
-6.557
-6.43
-6.267
-6.196
-6.287
-6.55
-6.886
-7.195
-7.487
-7.805
-8.1
-8.428
-8.821
-9.248
-9.636
-9.887
-9.964
-9.835
-9.525
-9.168
-8.912
-8.784
-8.676
-8.567
-8.533
-8.708
-9.154
-9.724
-10.288
-10.895
-11.538
-12.046
-12.341
-12.48
-12.507
-12.466
-12.353
-12.124
-11.961
-11.994
-12.013
-11.818
-11.523
-11.264
-11.055
-10.915
-10.935
-11.191
-11.534
-11.654
-11.418
-11.024
-10.618
-10.134
-9.669
-9.395
-9.243
-9.007
-8.635
-8.249
-8.156
-8.501
-9.068
-9.538
-9.744
-9.728
-9.52
-9.2
-8.991
-8.895
-8.71
-8.34
-7.839
-7.256
-6.548
-5.839
-5.3
-4.996
-4.908
-4.949
-5.036
-5.078
-4.967
-4.704
-4.393
-4.06
-3.699
-3.384
-3.001
-2.376
-1.676
-1.177
-0.837
-0.507
-0.265
-0.109
0.036
0.127
0.088
0.054
0.111
0.197
0.24
0.41
0.832
1.453
2.198
2.978
3.629
4.112
4.47
4.7
4.724
4.645
4.536
4.295
3.926
3.581
3.309
3.109
3.048
3.209
3.561
4.019
4.502
4.902
5.097
5.133
5.244
5.341
5.199
4.897
4.611
4.318
4.003
3.76
3.635
3.565
3.443
3.228
3.068
3.019
3.005
3.016
3.067
3.067
2.953
2.776
2.497
2.057
1.578
1.193
0.837
0.609
0.507
0.345
0.127
0.092
0.265
0.406
0.31
-0.132
-0.814
-1.374
-1.563
-1.535
-1.583
-1.765
-1.989
-2.213
-2.336
-2.411
-2.626
-2.98
-3.357
-3.724
-4.105
-4.443
-4.67
-4.802
-4.788
-4.577
-4.371
-4.446
-4.7
-4.826
-4.622
-4.087
-3.538
-3.371
-3.506
-3.763
-4.069
-4.377
-4.688
-5.058
-5.433
-5.723
-5.922
-6.056
-6.131
-6.142
-6.001
-5.772
-5.564
-5.357
-5.18
-5.042
-4.772
-4.355
-4.04
-3.969
-4.078
-4.364
-4.793
-5.201
-5.46
-5.607
-5.714
-5.788
-5.933
-6.083
-6.031
-5.729
-5.341
-5.165
-5.355
-5.779
-6.174
-6.38
-6.428
-6.406
-6.385
-6.283
-6.044
-5.729
-5.351
-4.906
-4.478
-4.224
-4.237
-4.525
-4.995
-5.6
-6.117
-6.251
-6.12
-6.072
-6.156
-6.237
-6.258
-6.187
-6.013
-5.736
-5.443
-5.249
-5.148
-5.062
-5.015
-5.065
-5.187
-5.312
-5.425
-5.607
-5.915
-6.269
-6.528
-6.517
-6.131
-5.534
-5.069
-4.884
-4.829
-4.824
-4.922
-5.142
-5.364
-5.641
-6.124
-6.786
-7.353
-7.682
-7.934
-8.208
-8.433
-8.48
-8.315
-7.95
-7.478
-6.952
-6.403
-5.92
-5.553
-5.357
-5.41
-5.725
-6.205
-6.834
-7.53
-8.182
-8.819
-9.4
-9.753
-9.735
-9.467
-9.18
-8.987
-8.889
-8.764
-8.517
-8.05
-7.534
-7.174
-7.058
-7.183
-7.485
-7.878
-8.311
-8.726
-9.014
-9.128
-9.136
-9.078
-8.968
-8.834
-8.605
-8.304
-8.133
-8.182
-8.345
-8.431
-8.506
-8.739
-9.084
-9.329
-9.47
-9.578
-9.554
-9.322
-9.05
-8.875
-8.717
-8.465
-8.199
-7.977
-7.768
-7.696
-7.873
-8.057
-8.025
-7.893
-7.843
-7.875
-7.855
-7.823
-7.93
-8.147
-8.311
-8.333
-8.208
-8.021
-7.839
-7.668
-7.542
-7.539
-7.578
-7.566
-7.566
-7.575
-7.562
-7.616
-7.775
-7.893
-7.898
-7.87
-7.829
-7.882
-8.206
-8.678
-8.964
-9.075
-9.218
-9.352
-9.3
-9.152
-9.145
-9.306
-9.424
-9.345
-9.227
-9.227
-9.231
-9.119
-9.038
-9.175
-9.569
-10.075
-10.48
-10.747
-10.962
-11.278
-11.677
-11.89
-11.677
-11.327
-11.214
-11.251
-11.205
-11.094
-11.076
-11.108
-11.171
-11.359
-11.713
-12.215
-12.818
-13.376
-13.7
-13.691
-13.475
-13.215
-12.952
-12.663
-12.403
-12.194
-12.026
-11.867
-11.81
-12.055
-12.659
-13.403
-13.965
-14.201
-14.152
-14.034
-13.993
-13.904
-13.6
-13.072
-12.501
-12.09
-11.804
-11.559
-11.523
-11.929
-12.648
-13.285
-13.555
-13.421
-13.101
-12.802
-12.591
-12.409
-12.203
-11.99
-11.731
-11.439
-11.191
-11.103
-11.178
-11.287
-11.348
-11.31
-11.099
-10.846
-10.749
-10.804
-10.906
-10.983
-11.048
-11.108
-11.026
-10.765
-10.56
-10.62
-10.735
-10.649
-10.481
-10.449
-10.565
-10.638
-10.633
-10.743
-10.974
-11.071
-10.942
-10.77
-10.685
-10.64
-10.55
-10.39
-10.207
-9.998
-9.738
-9.563
-9.658
-10.053
-10.522
-10.804
-10.881
-10.855
-10.801
-10.697
-10.649
-10.683
-10.618
-10.329
-9.966
-9.742
-9.699
-9.751
-9.873
-9.992
-10.096
-10.216
-10.3
-10.39
-10.56
-10.805
-10.985
-10.985
-10.756
-10.375
-9.978
-9.645
-9.474
-9.485
-9.525
-9.563
-9.726
-10.048
-10.375
-10.606
-10.767
-10.887
-11.012
-11.021
-10.846
-10.536
-10.227
-10.034
-10.042
-10.168
-10.273
-10.293
-10.323
-10.416
-10.551
-10.667
-10.731
-10.89
-11.219
-11.593
-11.824
-11.786
-11.502
-11.158
-10.951
-10.881
-10.849
-10.855
-10.854
-10.683
-10.42
-10.268
-10.297
-10.422
-10.586
-10.753
-10.924
-11.044
-11.015
-10.851
-10.636
-10.454
-10.384
-10.32
-10.127
-9.926
-9.86
-9.882
-10.007
-10.293
-10.645
-10.908
-11.135
-11.436
-11.795
-12.162
-12.428
-12.487
-12.385
-12.162
-11.792
-11.363
-11.021
-10.787
-10.592
-10.395
-10.375
-10.713
-11.214
-11.602
-11.858
-12.06
-12.165
-12.155
-12.063
-11.97
-12.008
-12.207
-12.391
-12.452
-12.409
-12.26
-12.035
-11.958
-12.148
-12.391
-12.43
-12.348
-12.407
-12.686
-12.87
-12.745
-12.514
-12.314
-12.049
-11.69
-11.382
-11.137
-11.001
-11.08
-11.341
-11.638
-11.892
-12.096
-12.278
-12.53
-12.825
-13.156
-13.512
-13.746
-13.77
-13.675
-13.548
-13.421
-13.258
-12.908
-12.344
-11.763
-11.314
-11.044
-11.017
-11.214
-11.577
-11.997
-12.416
-12.849
-13.253
-13.518
-13.589
-13.448
-13.149
-12.847
-12.586
-12.296
-12.031
-11.754
-11.448
-11.246
-11.255
-11.312
-11.2
-11.078
-11.16
-11.368
-11.5
-11.47
-11.407
-11.441
-11.566
-11.663
-11.625
-11.413
-11.173
-11.006
-10.792
-10.422
-10.012
-9.785
-9.742
-9.71
-9.595
-9.409
-9.263
-9.336
-9.601
-9.81
-9.753
-9.574
-9.529
-9.576
-9.595
-9.604
-9.654
-9.66
-9.504
-9.209
-8.927
-8.735
-8.708
-8.821
-8.882
-8.748
-8.542
-8.408
-8.351
-8.338
-8.286
-8.211
-8.179
-8.188
-8.215
-8.32
-8.479
-8.619
-8.755
-8.882
-8.962
-8.977
-8.921
-8.903
-8.914
-8.864
-8.882
-8.998
-9.005
-8.83
-8.726
-8.833
-8.93
-8.853
-8.834
-9.129
-9.596
-9.923
-10.087
-10.159
-10.107
-9.94
-9.774
-9.627
-9.434
-9.268
-9.252
-9.309
-9.263
-9.078
-9
-9.257
-9.728
-10.185
-10.568
-10.924
-11.318
-11.738
-12.165
-12.616
-13.074
-13.437
-13.509
-13.226
-12.704
-12.122
-11.595
-11.094
-10.636
-10.388
-10.37
-10.44
-10.606
-11.024
-11.704
-12.543
-13.349
-13.936
-14.12
-13.83
-13.273
-12.747
-12.257
-11.702
-11.146
-10.654
-10.297
-10.139
-10.123
-10.323
-10.86
-11.579
-12.239
-12.811
-13.273
-13.536
-13.512
-13.217
-12.741
-12.096
-11.2
-10.096
-8.996
-8.104
-7.442
-6.981
-6.795
-6.972
-7.403
-7.82
-8.15
-8.454
-8.667
-8.617
-8.302
-7.891
-7.467
-6.941
-6.235
-5.451
-4.779
-4.35
-4.175
-4.183
-4.35
-4.695
-5.151
-5.575
-5.9
-6.094
-6.111
-6.02
-5.959
-5.854
-5.475
-4.831
-4.114
-3.409
-2.74
-2.186
-1.814
-1.604
-1.513
-1.452
-1.392
-1.479
-1.827
-2.274
-2.62
-2.885
-3.182
-3.393
-3.302
-2.951
-2.633
-2.499
-2.486
-2.577
-2.801
-3.071
-3.261
-3.502
-3.906
-4.321
-4.62
-4.894
-5.21
-5.419
-5.384
-5.089
-4.67
-4.275
-3.865
-3.418
-3.055
-2.814
-2.639
-2.515
-2.506
-2.753
-3.282
-3.833
-4.289
-4.75
-5.244
-5.65
-5.95
-6.163
-6.287
-6.351
-6.328
-6.249
-6.176
-6.053
-5.92
-5.909
-5.986
-6.031
-6.079
-6.151
-6.176
-6.133
-5.977
-5.675
-5.296
-4.924
-4.609
-4.309
-3.947
-3.515
-3.15
-2.887
-2.744
-2.858
-3.237
-3.719
-4.187
-4.545
-4.747
-4.822
-4.788
-4.709
-4.572
-4.275
-3.874
-3.5
-3.109
-2.665
-2.305
-2.127
-2.032
-1.882
-1.619
-1.34
-1.193
-1.268
-1.49
-1.64
-1.558
-1.245
-0.751
-0.054
0.771
1.563
2.143
2.472
2.626
2.617
2.461
2.243
2.025
1.766
1.479
1.179
0.841
0.562
0.462
0.483
0.556
0.801
1.199
1.642
2.198
2.792
3.157
3.28
3.273
3.141
2.835
2.379
1.823
1.24
0.757
0.519
0.612
0.936
1.47
2.207
2.974
3.576
4.005
4.28
4.373
4.228
3.787
3.014
1.952
0.73
-0.517
-1.685
-2.653
-3.209
-3.361
-3.313
-3.094
-2.563
-1.821
-1.109
-0.485
0.122
0.682
0.934
0.761
0.313
-0.231
-0.802
-1.295
-1.66
-1.948
-2.134
-2.171
-2.005
-1.506
-0.591
0.51
1.421
2.034
2.386
2.44
2.089
1.465
0.78
0.031
-0.898
-1.826
-2.515
-2.966
-3.155
-2.883
-2.089
-0.903
0.558
2.011
3.179
4.078
4.815
5.267
5.33
5.092
4.645
3.987
3.109
2.163
1.435
1.084
1.136
1.653
2.533
3.504
4.423
5.262
5.901
6.242
6.342
6.319
6.099
5.582
4.863
4.137
3.477
2.858
2.207
1.701
1.605
2.005
2.835
3.94
5.142
6.274
7.22
7.907
8.234
8.077
7.492
6.682
5.741
4.713
3.956
3.681
3.686
3.769
3.926
4.137
4.382
4.709
5.223
5.936
6.587
6.795
6.56
6.12
5.548
4.829
4.119
3.511
2.983
2.613
2.518
2.729
2.975
2.975
2.794
2.738
2.953
3.42
3.96
4.314
4.446
4.514
4.609
4.618
4.425
4.008
3.411
2.747
2.15
1.785
1.719
1.957
2.461
3.086
3.672
4.221
4.672
4.99
5.271
5.477
5.58
5.693
5.647
5.067
4.032
2.985
2.112
1.392
0.923
0.975
1.599
2.536
3.64
4.754
5.609
6.348
7.308
8.222
8.524
8.32
8.104
7.975
7.721
7.367
7.031
6.678
6.378
6.394
6.798
7.51
8.571
9.996
11.441
12.452
13.042
13.512
13.728
13.337
12.511
11.667
11.007
10.506
9.973
9.4
9.243
9.855
10.845
11.695
12.511
13.666
15.245
16.901
18.137
18.779
19.02
19.001
18.713
18.167
17.406
16.681
16.354
16.533
16.98
17.538
18.264
19.176
20.271
21.467
22.453
23.075
23.384
23.442
23.381
23.315
23.148
22.675
21.862
20.85
19.883
19.226
19.076
19.38
19.845
20.353
21.018
21.866
22.655
23.232
23.679
23.971
23.874
23.279
22.39
21.437
20.498
19.446
18.23
17.102
16.258
15.606
15.12
14.9
14.966
15.29
15.807
16.329
16.542
16.327
15.782
15.011
14.049
12.809
11.216
9.615
8.544
8.1
7.957
7.902
7.939
7.991
7.963
7.85
7.718
7.553
7.32
7.029
6.569
5.795
4.67
3.302
1.975
0.984
0.294
-0.354
-0.971
-1.304
-1.193
-0.723
-0.115
0.526
1.195
1.669
1.728
1.503
1.193
0.823
0.378
-0.059
-0.408
-0.863
-1.533
-2.127
-2.274
-1.993
-1.35
-0.328
0.834
1.912
2.787
3.398
3.749
3.865
3.675
3.269
2.785
2.282
1.932
1.908
2.223
2.703
3.127
3.463
4.012
4.908
5.94
6.999
8.104
9.15
9.975
10.37
10.234
9.83
9.379
8.807
8.165
7.655
7.378
7.179
7.045
7.179
7.753
8.562
9.293
10.048
10.951
11.645
11.912
12.323
12.884
12.673
11.698
10.921
10.32
9.393
8.57
8.32
8.204
7.961
8.132
8.842
9.409
9.744
10.411
11.051
11.069
10.86
10.693
10.225
9.409
8.608
7.918
7.138
6.301
5.687
5.341
5.156
5.398
6.144
6.959
7.694
8.458
9.209
9.85
10.207
10.327
10.506
10.527
9.962
9.055
7.916
6.655
5.816
5.425
5.291
5.664
6.285
6.847
7.775
9.025
9.928
10.615
11.341
11.813
12.013
11.933
11.584
11.38
11.296
10.967
10.699
10.67
10.77
11.169
11.722
12.239
12.977
13.761
14.195
14.674
15.299
15.58
15.424
15.034
14.771
14.78
14.809
14.826
15
15.242
15.665
16.45
17.193
17.665
17.987
18.173
18.35
18.699
19.085
19.35
19.48
19.484
19.528
19.491
19.226
18.98
18.86
18.688
18.661
18.919
19.09
19.103
19.203
19.528
19.886
20.122
20.247
20.183
19.663
18.749
18.08
17.797
17.588
17.293
16.955
16.447
15.873
15.606
15.594
15.526
15.37
15.576
16.127
16.526
16.515
16.34
16.234
16.057
15.723
15.344
14.896
14.217
13.53
13.17
13.147
13.264
13.221
13.042
13.049
13.393
13.78
14.009
14.186
14.317
14.263
14.267
14.455
14.236
13.641
13.367
13.424
13.483
13.532
13.539
13.652
14.219
14.818
14.946
14.861
14.775
14.669
14.689
14.766
14.655
14.356
14.088
14.07
14.231
14.338
14.348
14.385
14.421
14.576
14.897
15.242
15.49
15.592
15.515
15.354
15.201
14.986
14.66
14.365
14.333
14.573
14.927
15.388
15.971
16.4
16.465
16.37
16.481
16.937
17.384
17.343
16.971
16.644
16.442
16.277
16.134
16.175
16.495
17.032
17.628
18.244
18.775
19.121
19.525
20.137
20.575
20.446
19.879
19.262
18.797
18.248
17.47
16.785
16.401
16.175
16.152
16.41
16.685
16.935
17.345
17.983
18.967
19.902
20.101
19.736
19.441
19.353
19.255
18.895
18.223
17.642
17.316
17.019
16.796
16.681
16.436
16.138
16.05
16.197
16.41
16.456
16.427
16.526
16.45
16.012
15.626
15.433
15.232
14.946
14.674
14.592
14.766
15.04
15.265
15.481
15.644
15.714
15.767
15.723
15.495
15.07
14.426
13.821
13.557
13.389
12.977
12.362
11.892
11.842
12.105
12.362
12.616
13.068
13.627
14.149
14.494
14.451
14.131
13.868
13.641
13.43
13.335
13.165
12.895
12.908
13.206
13.577
14.038
14.446
14.789
15.191
15.44
15.388
15.081
14.596
14.147
13.932
13.719
13.483
13.358
13.244
13.246
13.349
13.414
13.523
13.614
13.457
13.378
13.652
13.968
14.19
14.313
14.344
14.408
14.258
13.648
12.981
12.45
11.958
11.765
11.883
12.003
12.104
12.216
12.239
12.332
12.543
12.65
12.577
12.337
11.99
11.577
11.06
10.533
10.089
9.617
9.139
8.783
8.517
8.308
8.202
8.204
8.358
8.52
8.469
8.258
7.975
7.575
7.163
6.859
6.598
6.283
5.901
5.557
5.332
5.235
5.094
4.833
4.688
4.686
4.607
4.434
4.318
4.234
4.155
4.139
4.16
4.055
3.781
3.559
3.486
3.334
2.885
2.163
1.42
0.775
0.283
-0.022
-0.174
-0.233
-0.272
-0.301
-0.193
-0.004
0.104
0.199
0.355
0.533
0.582
0.374
-0.042
-0.451
-0.895
-1.397
-1.839
-2.286
-2.823
-3.371
-3.871
-4.101
-3.86
-3.302
-2.742
-2.379
-2.2
-2.073
-2.082
-2.349
-2.61
-2.758
-3.068
-3.518
-3.949
-4.42
-4.849
-5.083
-5.219
-5.223
-5.18
-5.26
-5.341
-5.299
-5.221
-5.006
-4.647
-4.368
-4.183
-4.064
-4.064
-4.184
-4.382
-4.652
-4.813
-4.722
-4.414
-4.137
-4.044
-3.915
-3.606
-3.384
-3.389
-3.565
-3.828
-4.053
-4.219
-4.3
-4.253
-4.282
-4.539
-4.861
-5.183
-5.471
-5.643
-5.647
-5.491
-5.142
-4.711
-4.314
-3.804
-3.219
-2.823
-2.66
-2.601
-2.588
-2.735
-3.109
-3.622
-4.137
-4.577
-4.893
-5.103
-5.3
-5.545
-5.816
-6.053
-6.176
-6.176
-6.049
-5.825
-5.664
-5.718
-5.929
-6.258
-6.696
-7.131
-7.399
-7.544
-7.793
-8.263
-8.953
-9.828
-10.638
-11.01
-10.84
-10.316
-9.619
-8.909
-8.39
-8.164
-8.074
-8.086
-8.275
-8.565
-8.862
-9.322
-10.066
-10.994
-11.917
-12.718
-13.258
-13.376
-13.038
-12.398
-11.645
-10.854
-9.998
-9.084
-8.252
-7.655
-7.331
-7.311
-7.598
-8.104
-8.735
-9.356
-9.846
-10.239
-10.495
-10.439
-10.005
-9.476
-9.046
-8.626
-8.016
-7.19
-6.276
-5.398
-4.636
-4.064
-3.795
-3.897
-4.327
-4.843
-5.194
-5.303
-5.28
-5.176
-5.067
-5.019
-4.884
-4.425
-3.634
-2.685
-1.753
-1.038
-0.644
-0.53
-0.501
-0.435
-0.381
-0.401
-0.469
-0.659
-0.975
-1.097
-0.782
-0.132
0.721
1.739
2.651
3.121
3.161
3.05
2.992
3.114
3.343
3.506
3.497
3.261
2.855
2.467
2.243
2.204
2.343
2.685
3.225
3.826
4.327
4.706
5.107
5.586
5.981
6.226
6.292
6.006
5.355
4.663
4.13
3.756
3.416
3.117
2.989
2.969
2.842
2.706
2.781
3.003
3.202
3.386
3.594
3.831
3.991
3.94
3.706
3.441
3.127
2.626
2.007
1.452
1.064
0.909
1.129
1.706
2.334
2.755
3.035
3.32
3.468
3.361
3.057
2.592
1.903
1.097
0.351
-0.335
-1.006
-1.494
-1.685
-1.68
-1.594
-1.456
-1.218
-0.837
-0.401
0.038
0.372
0.29
-0.346
-1.29
-2.191
-2.86
-3.291
-3.599
-3.879
-4.153
-4.4
-4.534
-4.464
-4.103
-3.552
-2.985
-2.499
-2.198
-2.18
-2.318
-2.449
-2.629
-2.974
-3.45
-4.003
-4.602
-5.223
-5.747
-6.079
-6.235
-6.296
-6.357
-6.478
-6.517
-6.21
-5.58
-4.849
-4.18
-3.749
-3.666
-3.853
-4.178
-4.461
-4.568
-4.663
-4.94
-5.294
-5.562
-5.743
-5.802
-5.593
-5.121
-4.577
-4.116
-3.844
-3.74
-3.645
-3.541
-3.513
-3.606
-3.93
-4.72
-5.763
-6.528
-6.823
-6.804
-6.548
-6.035
-5.405
-4.863
-4.437
-3.991
-3.465
-2.955
-2.608
-2.497
-2.74
-3.295
-3.865
-4.207
-4.336
-4.295
-4.323
-4.577
-4.786
-4.788
-4.647
-4.375
-4
-3.64
-3.339
-3.291
-3.447
-3.515
-3.572
-3.801
-4.169
-4.647
-5.273
-5.979
-6.491
-6.56
-6.255
-5.881
-5.586
-5.29
-5.006
-4.765
-4.516
-4.291
-4.196
-4.321
-4.783
-5.559
-6.378
-6.981
-7.229
-7.21
-7.084
-7.002
-6.99
-6.99
-6.854
-6.562
-6.201
-5.839
-5.575
-5.586
-6.001
-6.759
-7.551
-8.129
-8.521
-8.783
-8.88
-8.789
-8.53
-8.165
-7.768
-7.347
-6.918
-6.553
-6.276
-6.183
-6.432
-6.934
-7.41
-7.798
-8.12
-8.456
-8.676
-8.614
-8.392
-8.184
-8.048
-7.934
-7.748
-7.431
-7.104
-6.92
-6.868
-6.959
-7.29
-7.771
-8.249
-8.635
-8.834
-8.81
-8.626
-8.34
-8.065
-7.875
-7.655
-7.372
-7.231
-7.26
-7.306
-7.446
-7.762
-8.184
-8.535
-8.713
-8.878
-9.234
-9.694
-9.98
-9.989
-9.71
-9.263
-8.793
-8.349
-7.85
-7.36
-7.038
-6.986
-7.169
-7.492
-7.945
-8.651
-9.526
-10.277
-10.663
-10.738
-10.758
-10.822
-10.805
-10.667
-10.42
-10.093
-9.767
-9.504
-9.361
-9.467
-9.824
-10.346
-10.928
-11.341
-11.468
-11.486
-11.575
-11.631
-11.464
-11.114
-10.765
-10.439
-10.177
-10.103
-10.141
-10.185
-10.307
-10.56
-10.91
-11.321
-11.804
-12.396
-13.015
-13.498
-13.777
-13.807
-13.652
-13.41
-13.129
-12.861
-12.621
-12.221
-11.555
-10.833
-10.413
-10.384
-10.611
-10.917
-11.22
-11.543
-11.786
-11.865
-11.883
-12.148
-12.668
-13.153
-13.41
-13.374
-13.031
-12.557
-12.201
-11.99
-11.903
-11.845
-11.649
-11.375
-11.164
-11.078
-11.117
-11.375
-11.99
-12.754
-13.142
-13.047
-12.822
-12.65
-12.409
-12.133
-11.908
-11.663
-11.345
-11.03
-10.772
-10.49
-10.256
-10.264
-10.583
-11.073
-11.477
-11.658
-11.769
-11.965
-12.187
-12.257
-12.124
-11.992
-12.013
-11.956
-11.672
-11.323
-10.967
-10.527
-10.154
-10.114
-10.341
-10.583
-10.656
-10.711
-10.944
-11.357
-11.756
-12.023
-12.187
-12.183
-11.924
-11.529
-11.123
-10.667
-10.15
-9.728
-9.587
-9.747
-9.984
-10.141
-10.427
-11.035
-11.827
-12.507
-12.936
-13.13
-13.092
-12.752
-12.171
-11.45
-10.618
-9.726
-8.989
-8.503
-8.261
-8.365
-8.789
-9.333
-9.873
-10.445
-11.06
-11.6
-11.929
-11.921
-11.561
-11.017
-10.497
-9.946
-9.3
-8.681
-8.263
-8.12
-8.184
-8.401
-8.699
-9.005
-9.393
-9.978
-10.515
-10.735
-10.717
-10.663
-10.618
-10.502
-10.252
-9.808
-9.259
-8.837
-8.649
-8.621
-8.694
-8.921
-9.415
-10.116
-10.752
-11.176
-11.561
-11.856
-11.956
-11.962
-11.992
-11.879
-11.445
-10.752
-10.15
-9.873
-9.835
-9.908
-10.037
-10.305
-10.722
-11.182
-11.579
-11.892
-12.166
-12.364
-12.359
-12.151
-11.806
-11.305
-10.752
-10.439
-10.364
-10.256
-10.148
-10.318
-10.824
-11.436
-12.022
-12.593
-13.206
-13.791
-14.254
-14.531
-14.616
-14.494
-14.106
-13.518
-12.897
-12.251
-11.529
-10.908
-10.568
-10.497
-10.542
-10.656
-10.992
-11.627
-12.396
-13.033
-13.466
-13.793
-14.029
-13.961
-13.507
-12.929
-12.439
-11.931
-11.398
-11.078
-11.112
-11.307
-11.45
-11.62
-12.04
-12.666
-13.337
-13.913
-14.394
-14.882
-15.279
-15.334
-14.993
-14.471
-13.884
-13.183
-12.373
-11.634
-10.969
-10.216
-9.542
-9.365
-9.771
-10.384
-10.967
-11.613
-12.355
-12.977
-13.421
-13.789
-14.084
-14.176
-14.047
-13.773
-13.374
-12.899
-12.482
-12.183
-11.942
-11.733
-11.64
-11.749
-11.926
-12.013
-12.063
-12.124
-12.087
-11.827
-11.394
-10.957
-10.627
-10.302
-9.964
-9.654
-9.368
-9.12
-9.082
-9.263
-9.481
-9.656
-9.817
-9.955
-10.109
-10.359
-10.697
-10.962
-11.03
-10.974
-10.915
-10.84
-10.638
-10.279
-9.903
-9.596
-9.438
-9.395
-9.347
-9.313
-9.336
-9.368
-9.409
-9.504
-9.592
-9.504
-9.248
-9.023
-9.023
-9.139
-9.145
-9.047
-9.007
-9.111
-9.318
-9.583
-9.835
-10.046
-10.302
-10.579
-10.685
-10.579
-10.352
-10.127
-10.034
-10.1
-10.216
-10.279
-10.334
-10.48
-10.642
-10.597
-10.352
-10.175
-10.175
-10.241
-10.227
-10.105
-9.989
-9.969
-10.007
-10.066
-10.125
-10.145
-10.116
-10.034
-9.973
-10.066
-10.259
-10.411
-10.547
-10.685
-10.729
-10.679
-10.685
-10.822
-10.98
-11.153
-11.461
-11.754
-11.806
-11.543
-11.087
-10.615
-10.216
-9.955
-9.914
-10.121
-10.427
-10.726
-11.017
-11.339
-11.667
-11.947
-12.113
-12.26
-12.4
-12.441
-12.248
-11.829
-11.363
-11.064
-10.985
-11.06
-11.158
-11.16
-11.153
-11.341
-11.663
-11.818
-11.727
-11.575
-11.509
-11.502
-11.495
-11.454
-11.427
-11.439
-11.425
-11.389
-11.368
-11.348
-11.219
-11.019
-10.855
-10.699
-10.463
-10.236
-10.162
-10.182
-10.134
-9.984
-9.801
-9.551
-9.145
-8.73
-8.521
-8.404
-8.215
-7.984
-7.732
-7.44
-7.172
-6.972
-6.882
-6.941
-7.127
-7.299
-7.396
-7.476
-7.626
-7.726
-7.592
-7.34
-7.106
-6.856
-6.528
-6.272
-6.156
-6.156
-6.242
-6.265
-6.067
-5.706
-5.323
-5.046
-4.893
-4.752
-4.543
-4.237
-3.885
-3.64
-3.611
-3.706
-3.769
-3.888
-4.085
-4.275
-4.482
-4.681
-4.838
-5.008
-5.144
-5.167
-5.103
-4.96
-4.691
-4.341
-4.032
-3.921
-4.092
-4.355
-4.536
-4.586
-4.58
-4.589
-4.618
-4.674
-4.715
-4.602
-4.355
-4.096
-3.849
-3.622
-3.479
-3.443
-3.495
-3.576
-3.756
-4.073
-4.468
-4.917
-5.442
-5.942
-6.306
-6.61
-6.934
-7.218
-7.413
-7.473
-7.39
-7.154
-6.7
-6.017
-5.364
-4.897
-4.522
-4.219
-4.017
-3.96
-4.092
-4.459
-4.922
-5.269
-5.484
-5.602
-5.557
-5.299
-4.881
-4.377
-3.792
-3.223
-2.853
-2.653
-2.538
-2.483
-2.549
-2.833
-3.363
-3.985
-4.488
-4.817
-5.028
-5.017
-4.668
-4.035
-3.257
-2.366
-1.453
-0.7
-0.158
0.258
0.653
1
1.131
1.014
0.846
0.825
0.855
0.621
0.127
-0.301
-0.401
-0.267
-0.088
0.1
0.317
0.56
0.769
0.964
1.12
1.184
1.095
0.886
0.664
0.503
0.342
0.292
0.41
0.585
0.76
0.971
1.188
1.485
2.007
2.592
3.01
3.184
3.055
2.568
1.839
1.073
0.358
-0.355
-1.077
-1.669
-1.97
-1.97
-1.774
-1.424
-0.909
-0.34
0.091
0.29
0.383
0.512
0.603
0.442
0
-0.544
-1.07
-1.517
-1.848
-1.982
-1.868
-1.605
-1.318
-1.087
-0.968
-0.975
-1.052
-1.157
-1.324
-1.619
-2.059
-2.597
-3.139
-3.613
-4.094
-4.566
-4.908
-5.033
-4.967
-4.686
-4.162
-3.409
-2.579
-1.821
-1.134
-0.519
-0.072
0.161
0.304
0.367
0.345
0.267
0.092
-0.147
-0.174
0.145
0.591
0.993
1.345
1.665
1.969
2.305
2.699
3.071
3.261
3.289
3.155
2.851
2.531
2.404
2.454
2.67
3.187
3.912
4.559
4.996
5.451
6.065
6.782
7.476
8.018
8.164
7.843
7.367
6.936
6.53
6.133
5.767
5.475
5.312
5.253
5.328
5.623
6.065
6.6
7.28
7.92
8.231
8.115
7.628
6.97
6.285
5.618
4.955
4.335
3.813
3.495
3.474
3.713
4.133
4.711
5.33
5.845
6.319
6.784
7.043
6.968
6.712
6.398
5.999
5.421
4.695
3.944
3.216
2.565
2.1
1.787
1.528
1.347
1.304
1.304
1.227
1.05
0.769
0.517
0.476
0.664
0.988
1.34
1.737
2.15
2.431
2.506
2.429
2.245
1.891
1.327
0.655
0.101
-0.317
-0.685
-0.941
-0.909
-0.428
0.512
1.678
2.822
3.883
4.797
5.433
5.655
5.473
4.872
3.844
2.481
1.05
-0.206
-1.184
-1.583
-1.213
-0.244
1.145
2.98
5.128
7.238
9.043
10.402
11.207
11.363
10.933
9.964
8.526
6.85
5.401
4.323
3.64
3.661
4.509
5.936
7.82
10.171
12.738
15.075
16.862
17.94
18.218
17.788
16.815
15.354
13.598
12.001
10.872
10.207
9.96
10.338
11.611
13.668
16.12
18.491
20.502
22.029
23.148
23.758
23.621
22.696
21.31
19.85
18.48
17.323
16.488
16.146
16.47
17.386
18.663
20.207
21.743
22.991
24.044
25.021
25.724
25.922
25.622
24.858
23.721
22.424
21.161
19.99
19.047
18.604
18.711
19.153
19.813
20.682
21.6
22.452
23.232
23.817
23.955
23.572
22.898
22.095
21.156
20.033
18.804
17.692
16.857
16.34
16.044
15.937
16.168
16.745
17.356
17.744
17.838
17.633
17.157
16.499
15.683
14.612
13.326
12.067
11.06
10.216
9.363
8.641
8.24
8.186
8.295
8.456
8.644
8.719
8.621
8.367
7.902
7.131
6.115
5.045
4.023
3.01
1.969
1.202
0.871
0.721
0.591
0.65
0.945
1.263
1.479
1.563
1.613
1.533
1.082
0.272
-0.612
-1.36
-1.921
-2.302
-2.483
-2.443
-2.195
-1.715
-0.936
-0.045
0.68
1.181
1.479
1.703
1.876
1.818
1.578
1.392
1.204
0.984
0.921
1.102
1.356
1.642
2.084
2.769
3.59
4.285
4.826
5.41
6.062
6.514
6.734
6.821
6.682
6.458
6.347
6.394
6.505
6.651
6.874
7.262
7.762
8.229
8.714
9.234
9.645
9.878
9.993
9.989
9.882
9.776
9.721
9.685
9.608
9.535
9.526
9.426
9.239
9.198
9.393
9.692
9.891
9.876
9.631
9.248
8.989
8.991
9.073
9.093
9.222
9.484
9.726
9.964
10.145
10.239
10.346
10.377
10.141
9.674
9.168
8.723
8.315
7.998
7.887
7.839
7.767
7.898
8.356
8.875
9.345
9.871
10.386
10.756
10.817
10.556
10.125
9.599
9.05
8.61
8.256
8.032
8.136
8.508
9.05
9.613
10.075
10.56
11.178
11.82
12.428
12.907
13.133
13.278
13.188
12.622
11.906
11.362
10.944
10.824
11.149
11.649
12.247
12.925
13.831
15.183
16.658
17.835
18.813
19.598
19.99
20.113
19.877
19.248
18.606
18.007
17.204
16.429
15.905
15.578
15.535
15.889
16.807
18.13
19.364
20.408
21.465
22.31
22.712
22.662
22.145
21.381
20.53
19.496
18.32
17.415
17.012
17.005
17.209
17.517
17.951
18.507
19.214
19.938
20.401
20.382
19.929
19.301
18.573
17.552
16.267
15.215
14.582
14.161
13.889
13.871
14.163
14.723
15.406
16.064
16.597
16.807
16.593
16.106
15.449
14.601
13.821
13.448
13.301
13.133
13.158
13.539
13.956
14.179
14.508
14.97
15.186
15.224
15.334
15.259
14.861
14.549
14.473
14.389
14.219
14.147
14.143
14.049
13.965
14.117
14.442
14.732
14.991
15.281
15.63
15.955
16.106
15.984
15.723
15.496
15.433
15.384
15.206
14.927
14.564
14.195
13.941
13.821
13.941
14.429
15.12
15.755
16.334
16.862
17.295
17.579
17.713
17.686
17.445
17.091
16.722
16.334
15.884
15.496
15.315
15.354
15.531
15.852
16.307
16.837
17.364
17.831
18.235
18.568
18.91
19.239
19.418
19.334
19.062
18.808
18.663
18.561
18.436
18.411
18.486
18.543
18.717
19.071
19.477
19.922
20.405
20.859
21.208
21.324
21.088
20.695
20.435
20.212
19.811
19.412
19.255
19.264
19.264
19.264
19.441
19.779
20.072
20.288
20.533
20.58
20.31
19.954
19.67
19.482
19.214
18.699
18.057
17.459
16.883
16.422
16.161
16
15.928
15.819
15.574
15.356
15.317
15.285
15.066
14.696
14.274
13.789
13.272
12.992
13.045
13.117
13.11
13.235
13.466
13.617
13.612
13.437
13.101
12.829
12.756
12.743
12.679
12.607
12.607
12.682
12.87
13.17
13.469
13.784
14.12
14.36
14.491
14.544
14.442
14.143
13.802
13.582
13.621
13.839
14.102
14.471
14.947
15.397
15.665
15.823
16.03
16.277
16.365
16.168
15.785
15.408
15.125
14.934
14.887
14.902
14.934
15.116
15.426
15.615
15.647
15.576
15.334
14.952
14.462
13.893
13.287
12.72
12.247
11.901
11.704
11.582
11.602
11.76
12.035
12.358
12.532
12.537
12.525
12.52
12.437
12.353
12.235
12.04
11.836
11.62
11.357
11.1
10.833
10.502
10.177
9.921
9.783
9.654
9.413
9.102
8.878
8.719
8.392
7.823
7.238
6.759
6.298
6.011
5.988
5.901
5.625
5.421
5.3
5.04
4.645
4.282
4.049
3.804
3.497
3.354
3.416
3.384
3.219
3.064
3.003
2.975
2.846
2.536
2.184
1.941
1.855
1.899
1.908
1.73
1.379
0.873
0.283
-0.188
-0.526
-0.984
-1.533
-1.914
-2.157
-2.345
-2.504
-2.465
-2.177
-1.837
-1.592
-1.408
-1.297
-1.433
-1.707
-1.848
-1.837
-1.818
-1.783
-1.674
-1.605
-1.692
-1.961
-2.305
-2.69
-3.153
-3.62
-3.949
-4.142
-4.241
-4.225
-4.137
-4.046
-4.028
-4.119
-4.246
-4.373
-4.491
-4.581
-4.586
-4.595
-4.634
-4.715
-4.89
-5.106
-5.241
-5.328
-5.396
-5.375
-5.246
-5.022
-4.715
-4.38
-4.119
-3.974
-4.005
-4.266
-4.58
-4.752
-4.835
-4.946
-4.978
-4.942
-4.955
-4.965
-4.954
-5.08
-5.255
-5.267
-5.142
-4.987
-4.884
-4.793
-4.668
-4.511
-4.241
-3.808
-3.352
-3.053
-2.885
-2.792
-2.869
-3.155
-3.536
-3.806
-3.888
-3.921
-4.121
-4.429
-4.804
-5.282
-5.799
-6.181
-6.406
-6.539
-6.628
-6.637
-6.557
-6.53
-6.605
-6.732
-6.918
-7.19
-7.485
-7.78
-8.141
-8.56
-8.889
-9.079
-9.239
-9.352
-9.275
-9.059
-8.944
-8.973
-9
-8.959
-8.962
-9.079
-9.163
-9.061
-8.891
-8.853
-8.994
-9.293
-9.792
-10.39
-10.822
-10.874
-10.752
-10.792
-11.085
-11.473
-11.824
-12.085
-12.194
-12.046
-11.611
-10.974
-10.255
-9.699
-9.513
-9.517
-9.424
-9.17
-8.816
-8.463
-8.322
-8.608
-9.19
-9.744
-10.116
-10.293
-10.27
-10.057
-9.703
-9.342
-9.037
-8.66
-8.204
-7.762
-7.206
-6.589
-6.192
-6.006
-5.84
-5.679
-5.629
-5.656
-5.688
-5.754
-5.927
-6.151
-6.201
-6.015
-5.641
-5.089
-4.362
-3.629
-2.948
-2.279
-1.687
-1.286
-0.977
-0.589
-0.197
0.031
0.165
0.299
0.342
0.172
-0.059
-0.004
0.424
1.061
1.683
2.091
2.32
2.481
2.601
2.658
2.629
2.615
2.803
3.179
3.468
3.556
3.731
4.155
4.718
5.249
5.602
5.666
5.544
5.475
5.562
5.664
5.677
5.591
5.503
5.425
5.271
5.112
4.924
4.677
4.478
4.414
4.362
4.21
4.049
3.921
3.84
3.903
4.139
4.414
4.561
4.543
4.452
4.286
3.933
3.298
2.518
1.853
1.35
0.948
0.653
0.453
0.308
0.142
0.025
0.009
-0.142
-0.526
-0.855
-1.025
-1.179
-1.288
-1.35
-1.47
-1.533
-1.494
-1.549
-1.689
-1.776
-1.848
-2
-2.232
-2.559
-2.928
-3.248
-3.482
-3.474
-3.198
-2.957
-2.901
-2.953
-3.13
-3.407
-3.515
-3.454
-3.463
-3.617
-3.867
-4.18
-4.57
-4.946
-5.049
-4.897
-4.77
-4.759
-4.824
-4.935
-4.945
-4.806
-4.611
-4.344
-4.031
-3.772
-3.679
-3.778
-4.026
-4.364
-4.688
-4.913
-5.147
-5.625
-6.283
-6.707
-6.571
-6.072
-5.616
-5.312
-5.148
-5.126
-5.153
-5.169
-5.187
-5.262
-5.41
-5.548
-5.666
-5.754
-5.82
-5.822
-5.697
-5.457
-5.305
-5.464
-5.839
-6.115
-6.085
-5.745
-5.344
-5.21
-5.384
-5.716
-5.974
-5.95
-5.725
-5.577
-5.62
-5.736
-5.763
-5.664
-5.484
-5.185
-4.817
-4.548
-4.434
-4.488
-4.7
-4.908
-4.963
-4.89
-4.913
-5.205
-5.732
-6.347
-6.914
-7.274
-7.262
-6.9
-6.487
-6.283
-6.224
-6.081
-5.793
-5.439
-5.076
-4.797
-4.797
-5.076
-5.439
-5.827
-6.249
-6.58
-6.847
-7.215
-7.639
-8
-8.297
-8.499
-8.535
-8.347
-8.109
-8.016
-7.981
-7.758
-7.285
-6.73
-6.369
-6.417
-6.9
-7.789
-8.871
-9.753
-10.23
-10.463
-10.604
-10.627
-10.509
-10.268
-9.803
-9.17
-8.497
-7.828
-7.258
-6.975
-7.099
-7.499
-7.963
-8.418
-8.81
-9.209
-9.753
-10.366
-10.849
-11.03
-10.854
-10.472
-10.039
-9.525
-8.889
-8.27
-7.714
-7.183
-6.777
-6.602
-6.641
-6.868
-7.197
-7.566
-7.916
-8.138
-8.266
-8.331
-8.279
-8.138
-8.027
-7.923
-7.686
-7.329
-7.07
-7.095
-7.274
-7.306
-7.124
-6.829
-6.614
-6.646
-6.895
-7.244
-7.585
-7.793
-7.791
-7.653
-7.396
-7.034
-6.648
-6.406
-6.423
-6.709
-7.131
-7.671
-8.383
-9.066
-9.513
-9.706
-9.817
-9.858
-9.758
-9.631
-9.642
-9.739
-9.712
-9.485
-9.24
-9.143
-9.245
-9.409
-9.383
-9.22
-9.284
-9.706
-10.291
-10.774
-11.121
-11.436
-11.713
-11.858
-11.856
-11.792
-11.769
-11.79
-11.822
-11.806
-11.8
-11.901
-12.044
-12.019
-11.899
-11.961
-12.212
-12.448
-12.555
-12.568
-12.519
-12.48
-12.452
-12.367
-12.076
-11.695
-11.595
-11.921
-12.348
-12.679
-13.006
-13.405
-13.893
-14.438
-14.882
-15.08
-15.07
-14.884
-14.508
-13.961
-13.317
-12.765
-12.473
-12.364
-12.403
-12.498
-12.507
-12.38
-12.26
-12.378
-12.813
-13.337
-13.632
-13.553
-13.179
-12.711
-12.289
-11.981
-11.809
-11.733
-11.698
-11.666
-11.625
-11.595
-11.722
-12.073
-12.491
-12.791
-12.902
-12.777
-12.543
-12.312
-12.069
-11.736
-11.251
-10.606
-9.91
-9.216
-8.673
-8.508
-8.846
-9.508
-10.227
-10.837
-11.318
-11.729
-12.06
-12.178
-11.958
-11.466
-10.865
-10.291
-9.806
-9.44
-9.216
-9.087
-9.084
-9.189
-9.254
-9.336
-9.595
-9.946
-10.256
-10.472
-10.588
-10.597
-10.425
-10.062
-9.717
-9.628
-9.663
-9.633
-9.608
-9.631
-9.628
-9.717
-9.935
-10.125
-10.121
-10.01
-10.053
-10.341
-10.64
-10.756
-10.835
-10.974
-10.967
-10.744
-10.484
-10.366
-10.449
-10.588
-10.667
-10.849
-11.114
-11.257
-11.237
-11.182
-11.164
-11.214
-11.243
-11.132
-10.919
-10.724
-10.658
-10.735
-10.81
-10.738
-10.577
-10.5
-10.568
-10.649
-10.672
-10.845
-11.343
-11.958
-12.291
-12.247
-12.085
-12.015
-11.912
-11.769
-11.698
-11.686
-11.568
-11.22
-10.833
-10.624
-10.572
-10.601
-10.715
-10.921
-11.167
-11.368
-11.607
-11.999
-12.378
-12.516
-12.452
-12.251
-11.949
-11.617
-11.323
-11.169
-11.16
-11.108
-11.017
-11.06
-11.278
-11.555
-11.779
-11.938
-12.124
-12.371
-12.51
-12.419
-12.083
-11.667
-11.343
-11.051
-10.679
-10.327
-10.043
-9.83
-9.81
-10.071
-10.434
-10.694
-10.942
-11.35
-11.76
-11.906
-11.876
-11.885
-11.836
-11.559
-11.216
-10.944
-10.688
-10.443
-10.334
-10.372
-10.47
-10.565
-10.72
-11.048
-11.475
-11.856
-12.178
-12.362
-12.3
-12.092
-11.892
-11.777
-11.756
-11.813
-11.838
-11.76
-11.629
-11.484
-11.394
-11.421
-11.586
-11.944
-12.391
-12.693
-12.827
-12.952
-13.072
-13.036
-12.925
-12.913
-12.902
-12.754
-12.595
-12.566
-12.654
-12.897
-13.264
-13.646
-13.945
-14.072
-14.067
-14.093
-14.063
-13.852
-13.567
-13.308
-13.108
-12.943
-12.627
-12.144
-11.777
-11.609
-11.493
-11.395
-11.443
-11.638
-11.824
-11.885
-11.888
-11.906
-11.838
-11.661
-11.525
-11.466
-11.343
-11.112
-10.924
-10.814
-10.681
-10.556
-10.522
-10.642
-10.863
-11.08
-11.21
-11.187
-11.024
-10.734
-10.346
-9.919
-9.474
-8.912
-8.234
-7.58
-7.127
-7.007
-7.16
-7.455
-7.855
-8.404
-9.009
-9.508
-9.931
-10.463
-11.06
-11.493
-11.564
-11.219
-10.527
-9.654
-8.742
-7.869
-7.151
-6.718
-6.555
-6.602
-6.777
-7.026
-7.374
-7.87
-8.51
-9.152
-9.606
-9.821
-9.978
-10.166
-10.268
-10.139
-9.748
-9.222
-8.723
-8.347
-8.133
-8.104
-8.249
-8.588
-9.128
-9.78
-10.368
-10.779
-11.028
-11.257
-11.505
-11.555
-11.327
-10.983
-10.604
-10.234
-10.019
-9.951
-9.899
-9.81
-9.788
-9.858
-10.014
-10.275
-10.572
-10.863
-11.228
-11.62
-11.888
-11.906
-11.716
-11.538
-11.495
-11.568
-11.684
-11.772
-11.804
-11.815
-11.908
-12.131
-12.341
-12.501
-12.675
-12.834
-12.867
-12.72
-12.43
-12.119
-11.872
-11.663
-11.459
-11.273
-11.119
-11.01
-10.863
-10.642
-10.449
-10.452
-10.595
-10.722
-10.781
-10.845
-10.908
-10.935
-10.886
-10.74
-10.536
-10.457
-10.497
-10.488
-10.463
-10.472
-10.361
-10.091
-9.867
-9.73
-9.547
-9.309
-9.055
-8.728
-8.302
-7.798
-7.283
-6.829
-6.553
-6.528
-6.591
-6.544
-6.342
-6.07
-5.772
-5.591
-5.636
-5.763
-5.696
-5.451
-5.235
-5.115
-5.069
-5.142
-5.31
-5.489
-5.67
-5.813
-5.808
-5.716
-5.754
-5.965
-6.156
-6.165
-5.965
-5.495
-4.79
-4.041
-3.483
-3.166
-3.023
-3.046
-3.17
-3.219
-3.166
-3.257
-3.533
-3.751
-3.76
-3.717
-3.679
-3.563
-3.393
-3.257
-3.127
-3.001
-3.005
-3.243
-3.572
-3.778
-3.958
-4.344
-4.885
-5.407
-5.807
-6.052
-6.149
-6.103
-5.947
-5.714
-5.332
-4.733
-3.974
-3.184
-2.467
-1.952
-1.735
-1.818
-2.189
-2.776
-3.465
-4.112
-4.584
-4.835
-5.001
-5.212
-5.407
-5.392
-5.107
-4.759
-4.549
-4.457
-4.402
-4.336
-4.244
-4.178
-4.3
-4.672
-5.092
-5.434
-5.736
-5.979
-5.938
-5.498
-4.826
-4.137
-3.527
-3.007
-2.536
-2.118
-1.787
-1.502
-1.331
-1.452
-1.844
-2.279
-2.545
-2.642
-2.674
-2.626
-2.563
-2.644
-2.823
-2.823
-2.572
-2.202
-1.948
-1.914
-2.039
-2.213
-2.384
-2.536
-2.595
-2.474
-2.232
-1.966
-1.674
-1.354
-0.959
-0.392
0.281
0.871
1.272
1.499
1.599
1.671
1.776
1.887
1.882
1.622
1.088
0.474
0.027
-0.181
-0.224
-0.235
-0.304
-0.392
-0.408
-0.354
-0.217
-0.038
0.132
0.226
0.197
0.111
0.065
0.138
0.372
0.7
0.982
1.19
1.412
1.733
2.132
2.56
2.955
3.216
3.269
3.005
2.44
1.728
1.029
0.401
-0.19
-0.755
-1.259
-1.578
-1.633
-1.524
-1.324
-1.046
-0.734
-0.487
-0.383
-0.528
-0.823
-1.029
-1.106
-1.22
-1.479
-1.776
-1.996
-2.014
-1.737
-1.198
-0.507
0.313
1.184
1.908
2.44
2.822
3.064
3.193
3.191
3.003
2.547
1.894
1.286
0.866
0.649
0.56
0.65
0.95
1.35
1.78
2.325
2.965
3.563
3.976
4.121
4
3.693
3.361
3.053
2.781
2.574
2.388
2.286
2.438
2.863
3.511
4.264
4.884
5.38
5.892
6.387
6.791
6.995
6.891
6.514
5.877
4.972
3.947
2.914
1.943
1.35
1.297
1.453
1.687
2.159
2.885
3.831
4.863
5.677
6.138
6.278
6.097
5.611
4.847
3.983
3.252
2.74
2.422
2.302
2.189
2.1
2.381
3.096
4.008
4.999
5.915
6.428
6.566
6.464
6.065
5.314
4.353
3.371
2.51
1.778
1.125
0.562
0.106
-0.19
-0.165
0.437
1.604
2.996
4.348
5.521
6.43
7.004
7.26
7.209
6.861
6.235
5.285
4.169
3.057
2.055
1.35
1.163
1.497
2.286
3.486
4.954
6.505
7.902
8.977
9.633
9.753
9.24
8.093
6.419
4.459
2.665
1.138
-0.211
-1
-0.65
0.757
2.755
5.083
7.505
9.69
11.407
12.616
13.174
12.879
11.921
10.688
9.184
7.24
5.058
3.178
2.122
2.173
3.207
5.053
7.514
10.207
12.666
14.562
15.796
16.483
16.62
16.009
14.662
12.899
10.989
9.213
7.92
7.265
7.279
8.124
9.774
11.865
14.093
16.377
18.554
20.35
21.485
21.746
21.226
20.262
19.038
17.57
16.025
14.773
13.991
13.673
13.933
14.941
16.663
18.872
21.24
23.356
24.889
25.808
26.232
26.146
25.409
24.13
22.574
20.927
19.255
17.726
16.694
16.497
17.175
18.427
19.856
21.31
22.692
23.903
24.874
25.457
25.495
24.976
23.894
22.371
20.694
19.108
17.806
16.907
16.433
16.349
16.542
16.987
17.744
18.754
19.781
20.578
20.979
20.809
19.863
18.144
16.004
13.913
12.013
10.314
8.905
7.875
7.356
7.481
8.074
8.834
9.697
10.6
11.298
11.588
11.497
11.144
10.481
9.42
8.012
6.389
4.554
2.533
0.64
-0.882
-1.917
-2.397
-2.274
-1.735
-1.075
-0.267
0.841
2.068
3.023
3.445
3.284
2.699
1.839
0.751
-0.489
-1.719
-2.835
-3.756
-4.396
-4.589
-4.232
-3.436
-2.325
-0.907
0.721
2.245
3.5
4.468
4.978
4.951
4.618
4.137
3.422
2.483
1.581
1.087
1.034
1.283
1.827
2.651
3.663
4.858
6.29
7.807
9.139
10.246
11.108
11.622
11.777
11.523
10.881
10.08
9.32
8.681
8.197
7.905
7.805
7.932
8.374
9.136
10.043
10.84
11.495
12.105
12.636
13.099
13.532
13.657
13.106
12.289
11.779
11.298
10.427
9.656
9.347
9.119
8.941
9.186
9.613
9.703
9.697
10.051
10.431
10.337
10.145
10.186
9.989
9.438
8.973
8.58
7.952
7.188
6.575
6.201
5.97
5.922
6.185
6.709
7.315
7.934
8.447
8.742
8.789
8.631
8.474
8.458
8.315
8.054
7.841
7.539
7.147
6.847
6.628
6.605
6.888
7.21
7.594
8.208
8.713
9.061
9.572
10.195
10.724
11.202
11.564
11.707
11.763
11.609
11.332
11.28
11.425
11.527
11.649
11.749
11.827
12.094
12.412
12.641
13.06
13.748
14.369
14.859
15.232
15.413
15.496
15.61
15.86
16.143
16.252
16.243
16.377
16.504
16.481
16.46
16.508
16.81
17.397
17.865
17.996
18.048
18.164
18.341
18.6
18.927
19.275
19.541
19.62
19.564
19.4
19.053
18.654
18.366
18.162
17.955
17.722
17.548
17.575
17.742
17.963
18.248
18.454
18.486
18.427
18.217
17.717
17.039
16.32
15.63
15.247
15.192
15.089
14.832
14.639
14.585
14.605
14.696
14.955
15.347
15.562
15.458
15.334
15.263
14.938
14.356
13.807
13.34
12.981
12.876
12.927
13.028
13.29
13.714
14.14
14.587
15.07
15.281
15.043
14.764
14.745
14.723
14.553
14.471
14.417
14.267
14.201
14.217
14.125
13.982
13.907
13.95
14.201
14.523
14.703
14.839
15.009
15.093
15.02
14.861
14.671
14.458
14.267
14.19
14.36
14.616
14.748
14.909
15.294
15.537
15.356
15.072
14.993
15.007
15.057
15.206
15.268
15.068
14.759
14.582
14.653
14.986
15.481
15.907
16.155
16.381
16.733
17.16
17.516
17.715
17.72
17.59
17.495
17.566
17.663
17.599
17.405
17.436
17.756
18.094
18.332
18.44
18.384
18.346
18.466
18.702
18.958
19.069
18.933
18.706
18.563
18.404
18.112
17.774
17.636
17.749
17.833
17.692
17.499
17.461
17.601
17.878
18.123
18.217
18.273
18.37
18.373
18.191
17.831
17.397
17.026
16.753
16.611
16.497
16.146
15.578
15.154
15.02
15.052
15.145
15.113
14.873
14.714
14.757
14.748
14.651
14.553
14.449
14.313
14.102
13.825
13.498
13.126
12.902
13.031
13.346
13.612
13.768
13.848
13.904
13.979
14.032
13.986
13.843
13.657
13.474
13.317
13.031
12.843
12.847
12.711
12.498
12.446
12.419
12.337
12.618
13.121
13.514
13.854
14.156
14.433
14.68
14.816
14.803
14.73
14.526
14.249
14.088
13.97
13.877
13.9
13.991
14.04
13.911
13.503
13.129
12.974
12.908
13.06
13.328
13.433
13.403
13.313
13.226
13.393
13.632
13.546
13.358
13.162
12.84
12.566
12.452
12.362
12.407
12.493
12.487
12.502
12.461
12.353
12.405
12.55
12.577
12.555
12.434
12.157
11.865
11.536
11.155
10.792
10.352
9.841
9.359
8.842
8.34
7.991
7.677
7.356
7.195
7.088
7.066
7.29
7.624
7.875
8.061
7.948
7.426
6.85
6.342
5.866
5.532
5.262
4.954
4.67
4.346
4.021
3.783
3.617
3.579
3.688
3.751
3.719
3.597
3.359
3.17
2.948
2.407
1.631
0.802
-0.088
-0.789
-1.154
-1.456
-1.757
-1.88
-1.739
-1.452
-1.147
-0.909
-0.576
-0.211
0.013
0.203
0.304
0.181
-0.091
-0.465
-0.909
-1.342
-1.846
-2.533
-3.188
-3.606
-3.699
-3.506
-3.266
-3.184
-3.144
-3.127
-3.168
-3.121
-3.028
-3.019
-3.103
-3.193
-3.216
-3.205
-3.393
-3.704
-3.783
-3.704
-3.727
-3.876
-4.128
-4.316
-4.268
-4.157
-4.055
-3.867
-3.64
-3.395
-3.114
-2.987
-3.077
-3.205
-3.318
-3.506
-3.733
-3.867
-3.901
-3.999
-4.239
-4.438
-4.502
-4.531
-4.47
-4.196
-3.862
-3.602
-3.322
-3.035
-2.855
-2.844
-3.007
-3.243
-3.463
-3.736
-4.021
-4.289
-4.568
-4.701
-4.559
-4.264
-3.938
-3.604
-3.307
-3.057
-2.864
-2.683
-2.54
-2.642
-2.965
-3.359
-3.795
-4.266
-4.754
-5.308
-5.879
-6.412
-6.993
-7.56
-7.918
-8.013
-7.839
-7.367
-6.757
-6.228
-5.922
-5.906
-6.151
-6.569
-7.192
-7.902
-8.538
-9.055
-9.429
-9.776
-10.1
-10.255
-10.291
-10.337
-10.334
-10.261
-10.157
-9.928
-9.576
-9.234
-8.987
-8.844
-8.857
-9.047
-9.374
-9.817
-10.372
-11.026
-11.616
-12.031
-12.344
-12.621
-12.784
-12.764
-12.559
-12.18
-11.733
-11.219
-10.591
-9.808
-8.98
-8.217
-7.592
-7.186
-7.045
-7.09
-7.276
-7.496
-7.566
-7.464
-7.283
-7.057
-6.825
-6.696
-6.605
-6.342
-5.872
-5.262
-4.665
-4.262
-4.058
-3.976
-4.014
-4.099
-4.055
-3.797
-3.465
-3.275
-3.248
-3.179
-3.03
-2.794
-2.309
-1.605
-0.903
-0.322
0.081
0.238
0.193
0.042
0.009
0.256
0.585
0.764
0.816
0.853
0.993
1.245
1.544
1.923
2.402
2.869
3.184
3.339
3.3
3.067
2.721
2.452
2.352
2.288
2.232
2.311
2.595
3.044
3.631
4.196
4.536
4.688
4.811
4.983
5.112
5.074
4.987
4.904
4.736
4.536
4.429
4.375
4.294
4.183
4.037
3.851
3.715
3.731
3.819
3.858
3.804
3.71
3.541
3.26
2.989
2.873
2.93
3.007
2.992
2.894
2.733
2.595
2.61
2.711
2.744
2.572
2.171
1.733
1.431
1.202
1.043
0.93
0.716
0.304
-0.19
-0.626
-0.923
-0.971
-0.792
-0.678
-0.934
-1.438
-1.894
-2.309
-2.769
-3.168
-3.295
-3.248
-3.302
-3.55
-3.826
-4.06
-4.189
-4.143
-4.06
-4.069
-4.078
-4.003
-3.901
-3.795
-3.728
-3.667
-3.652
-3.74
-3.885
-4.019
-4.23
-4.484
-4.598
-4.602
-4.697
-4.899
-5.178
-5.493
-5.656
-5.58
-5.25
-4.722
-4.289
-4.082
-3.889
-3.686
-3.615
-3.69
-3.849
-4.031
-4.162
-4.255
-4.418
-4.611
-4.718
-4.727
-4.674
-4.645
-4.733
-4.843
-4.833
-4.661
-4.344
-3.889
-3.538
-3.443
-3.561
-3.938
-4.443
-4.844
-5.165
-5.5
-5.909
-6.439
-6.905
-7.093
-7.174
-7.201
-7.038
-6.62
-6.015
-5.398
-5.058
-5.015
-5.013
-4.849
-4.554
-4.335
-4.427
-4.761
-5.126
-5.294
-5.133
-4.788
-4.482
-4.248
-4.09
-4.032
-4.04
-4.133
-4.25
-4.275
-4.336
-4.563
-4.89
-5.33
-5.834
-6.169
-6.233
-6.097
-5.931
-5.852
-5.799
-5.661
-5.38
-4.799
-4.099
-3.666
-3.504
-3.474
-3.62
-3.894
-4.201
-4.59
-5.036
-5.414
-5.729
-6.029
-6.263
-6.315
-6.174
-5.995
-5.915
-5.936
-6.022
-6.106
-6.135
-6.144
-6.117
-6.153
-6.491
-7.168
-7.959
-8.571
-8.875
-8.957
-8.907
-8.703
-8.331
-7.893
-7.422
-6.959
-6.575
-6.374
-6.401
-6.637
-6.986
-7.46
-8.016
-8.479
-8.793
-9.128
-9.49
-9.697
-9.667
-9.435
-8.944
-8.231
-7.61
-7.274
-7.099
-6.963
-6.941
-7.063
-7.251
-7.534
-8.073
-8.737
-9.293
-9.649
-9.703
-9.467
-9.059
-8.57
-8.086
-7.721
-7.419
-7.138
-6.868
-6.651
-6.673
-7.04
-7.626
-8.392
-9.259
-9.882
-10.016
-9.715
-9.261
-8.932
-8.703
-8.386
-7.966
-7.583
-7.306
-7.122
-7.145
-7.392
-7.686
-7.963
-8.406
-9.055
-9.676
-10.091
-10.297
-10.277
-9.978
-9.592
-9.393
-9.291
-9.123
-8.918
-8.76
-8.701
-8.889
-9.409
-10.084
-10.676
-11.15
-11.584
-11.733
-11.441
-11.114
-11.132
-11.252
-11.234
-11.169
-11.03
-10.67
-10.141
-9.84
-10.1
-10.711
-11.384
-12.194
-13.015
-13.483
-13.609
-13.719
-13.92
-13.911
-13.518
-12.899
-12.237
-11.588
-11.053
-10.849
-11.035
-11.441
-11.867
-12.14
-12.256
-12.403
-12.663
-12.934
-13.115
-13.138
-13.008
-12.793
-12.505
-12.216
-11.949
-11.727
-11.591
-11.515
-11.448
-11.427
-11.561
-11.924
-12.432
-12.881
-13.167
-13.38
-13.594
-13.719
-13.641
-13.469
-13.226
-12.765
-12.189
-11.707
-11.28
-10.86
-10.556
-10.422
-10.39
-10.42
-10.633
-11.055
-11.634
-12.235
-12.736
-12.999
-13.01
-12.82
-12.543
-12.174
-11.652
-11.044
-10.395
-9.633
-8.918
-8.574
-8.626
-8.846
-9.195
-9.706
-10.234
-10.529
-10.638
-10.819
-11.164
-11.425
-11.384
-11.091
-10.572
-9.769
-8.955
-8.465
-8.333
-8.311
-8.252
-8.247
-8.374
-8.571
-8.871
-9.434
-10.275
-11.16
-11.759
-11.908
-11.631
-11.067
-10.463
-9.973
-9.563
-9.209
-8.936
-8.714
-8.521
-8.474
-8.623
-8.862
-9.07
-9.329
-9.685
-10.019
-10.264
-10.452
-10.56
-10.518
-10.32
-9.969
-9.569
-9.218
-8.903
-8.69
-8.713
-8.964
-9.324
-9.678
-10.055
-10.484
-10.785
-10.855
-10.767
-10.581
-10.282
-9.885
-9.47
-9.154
-8.946
-8.805
-8.705
-8.821
-9.304
-10.037
-10.783
-11.461
-12.135
-12.727
-13.09
-13.253
-13.317
-13.21
-12.852
-12.264
-11.62
-11.089
-10.658
-10.25
-9.946
-9.855
-9.919
-10.075
-10.341
-10.622
-10.887
-11.22
-11.652
-12.131
-12.548
-12.786
-12.813
-12.695
-12.482
-12.282
-12.146
-12.044
-12.001
-12.006
-11.931
-11.813
-11.788
-11.838
-11.897
-11.974
-12.105
-12.335
-12.568
-12.568
-12.362
-12.353
-12.645
-12.866
-12.784
-12.53
-12.23
-11.924
-11.713
-11.625
-11.477
-11.243
-11.191
-11.416
-11.672
-11.774
-11.867
-12.055
-12.215
-12.257
-12.206
-11.999
-11.566
-11.087
-10.77
-10.574
-10.379
-10.255
-10.372
-10.685
-10.96
-11.207
-11.441
-11.536
-11.534
-11.695
-12.063
-12.428
-12.653
-12.782
-12.738
-12.491
-12.215
-11.906
-11.436
-10.869
-10.449
-10.268
-10.168
-10.075
-10.064
-10.144
-10.332
-10.622
-11.021
-11.495
-11.942
-12.235
-12.389
-12.561
-12.761
-12.92
-13.01
-13.013
-12.913
-12.756
-12.609
-12.622
-12.829
-13.126
-13.358
-13.507
-13.567
-13.425
-13.027
-12.47
-11.958
-11.586
-11.196
-10.595
-9.931
-9.474
-9.19
-8.957
-8.869
-9.05
-9.397
-9.771
-10.232
-10.767
-11.211
-11.497
-11.677
-11.72
-11.561
-11.334
-11.108
-10.817
-10.466
-10.066
-9.692
-9.444
-9.434
-9.59
-9.672
-9.622
-9.601
-9.636
-9.596
-9.463
-9.322
-9.211
-9.032
-8.728
-8.454
-8.317
-8.217
-8.173
-8.32
-8.619
-8.932
-9.189
-9.42
-9.678
-9.891
-10.016
-10.075
-10.08
-10.021
-9.987
-9.962
-9.797
-9.513
-9.286
-9.177
-9.096
-8.994
-8.895
-8.821
-8.83
-8.976
-9.22
-9.413
-9.472
-9.443
-9.338
-9.209
-9.107
-8.918
-8.603
-8.383
-8.474
-8.821
-9.207
-9.534
-9.855
-10.105
-10.248
-10.42
-10.609
-10.713
-10.813
-10.971
-11.141
-11.334
-11.502
-11.509
-11.407
-11.301
-11.22
-11.155
-11.119
-11.126
-11.153
-11.135
-11.062
-11.006
-11.035
-11.191
-11.475
-11.76
-11.935
-12.085
-12.339
-12.591
-12.636
-12.455
-12.198
-11.997
-11.867
-11.745
-11.561
-11.436
-11.529
-11.851
-12.21
-12.563
-12.934
-13.244
-13.43
-13.507
-13.46
-13.199
-12.727
-12.187
-11.602
-10.86
-10.089
-9.549
-9.286
-9.181
-9.198
-9.379
-9.69
-10.01
-10.291
-10.486
-10.488
-10.252
-9.878
-9.497
-9.064
-8.565
-8.208
-8.093
-8
-7.884
-7.834
-7.887
-8.034
-8.258
-8.492
-8.655
-8.699
-8.558
-8.174
-7.539
-6.838
-6.196
-5.605
-5.08
-4.683
-4.384
-4.212
-4.173
-4.094
-3.951
-3.947
-4.119
-4.237
-4.277
-4.405
-4.602
-4.706
-4.72
-4.729
-4.697
-4.616
-4.539
-4.377
-4.085
-3.856
-3.828
-3.889
-3.876
-3.842
-3.869
-4
-4.214
-4.371
-4.368
-4.216
-4.072
-4.067
-4.114
-4.092
-4.037
-3.947
-3.742
-3.438
-3.196
-3.123
-3.205
-3.309
-3.393
-3.463
-3.545
-3.731
-4.082
-4.423
-4.636
-4.867
-5.189
-5.484
-5.641
-5.697
-5.779
-5.927
-6.122
-6.337
-6.446
-6.392
-6.278
-6.174
-6.013
-5.818
-5.656
-5.53
-5.364
-5.16
-4.865
-4.511
-4.25
-4.175
-4.169
-4.137
-4.142
-4.203
-4.244
-4.294
-4.437
-4.552
-4.561
-4.566
-4.566
-4.487
-4.441
-4.536
-4.668
-4.661
-4.54
-4.511
-4.581
-4.616
-4.525
-4.321
-4.139
-4.046
-3.991
-3.958
-3.899
-3.763
-3.574
-3.27
-2.813
-2.297
-1.737
-1.161
-0.694
-0.331
0.031
0.383
0.609
0.626
0.46
0.095
-0.351
-0.737
-0.964
-0.982
-0.857
-0.635
-0.396
-0.211
-0.016
0.29
0.64
0.962
1.238
1.397
1.34
1.036
0.608
0.308
0.244
0.396
0.707
1.027
1.272
1.494
1.735
2.055
2.399
2.586
2.568
2.42
2.245
2.139
2.028
1.765
1.329
0.775
0.24
-0.163
-0.406
-0.503
-0.485
-0.36
-0.149
0.065
0.211
0.372
0.609
0.828
0.932
0.909
0.691
0.183
-0.51
-1.129
-1.49
-1.649
-1.744
-1.873
-1.914
-1.726
-1.297
-0.728
-0.176
0.22
0.408
0.428
0.238
-0.226
-0.837
-1.403
-1.921
-2.479
-3.077
-3.676
-4.142
-4.259
-3.926
-3.269
-2.486
-1.635
-0.703
0.244
1.118
1.891
2.486
2.79
2.753
2.395
1.846
1.318
0.95
0.707
0.623
0.725
0.934
1.319
1.932
2.572
3.137
3.658
3.991
4.119
4.201
4.273
4.232
3.994
3.584
3.146
2.803
2.54
2.323
2.191
2.274
2.658
3.282
3.974
4.688
5.43
6.115
6.727
7.209
7.362
7.031
6.423
5.87
5.425
4.967
4.549
4.341
4.277
4.18
4.012
3.976
4.239
4.661
4.958
5.001
4.815
4.518
4.18
3.67
2.989
2.332
1.832
1.583
1.628
1.844
2.162
2.721
3.529
4.393
5.024
5.312
5.43
5.491
5.416
5.167
4.795
4.295
3.666
2.796
1.757
0.898
0.401
0.276
0.594
1.179
1.719
2.202
2.679
3.035
3.275
3.504
3.745
3.935
4.012
3.874
3.436
2.676
1.766
0.918
0.265
-0.077
0.1
0.796
1.848
3.161
4.713
6.369
7.839
8.833
9.279
9.181
8.567
7.499
6.108
4.522
2.88
1.494
0.492
-0.29
-0.707
-0.208
1.202
3.039
5.174
7.635
9.996
11.64
12.38
12.239
11.23
9.511
7.428
5.341
3.515
2.22
1.669
1.818
2.644
4.244
6.356
8.601
10.919
13.208
15.08
16.34
16.903
16.579
15.344
13.509
11.45
9.529
7.981
6.936
6.553
7.066
8.422
10.239
12.203
14.21
16.214
17.963
19.105
19.629
19.659
19.056
17.954
16.737
15.547
14.333
13.396
13.099
13.483
14.453
15.887
17.669
19.704
21.757
23.513
24.777
25.416
25.37
24.742
23.662
22.351
20.997
19.681
18.466
17.722
17.692
18.208
19.006
19.997
21.193
22.546
23.912
25.031
25.704
25.917
25.581
24.71
23.451
21.832
20.026
18.407
17.271
16.676
16.495
16.678
17.253
18.15
19.217
20.215
20.934
21.199
20.922
20.122
18.965
17.615
16.106
14.485
12.818
11.155
9.651
8.565
8.061
8.143
8.579
9.154
9.771
10.3
10.586
10.56
10.27
9.697
8.857
7.846
6.68
5.346
3.88
2.447
1.313
0.576
0.132
-0.129
-0.203
-0.054
0.24
0.553
0.859
1.152
1.304
1.161
0.801
0.315
-0.283
-0.975
-1.724
-2.411
-2.876
-3.067
-3.019
-2.782
-2.445
-1.923
-1.163
-0.419
0.127
0.594
1.006
1.263
1.444
1.528
1.372
1.029
0.775
0.846
1.154
1.533
2.052
2.772
3.445
3.944
4.359
4.681
4.802
4.736
4.724
4.931
5.171
5.317
5.495
5.734
5.992
6.319
6.795
7.387
8.018
8.623
9.2
9.674
9.944
9.984
9.803
9.444
8.991
8.48
7.934
7.454
7.169
7.159
7.301
7.533
7.957
8.503
8.873
9.061
9.426
10.091
10.556
10.475
10.372
10.47
10.06
9.075
8.488
8.308
7.839
7.381
7.472
7.732
7.773
7.92
8.406
8.828
8.996
9.245
9.493
9.429
9.347
9.429
9.211
8.692
8.317
8.215
8.261
8.32
8.313
8.345
8.433
8.608
9.093
9.792
10.434
11.033
11.486
11.543
11.354
11.076
10.947
11.171
11.35
11.237
11.078
10.896
10.738
10.924
11.28
11.654
12.189
12.682
13.235
13.891
14.147
14.227
14.728
15.306
15.653
15.892
15.901
16.034
16.526
16.889
17.123
17.548
17.878
18.101
18.498
18.808
18.969
19.033
18.938
18.942
19.087
19.056
18.887
18.833
18.997
19.525
20.02
20.117
20.203
20.514
20.966
21.544
21.927
21.854
21.739
21.707
21.485
21.036
20.39
19.57
18.781
18.098
17.434
16.844
16.404
16.266
16.418
16.581
16.633
16.585
16.409
16.159
15.968
15.796
15.467
15.025
14.707
14.512
14.061
13.314
12.813
12.849
13.117
13.414
13.75
13.932
14.004
14.24
14.49
14.297
13.714
13.147
12.686
12.207
11.684
11.257
10.921
10.665
10.824
11.62
12.367
12.572
12.806
13.532
14.365
14.866
14.929
14.794
14.929
15.281
15.446
15.331
15.138
14.925
14.707
14.521
14.446
14.347
13.952
13.711
13.947
14.181
14.236
14.308
14.245
14.208
14.453
14.669
14.739
14.814
14.795
14.739
14.719
14.594
14.508
14.653
14.87
15.165
15.467
15.746
16.254
16.948
17.507
17.767
17.726
17.599
17.656
17.638
17.425
17.221
17.023
16.926
17.213
17.595
17.586
17.352
17.307
17.599
18.062
18.357
18.491
18.822
19.325
19.668
19.663
19.316
19.053
19.316
19.73
19.879
19.958
20.087
20.274
20.534
20.68
20.686
20.671
20.641
20.782
21.063
20.934
20.308
19.645
19.012
18.461
18.094
17.738
17.517
17.642
17.894
18.232
18.725
19.099
19.385
19.75
19.988
19.856
19.35
18.695
18.155
17.586
16.869
16.307
15.932
15.671
15.569
15.49
15.401
15.551
15.934
16.334
16.733
16.917
16.678
16.17
15.624
15.154
14.687
14.024
13.305
12.879
12.662
12.387
12.122
12.105
12.48
13.203
14.032
14.707
15.125
15.399
15.63
15.778
15.647
15.111
14.408
13.891
13.585
13.43
13.384
13.358
13.562
14.237
15.029
15.528
15.843
16.143
16.368
16.497
16.499
16.234
15.689
15.159
14.875
14.664
14.449
14.424
14.605
14.911
15.297
15.578
15.732
15.923
15.995
15.823
15.63
15.417
15.063
14.664
14.26
13.986
13.938
13.811
13.483
13.185
12.94
12.724
12.686
12.825
12.954
12.876
12.598
12.273
12.11
12.049
11.901
11.613
11.273
10.96
10.697
10.459
10.256
10.048
9.774
9.502
9.315
9.284
9.418
9.586
9.819
10.185
10.32
10.042
9.554
8.891
8.045
7.195
6.496
5.947
5.437
4.969
4.704
4.611
4.488
4.4
4.552
4.865
5.138
5.29
5.355
5.416
5.489
5.401
5.053
4.446
3.647
2.776
1.964
1.24
0.617
0.197
0.059
0.1
0.203
0.372
0.585
0.784
0.988
1.184
1.268
1.238
1.211
1.158
1.036
0.741
0.183
-0.478
-1
-1.47
-1.966
-2.363
-2.601
-2.617
-2.49
-2.429
-2.399
-2.207
-1.932
-1.809
-1.921
-2.157
-2.395
-2.62
-2.863
-3.098
-3.264
-3.384
-3.502
-3.563
-3.468
-3.361
-3.418
-3.42
-3.228
-2.942
-2.608
-2.306
-2.139
-2.077
-2.093
-2.213
-2.438
-2.883
-3.554
-4.143
-4.552
-4.906
-5.23
-5.509
-5.727
-5.843
-5.848
-5.759
-5.548
-5.169
-4.674
-4.25
-3.906
-3.509
-3.1
-2.867
-2.794
-2.674
-2.545
-2.729
-3.282
-3.849
-4.312
-4.781
-5.183
-5.387
-5.419
-5.296
-5.01
-4.59
-3.98
-3.371
-2.892
-2.569
-2.47
-2.595
-2.801
-3.107
-3.57
-4.112
-4.677
-5.228
-5.729
-6.133
-6.423
-6.614
-6.707
-6.614
-6.36
-6.065
-5.752
-5.416
-5.153
-4.981
-5.024
-5.421
-6.035
-6.605
-7.066
-7.405
-7.598
-7.709
-7.811
-8.004
-8.395
-8.848
-9.12
-9.222
-9.186
-9.027
-8.882
-8.882
-9.014
-9.207
-9.429
-9.678
-9.962
-10.23
-10.413
-10.572
-10.767
-10.819
-10.749
-10.693
-10.642
-10.559
-10.481
-10.411
-10.311
-10.148
-9.864
-9.554
-9.35
-9.329
-9.363
-9.388
-9.493
-9.654
-9.789
-9.96
-10.209
-10.42
-10.604
-10.783
-10.81
-10.642
-10.418
-10.166
-9.794
-9.309
-8.726
-8.032
-7.311
-6.832
-6.625
-6.455
-6.315
-6.312
-6.33
-6.224
-6.088
-6.113
-6.321
-6.716
-7.24
-7.63
-7.677
-7.422
-6.954
-6.228
-5.241
-4.092
-3.001
-2.241
-1.814
-1.49
-1.154
-0.775
-0.292
0.285
0.814
1.084
1.082
1.05
1.157
1.447
1.937
2.622
3.438
4.205
4.557
4.429
4.277
4.416
4.799
5.232
5.464
5.407
5.299
5.221
5.217
5.319
5.393
5.387
5.482
5.799
6.165
6.357
6.476
6.827
7.519
8.267
8.742
8.866
8.714
8.317
7.775
7.306
7.022
6.75
6.365
5.968
5.65
5.346
5.024
4.697
4.339
4
3.733
3.523
3.304
3.127
2.975
2.801
2.522
2.082
1.596
1.31
1.245
1.091
0.65
0.122
-0.185
-0.199
-0.133
-0.176
-0.322
-0.442
-0.462
-0.401
-0.413
-0.521
-0.582
-0.614
-0.807
-1.322
-2.064
-2.808
-3.393
-3.786
-4.019
-4.155
-4.21
-4.207
-4.214
-4.192
-4.092
-3.879
-3.613
-3.533
-3.661
-3.808
-3.974
-4.33
-4.742
-4.986
-5.147
-5.398
-5.67
-5.813
-5.886
-5.906
-5.684
-5.074
-4.341
-3.787
-3.461
-3.293
-3.264
-3.461
-3.92
-4.427
-4.793
-5.056
-5.384
-5.834
-6.287
-6.593
-6.725
-6.795
-6.78
-6.61
-6.263
-5.786
-5.26
-4.724
-4.266
-3.991
-3.842
-3.844
-4.067
-4.371
-4.677
-4.983
-5.187
-5.171
-5.019
-4.899
-4.872
-4.935
-5.06
-5.119
-5.053
-4.838
-4.534
-4.3
-4.237
-4.35
-4.72
-5.271
-5.766
-6.093
-6.392
-6.637
-6.657
-6.459
-6.067
-5.5
-4.924
-4.516
-4.259
-4.087
-3.858
-3.529
-3.311
-3.286
-3.441
-3.749
-4.282
-4.999
-5.716
-6.213
-6.458
-6.58
-6.691
-6.691
-6.473
-6.16
-5.822
-5.364
-4.945
-4.779
-4.894
-5.235
-5.775
-6.397
-6.923
-7.276
-7.521
-7.825
-8.336
-8.882
-9.17
-9.088
-8.714
-8.275
-7.989
-7.889
-7.907
-7.945
-7.907
-7.771
-7.655
-7.685
-7.898
-8.272
-8.746
-9.2
-9.604
-9.966
-10.236
-10.425
-10.511
-10.388
-10.053
-9.54
-8.939
-8.436
-8.136
-7.989
-8.004
-8.091
-8.022
-7.807
-7.721
-7.85
-8.1
-8.479
-8.941
-9.284
-9.324
-9.1
-8.81
-8.494
-8.106
-7.667
-7.163
-6.575
-5.906
-5.332
-5.156
-5.421
-5.859
-6.285
-6.693
-7.067
-7.394
-7.639
-7.843
-8.093
-8.372
-8.521
-8.36
-7.889
-7.301
-6.847
-6.616
-6.455
-6.196
-5.888
-5.725
-5.877
-6.378
-7.052
-7.7
-8.184
-8.408
-8.297
-7.945
-7.569
-7.358
-7.312
-7.317
-7.396
-7.664
-8.086
-8.503
-8.989
-9.687
-10.477
-11.021
-11.198
-11.069
-10.674
-10.214
-9.919
-9.715
-9.415
-9.082
-8.844
-8.834
-9.034
-9.293
-9.703
-10.407
-11.207
-11.926
-12.621
-13.167
-13.282
-12.963
-12.514
-12.14
-11.867
-11.573
-11.211
-10.924
-10.822
-10.912
-11.194
-11.602
-12.081
-12.666
-13.378
-14.108
-14.519
-14.36
-13.732
-12.945
-12.339
-12.094
-11.967
-11.702
-11.409
-11.246
-11.232
-11.497
-12.185
-13.12
-13.995
-14.764
-15.51
-15.984
-15.905
-15.385
-14.864
-14.482
-13.959
-13.045
-11.885
-10.842
-10.27
-10.359
-10.983
-11.876
-12.834
-13.698
-14.455
-15.165
-15.597
-15.542
-15.186
-14.785
-14.383
-13.898
-13.244
-12.46
-11.677
-10.947
-10.338
-10.091
-10.343
-10.937
-11.679
-12.414
-13.17
-13.963
-14.523
-14.592
-14.201
-13.6
-12.952
-12.226
-11.363
-10.307
-9.152
-8.202
-7.787
-7.905
-8.24
-8.726
-9.465
-10.357
-11.228
-12.031
-12.727
-13.129
-13.031
-12.439
-11.486
-10.297
-9.029
-7.893
-6.999
-6.439
-6.296
-6.535
-7.079
-7.934
-9.064
-10.352
-11.604
-12.489
-12.782
-12.595
-12.237
-11.822
-11.191
-10.221
-8.955
-7.712
-6.882
-6.455
-6.344
-6.768
-7.809
-9.195
-10.601
-11.747
-12.4
-12.616
-12.6
-12.455
-12.16
-11.616
-10.772
-9.779
-8.9
-8.204
-7.755
-7.784
-8.377
-9.297
-10.332
-11.343
-12.321
-13.262
-14.014
-14.406
-14.417
-13.97
-13.049
-11.903
-10.753
-9.66
-8.783
-8.32
-8.279
-8.551
-9.172
-10.15
-11.234
-12.262
-13.246
-14.067
-14.544
-14.628
-14.379
-13.859
-13.117
-12.239
-11.323
-10.407
-9.617
-9.143
-9.041
-9.19
-9.463
-9.905
-10.647
-11.625
-12.634
-13.536
-14.254
-14.719
-14.846
-14.585
-13.927
-12.981
-12.019
-11.261
-10.583
-9.896
-9.345
-9.145
-9.383
-10.005
-10.895
-11.901
-12.786
-13.384
-13.732
-13.911
-13.857
-13.505
-12.943
-12.307
-11.591
-10.858
-10.325
-10.025
-9.869
-9.803
-9.962
-10.5
-11.332
-12.233
-13.135
-13.961
-14.514
-14.657
-14.478
-14.058
-13.267
-12.153
-11.099
-10.252
-9.531
-8.968
-8.612
-8.374
-8.288
-8.692
-9.665
-10.738
-11.468
-11.967
-12.502
-13.063
-13.425
-13.465
-13.147
-12.491
-11.661
-10.874
-10.173
-9.531
-9.145
-9.254
-9.815
-10.615
-11.482
-12.273
-12.929
-13.564
-14.201
-14.653
-14.71
-14.315
-13.646
-12.92
-12.119
-11.273
-10.547
-9.964
-9.545
-9.452
-9.721
-10.314
-11.128
-12.006
-12.866
-13.682
-14.353
-14.737
-14.821
-14.689
-14.426
-13.973
-13.217
-12.271
-11.473
-10.962
-10.5
-10.121
-10.136
-10.551
-11.055
-11.529
-12.151
-12.956
-13.714
-14.129
-14.199
-13.959
-13.26
-12.201
-11.18
-10.434
-9.774
-9.111
-8.641
-8.488
-8.547
-8.681
-9.007
-9.628
-10.477
-11.345
-12.055
-12.475
-12.577
-12.358
-11.956
-11.479
-10.865
-10.13
-9.411
-8.853
-8.526
-8.404
-8.549
-8.916
-9.345
-9.776
-10.214
-10.536
-10.565
-10.377
-10.134
-9.935
-9.747
-9.508
-9.166
-8.687
-8.179
-7.784
-7.585
-7.642
-8
-8.54
-9.119
-9.739
-10.463
-11.121
-11.527
-11.725
-11.888
-11.952
-11.64
-10.992
-10.357
-9.853
-9.383
-8.998
-8.839
-8.907
-9.059
-9.218
-9.49
-9.912
-10.418
-10.956
-11.354
-11.439
-11.271
-11.064
-10.91
-10.631
-10.154
-9.692
-9.4
-9.239
-9.186
-9.186
-9.218
-9.404
-9.899
-10.693
-11.591
-12.409
-13.013
-13.448
-13.723
-13.723
-13.328
-12.575
-11.684
-10.81
-10.071
-9.581
-9.268
-9.029
-8.926
-9.093
-9.506
-10.028
-10.6
-11.187
-11.707
-12.144
-12.539
-12.818
-12.825
-12.559
-12.189
-11.818
-11.377
-10.915
-10.615
-10.636
-10.965
-11.423
-11.831
-12.126
-12.296
-12.348
-12.387
-12.489
-12.589
-12.45
-12.022
-11.491
-10.901
-10.144
-9.266
-8.565
-8.202
-8.022
-7.898
-7.891
-8.109
-8.427
-8.676
-8.878
-9.134
-9.368
-9.345
-9.02
-8.621
-8.302
-8.03
-7.73
-7.503
-7.414
-7.312
-7.188
-7.218
-7.374
-7.387
-7.183
-7.008
-6.943
-6.754
-6.43
-6.196
-6.022
-5.725
-5.375
-5.176
-5.022
-4.756
-4.498
-4.375
-4.346
-4.336
-4.314
-4.294
-4.316
-4.406
-4.536
-4.681
-4.84
-5.017
-5.228
-5.398
-5.503
-5.495
-5.244
-4.811
-4.447
-4.196
-4.008
-3.93
-3.991
-4.105
-4.264
-4.371
-4.314
-4.201
-4.175
-4.216
-4.266
-4.291
-4.253
-4.062
-3.824
-3.733
-3.786
-3.806
-3.786
-3.892
-4.134
-4.366
-4.527
-4.645
-4.786
-4.951
-4.976
-4.786
-4.493
-4.187
-3.951
-3.833
-3.847
-3.983
-4.184
-4.382
-4.62
-4.926
-5.142
-5.13
-4.981
-4.872
-4.797
-4.604
-4.346
-4.212
-4.201
-4.257
-4.425
-4.581
-4.527
-4.303
-4.134
-4.107
-4.155
-4.184
-4.09
-3.906
-3.719
-3.515
-3.225
-2.864
-2.656
-2.69
-2.858
-3.037
-3.126
-3.001
-2.67
-2.413
-2.454
-2.635
-2.755
-2.853
-3.019
-3.191
-3.291
-3.293
-3.164
-2.919
-2.563
-2.132
-1.789
-1.572
-1.354
-1.087
-0.828
-0.662
-0.501
-0.351
-0.317
-0.328
-0.19
0.101
0.324
0.395
0.395
0.428
0.521
0.594
0.58
0.551
0.556
0.547
0.471
0.355
0.288
0.337
0.542
0.764
0.907
0.904
0.732
0.544
0.471
0.524
0.658
0.855
1.163
1.558
1.894
2.159
2.434
2.61
2.583
2.495
2.436
2.236
1.796
1.342
1.152
1.161
1.116
1.011
0.971
0.984
0.997
1.006
0.945
0.812
0.646
0.489
0.322
0.147
-0.113
-0.46
-0.816
-1.125
-1.412
-1.653
-1.853
-2.05
-2.259
-2.393
-2.309
-1.952
-1.399
-0.746
-0.079
0.569
1.036
1.216
1.198
0.957
0.517
0.181
0.092
0.083
0.022
-0.056
-0.007
0.326
0.907
1.506
1.948
2.223
2.42
2.556
2.583
2.499
2.413
2.426
2.508
2.617
2.764
2.925
3.023
3.153
3.47
3.879
4.171
4.332
4.482
4.745
5.112
5.416
5.6
5.677
5.62
5.503
5.457
5.423
5.335
5.235
5.147
5.006
4.77
4.502
4.339
4.335
4.464
4.656
4.802
4.867
4.935
5.069
5.235
5.317
5.156
4.772
4.423
4.268
4.23
4.285
4.468
4.63
4.58
4.373
4.271
4.411
4.713
5.097
5.448
5.666
5.788
5.913
5.942
5.811
5.58
5.255
4.765
4.119
3.52
3.091
2.711
2.336
2.046
1.787
1.374
0.873
0.503
0.517
1.034
1.993
3.284
4.692
5.915
6.661
6.9
6.775
6.321
5.523
4.446
3.184
1.937
0.927
0.301
0.179
0.603
1.447
2.49
3.672
5.083
6.651
8.039
9.003
9.363
8.968
7.767
5.956
3.917
1.9
0.142
-1.043
-1.397
-0.83
0.497
2.282
4.414
6.8
9.046
10.74
11.838
12.346
12.3
11.716
10.49
8.687
6.61
4.65
3.188
2.461
2.508
3.325
4.904
7.201
10.014
12.813
15.145
16.903
18.028
18.155
17.137
15.358
13.264
11.162
9.354
8.164
7.703
7.95
8.824
10.277
12.228
14.58
17.11
19.412
21.12
22.102
22.322
21.755
20.543
18.974
17.345
15.925
14.968
14.598
14.721
15.299
16.429
18.101
20.087
22.061
23.767
25.026
25.736
25.876
25.484
24.493
23.007
21.447
20.128
19.03
18.259
18.06
18.409
19.105
20.087
21.41
22.939
24.429
25.659
26.393
26.443
25.772
24.547
23.05
21.489
20.047
18.819
17.815
17.134
16.894
17.084
17.699
18.62
19.568
20.256
20.58
20.548
20.145
19.4
18.348
16.941
15.252
13.559
12.105
10.956
10.082
9.535
9.383
9.569
9.982
10.531
11.132
11.658
12.051
12.312
12.318
11.768
10.506
8.769
6.852
4.87
2.944
1.236
-0.231
-1.379
-1.932
-1.766
-1.064
-0.065
1.043
2.141
3.114
3.849
4.187
4.017
3.429
2.595
1.508
0.086
-1.517
-3.121
-4.518
-5.328
-5.25
-4.561
-3.625
-2.538
-1.277
0.132
1.517
2.697
3.615
4.187
4.259
3.797
2.934
1.823
0.655
-0.406
-1.245
-1.756
-1.903
-1.655
-0.975
0.132
1.613
3.35
5.178
6.934
8.419
9.382
9.876
10.043
9.812
9.154
8.202
7.14
6.124
5.312
4.747
4.522
4.7
5.196
6.044
7.213
8.422
9.558
10.665
11.649
12.396
12.714
12.443
11.849
11.164
10.323
9.587
9.159
8.71
8.247
8.258
8.705
9.12
9.572
10.398
11.282
11.813
12.323
12.863
12.911
12.575
12.448
12.28
11.505
10.418
9.529
8.699
7.93
7.626
7.737
7.825
7.884
8.27
8.98
9.738
10.461
11.246
12.054
12.682
13.028
12.954
12.394
11.536
10.618
9.792
9.084
8.327
7.626
7.324
7.458
7.846
8.456
9.043
9.535
10.148
10.837
11.38
11.842
12.273
12.55
12.738
12.863
12.827
12.654
12.491
12.443
12.589
12.847
13.033
13.269
13.764
14.374
14.941
15.406
15.726
15.964
16.24
16.49
16.742
17.069
17.354
17.454
17.327
17.046
16.776
16.654
16.692
16.999
17.447
17.867
18.314
18.704
18.918
19.026
19.112
19.21
19.543
19.94
19.929
19.559
19.21
18.974
18.767
18.534
18.237
17.905
17.599
17.345
17.037
16.699
16.506
16.549
16.701
16.815
16.88
16.878
16.745
16.556
16.459
16.381
16.166
15.893
15.73
15.542
15.236
14.952
14.73
14.571
14.771
15.415
16.05
16.193
15.966
15.8
15.764
15.633
15.354
15.131
15.011
14.897
14.826
14.725
14.417
14.183
14.385
14.674
14.71
14.701
14.857
15.174
15.544
15.764
15.869
15.994
16.109
16.136
16.109
15.966
15.719
15.574
15.597
15.732
15.776
15.66
15.587
15.528
15.343
15.204
15.111
15.054
15.293
15.585
15.587
15.44
15.233
14.941
14.798
14.887
15.066
15.361
15.744
16.188
16.635
16.828
16.806
16.847
16.959
17.05
17.014
16.867
17.005
17.386
17.511
17.377
17.195
17.089
17.134
17.212
17.236
17.314
17.286
17.18
17.327
17.618
17.771
17.946
18.182
18.302
18.43
18.609
18.775
19.056
19.371
19.547
19.523
19.223
18.915
18.881
18.77
18.468
18.434
18.577
18.604
18.79
19.16
19.31
19.16
18.962
19.083
19.5
19.836
19.934
19.888
19.716
19.62
19.73
19.641
19.278
19.049
19.017
18.967
18.767
18.445
18.167
17.922
17.552
17.166
16.816
16.377
15.943
15.626
15.426
15.27
15.081
14.977
15.111
15.233
15.122
14.887
14.674
14.642
14.771
14.744
14.367
13.872
13.405
12.977
12.557
12.096
11.713
11.654
11.894
12.276
12.697
13.097
13.462
13.811
14.126
14.24
14
13.548
13.079
12.711
12.589
12.662
12.747
12.934
13.34
13.836
14.277
14.684
15.095
15.522
15.93
16.308
16.547
16.468
16.071
15.495
14.946
14.573
14.236
13.9
13.791
13.816
13.784
13.836
14.097
14.417
14.705
14.818
14.732
14.664
14.573
14.442
14.408
14.188
13.65
13.088
12.502
11.792
11.141
10.67
10.449
10.595
11.033
11.561
12.022
12.296
12.498
12.695
12.693
12.45
12.137
11.74
11.269
10.804
10.39
9.949
9.415
8.926
8.796
8.927
9.007
9.005
9.096
9.286
9.502
9.484
9.073
8.574
8.156
7.68
7.154
6.68
6.217
5.829
5.55
5.287
5.115
5.071
5.062
5.092
5.101
5.092
5.303
5.761
6.106
6.103
5.759
5.094
4.171
3.157
2.189
1.301
0.515
-0.183
-0.85
-1.412
-1.73
-1.728
-1.494
-1.161
-0.819
-0.507
-0.263
-0.211
-0.324
-0.451
-0.6
-0.857
-1.227
-1.644
-1.946
-2.01
-1.909
-1.733
-1.499
-1.29
-1.047
-0.658
-0.274
-0.181
-0.401
-0.743
-0.986
-1.231
-1.733
-2.431
-3.08
-3.574
-3.93
-4.183
-4.33
-4.393
-4.406
-4.33
-4.164
-4.028
-3.88
-3.667
-3.509
-3.432
-3.354
-3.357
-3.5
-3.693
-3.871
-4.082
-4.35
-4.589
-4.627
-4.455
-4.18
-3.806
-3.316
-2.851
-2.565
-2.549
-2.794
-3.148
-3.568
-4.137
-4.747
-5.235
-5.564
-5.854
-6.113
-6.224
-6.214
-6.219
-6.204
-6.015
-5.641
-5.189
-4.663
-4.112
-3.658
-3.334
-3.059
-2.878
-2.835
-2.937
-3.193
-3.438
-3.529
-3.545
-3.71
-4.062
-4.466
-4.799
-5.176
-5.664
-6.124
-6.41
-6.539
-6.523
-6.407
-6.233
-6.035
-5.892
-5.82
-5.813
-5.91
-6.14
-6.5
-6.977
-7.431
-7.768
-8.083
-8.515
-9.038
-9.586
-10.148
-10.658
-10.957
-10.849
-10.443
-10.021
-9.665
-9.345
-9.116
-9.014
-8.987
-9.005
-9.098
-9.291
-9.699
-10.359
-11.069
-11.588
-11.854
-12.01
-12.157
-12.226
-12.175
-12.04
-11.718
-11.132
-10.427
-9.853
-9.488
-9.168
-8.796
-8.542
-8.565
-8.681
-8.778
-8.994
-9.363
-9.64
-9.765
-9.9
-10.055
-10.007
-9.678
-9.186
-8.621
-7.984
-7.262
-6.468
-5.725
-5.194
-4.954
-4.915
-4.963
-4.987
-4.965
-4.937
-4.976
-4.976
-4.829
-4.545
-4.28
-4.046
-3.754
-3.389
-2.924
-2.295
-1.613
-1.075
-0.71
-0.474
-0.358
-0.396
-0.65
-1.029
-1.306
-1.415
-1.399
-1.19
-0.723
-0.147
0.435
1.02
1.703
2.397
2.878
3.091
3.264
3.559
3.91
4.125
4.116
4.014
3.849
3.597
3.384
3.26
3.085
2.801
2.551
2.536
2.803
3.207
3.594
3.888
3.999
3.949
3.949
4.128
4.387
4.461
4.244
3.781
3.207
2.667
2.273
2.005
1.844
1.969
2.274
2.42
2.37
2.32
2.311
2.381
2.606
2.914
3.103
3.026
2.644
2.073
1.506
0.995
0.564
0.267
0.054
-0.322
-0.903
-1.372
-1.474
-1.274
-0.945
-0.567
-0.208
0.077
0.243
0.288
0.17
-0.199
-0.798
-1.564
-2.411
-3.225
-3.876
-4.307
-4.577
-4.683
-4.52
-4.232
-3.962
-3.538
-2.889
-2.259
-1.908
-1.939
-2.256
-2.653
-3.077
-3.568
-4.134
-4.822
-5.589
-6.296
-6.87
-7.151
-7.011
-6.639
-6.24
-5.813
-5.433
-5.135
-4.946
-4.861
-4.783
-4.643
-4.607
-4.829
-5.119
-5.303
-5.416
-5.518
-5.559
-5.521
-5.464
-5.503
-5.541
-5.351
-5.013
-4.822
-4.817
-4.894
-5.089
-5.416
-5.747
-5.988
-6.151
-6.246
-6.24
-6.106
-5.95
-5.877
-5.87
-5.927
-5.979
-5.881
-5.745
-5.848
-6.102
-6.129
-5.897
-5.759
-5.807
-5.793
-5.632
-5.495
-5.428
-5.332
-5.221
-5.133
-4.978
-4.741
-4.52
-4.457
-4.545
-4.677
-4.797
-4.902
-5.097
-5.46
-5.804
-5.933
-5.959
-5.938
-5.666
-5.253
-4.92
-4.609
-4.248
-4.055
-4.096
-4.294
-4.545
-4.777
-5.06
-5.464
-5.892
-6.371
-6.882
-7.195
-7.213
-7.124
-6.997
-6.854
-6.698
-6.38
-5.986
-5.729
-5.607
-5.534
-5.598
-5.767
-6.033
-6.45
-6.934
-7.297
-7.469
-7.53
-7.633
-7.791
-7.889
-7.975
-8.073
-8.061
-7.925
-7.807
-7.744
-7.726
-7.764
-7.755
-7.626
-7.519
-7.601
-7.889
-8.258
-8.524
-8.673
-8.751
-8.753
-8.646
-8.392
-8.082
-7.95
-7.963
-7.939
-7.864
-7.829
-7.911
-8.184
-8.515
-8.694
-8.714
-8.692
-8.742
-8.862
-9.032
-9.15
-9.145
-8.941
-8.667
-8.515
-8.535
-8.619
-8.669
-8.571
-8.281
-8.043
-7.989
-7.966
-7.889
-7.95
-8.258
-8.669
-8.946
-8.982
-8.871
-8.853
-9.079
-9.517
-9.837
-9.774
-9.493
-9.261
-9.061
-8.875
-8.753
-8.637
-8.415
-8.083
-7.814
-7.727
-7.902
-8.406
-9.19
-9.996
-10.615
-11.028
-11.18
-11.076
-10.896
-10.735
-10.5
-10.157
-9.733
-9.304
-8.964
-8.875
-9.161
-9.636
-9.984
-10.2
-10.475
-10.826
-11.211
-11.613
-11.972
-12.162
-12.135
-11.795
-11.255
-10.706
-10.177
-9.776
-9.572
-9.444
-9.365
-9.493
-9.812
-10.214
-10.699
-11.251
-11.686
-11.842
-11.688
-11.296
-10.906
-10.693
-10.615
-10.506
-10.311
-10.168
-10.153
-10.145
-10.127
-10.214
-10.411
-10.661
-10.971
-11.38
-11.795
-12.081
-12.126
-12.072
-11.967
-11.667
-11.18
-10.761
-10.533
-10.475
-10.531
-10.647
-10.881
-11.292
-11.809
-12.327
-12.782
-13.04
-13.049
-12.886
-12.648
-12.378
-12.153
-11.961
-11.774
-11.609
-11.368
-11.037
-10.849
-11.051
-11.629
-12.346
-13.018
-13.573
-13.952
-14.113
-14.111
-13.895
-13.421
-12.82
-12.242
-11.749
-11.398
-11.141
-10.967
-11.017
-11.292
-11.647
-12.072
-12.51
-12.733
-12.643
-12.475
-12.421
-12.33
-11.908
-11.287
-10.783
-10.529
-10.357
-10.13
-9.96
-9.941
-10.123
-10.459
-10.713
-10.758
-10.774
-10.846
-10.867
-10.779
-10.658
-10.429
-10.062
-9.774
-9.576
-9.22
-8.696
-8.329
-8.256
-8.32
-8.413
-8.605
-8.885
-9.119
-9.324
-9.633
-9.949
-10.087
-9.962
-9.628
-9.22
-8.805
-8.46
-8.286
-8.267
-8.354
-8.476
-8.567
-8.746
-9.139
-9.587
-9.914
-10.171
-10.466
-10.633
-10.452
-9.989
-9.576
-9.361
-9.272
-9.243
-9.161
-8.996
-8.819
-8.76
-9.007
-9.622
-10.379
-10.987
-11.298
-11.425
-11.441
-11.28
-10.921
-10.542
-10.37
-10.361
-10.293
-10.093
-9.932
-9.882
-9.989
-10.37
-10.915
-11.407
-11.747
-11.899
-11.876
-11.806
-11.751
-11.536
-11.109
-10.743
-10.579
-10.443
-10.191
-9.917
-9.774
-9.871
-10.23
-10.738
-11.162
-11.341
-11.373
-11.395
-11.436
-11.484
-11.532
-11.552
-11.523
-11.416
-11.271
-11.099
-10.886
-10.763
-10.886
-11.132
-11.394
-11.602
-11.643
-11.527
-11.495
-11.759
-12.309
-12.815
-12.89
-12.6
-12.207
-11.81
-11.454
-11.146
-10.845
-10.636
-10.647
-10.846
-11.035
-11.243
-11.559
-11.912
-12.226
-12.51
-12.695
-12.693
-12.548
-12.327
-12.081
-11.851
-11.617
-11.339
-11.064
-10.926
-10.939
-11.08
-11.318
-11.511
-11.514
-11.515
-11.8
-12.291
-12.604
-12.589
-12.491
-12.58
-12.754
-12.779
-12.6
-12.373
-12.247
-12.142
-11.929
-11.672
-11.464
-11.394
-11.555
-11.876
-12.285
-12.736
-13.077
-13.197
-13.217
-13.194
-13.031
-12.782
-12.581
-12.38
-12.078
-11.718
-11.321
-10.957
-10.685
-10.511
-10.481
-10.713
-11.062
-11.269
-11.413
-11.636
-11.831
-11.885
-11.783
-11.505
-11.099
-10.683
-10.291
-9.905
-9.572
-9.406
-9.365
-9.302
-9.17
-9.05
-8.932
-8.762
-8.644
-8.682
-8.821
-8.973
-9.098
-9.218
-9.225
-9.119
-9.018
-9.003
-9.003
-8.891
-8.687
-8.58
-8.662
-8.744
-8.744
-8.769
-8.805
-8.796
-8.833
-8.936
-8.973
-8.909
-8.846
-8.869
-8.9
-8.76
-8.51
-8.381
-8.363
-8.363
-8.428
-8.58
-8.717
-8.842
-8.977
-9.177
-9.426
-9.663
-9.83
-9.921
-10.007
-10.159
-10.343
-10.427
-10.404
-10.375
-10.408
-10.533
-10.781
-11.103
-11.427
-11.704
-11.952
-12.144
-12.239
-12.247
-12.219
-12.162
-12.037
-11.872
-11.702
-11.527
-11.292
-11.007
-10.855
-10.944
-11.158
-11.409
-11.686
-11.944
-12.228
-12.645
-13.086
-13.323
-13.337
-13.197
-12.938
-12.618
-12.285
-11.949
-11.708
-11.672
-11.801
-11.988
-12.221
-12.414
-12.46
-12.46
-12.555
-12.675
-12.575
-12.244
-11.833
-11.421
-11.035
-10.702
-10.416
-10.134
-9.83
-9.558
-9.383
-9.234
-9.159
-9.257
-9.456
-9.681
-9.926
-10.105
-10.191
-10.234
-10.212
-10.043
-9.708
-9.281
-8.833
-8.317
-7.7
-7.063
-6.641
-6.58
-6.759
-6.888
-6.825
-6.727
-6.8
-6.979
-7.115
-7.21
-7.256
-7.111
-6.718
-6.135
-5.495
-4.949
-4.577
-4.4
-4.336
-4.21
-4.049
-4.028
-4.178
-4.35
-4.511
-4.765
-5.045
-5.187
-5.138
-4.949
-4.718
-4.584
-4.65
-4.806
-4.817
-4.701
-4.63
-4.609
-4.6
-4.656
-4.706
-4.616
-4.461
-4.384
-4.461
-4.62
-4.672
-4.548
-4.327
-4.142
-4.146
-4.259
-4.295
-4.277
-4.348
-4.536
-4.779
-5.056
-5.477
-5.979
-6.394
-6.652
-6.739
-6.661
-6.485
-6.33
-6.278
-6.326
-6.428
-6.553
-6.671
-6.768
-6.845
-6.836
-6.753
-6.743
-6.927
-7.081
-6.972
-6.763
-6.657
-6.596
-6.437
-6.205
-6.013
-5.897
-5.761
-5.659
-5.747
-5.947
-5.999
-5.95
-6.088
-6.417
-6.641
-6.682
-6.655
-6.587
-6.401
-6.094
-5.77
-5.512
-5.241
-4.908
-4.631
-4.475
-4.316
-4.037
-3.656
-3.316
-3.141
-3.059
-3.003
-2.939
-2.773
-2.481
-2.216
-2.048
-1.899
-1.712
-1.535
-1.372
-1.167
-0.959
-0.823
-0.73
-0.703
-0.71
-0.64
-0.476
-0.285
-0.045
0.252
0.451
0.442
0.369
0.367
0.422
0.526
0.65
0.83
1.093
1.381
1.653
1.996
2.347
2.708
3.179
3.697
4.012
4.021
3.874
3.667
3.416
3.126
2.753
2.356
2.007
1.698
1.42
1.166
0.877
0.585
0.41
0.437
0.64
0.904
1.17
1.401
1.581
1.687
1.739
1.798
1.814
1.68
1.365
0.997
0.696
0.492
0.396
0.462
0.644
0.853
0.993
1.032
1.047
0.986
0.71
0.324
-0.016
-0.415
-1.055
-1.914
-2.755
-3.357
-3.715
-3.92
-3.956
-3.835
-3.579
-3.196
-2.72
-2.229
-1.76
-1.322
-0.993
-0.841
-0.88
-1.131
-1.44
-1.524
-1.368
-1.211
-1.161
-1.088
-0.884
-0.582
-0.19
0.322
0.793
1.064
1.152
1.17
1.093
0.871
0.571
0.313
0.127
0
0
0.138
0.308
0.596
1.136
1.762
2.241
2.577
2.787
3.046
3.554
4.116
4.479
4.584
4.437
4.201
4.171
4.366
4.59
4.736
4.884
5.214
5.702
6.138
6.517
6.813
6.745
6.407
6.052
5.55
4.906
4.425
4.255
4.255
4.162
4.01
4.051
4.234
4.452
4.999
5.848
6.505
6.812
6.956
6.975
6.794
6.464
6.19
6.015
5.666
5.144
4.772
4.566
4.414
4.425
4.498
4.545
4.692
4.863
4.969
5.083
5.26
5.355
5.21
4.786
4.212
3.638
3.126
2.762
2.545
2.286
1.923
1.726
1.882
2.416
3.211
4.198
5.294
6.276
6.941
7.285
7.34
6.968
5.947
4.38
2.724
1.383
0.315
-0.478
-0.698
-0.222
0.821
2.252
3.828
5.405
6.852
8.036
8.921
9.388
9.152
8.114
6.412
4.234
2.023
0.294
-0.886
-1.535
-1.421
-0.619
0.653
2.554
5.126
7.721
9.636
10.683
10.937
10.393
8.982
6.841
4.42
2.173
0.396
-0.682
-0.95
-0.378
1.052
3.307
6.172
9.338
12.305
14.485
15.647
15.955
15.528
14.313
12.507
10.554
8.626
6.87
5.729
5.489
6.083
7.367
9.277
11.742
14.514
17.134
19.251
20.764
21.559
21.457
20.534
19.04
17.282
15.607
14.351
13.793
13.922
14.562
15.603
17.155
19.167
21.287
23.132
24.667
25.928
26.722
26.768
26.124
25.021
23.592
22.111
20.832
19.734
18.827
18.404
18.615
19.405
20.695
22.292
23.794
24.912
25.609
25.933
25.838
25.164
23.925
22.371
20.747
19.217
17.949
17.035
16.436
16.175
16.331
16.856
17.59
18.364
19.094
19.713
20.045
19.852
19.126
18.021
16.667
15.192
13.755
12.391
11.037
9.849
9.064
8.635
8.442
8.499
8.853
9.404
9.984
10.39
10.463
10.175
9.542
8.614
7.51
6.339
5.053
3.608
2.15
0.945
0.145
-0.244
-0.294
-0.047
0.448
1.109
1.789
2.37
2.769
2.79
2.332
1.626
0.939
0.217
-0.628
-1.47
-2.202
-2.858
-3.331
-3.461
-3.257
-2.715
-1.83
-0.752
0.354
1.365
2.104
2.474
2.679
2.863
2.925
2.662
2.034
1.356
0.843
0.489
0.374
0.603
1.047
1.502
2.077
2.925
3.888
4.724
5.553
6.48
7.294
7.764
7.896
7.784
7.574
7.431
7.399
7.537
7.811
8.079
8.267
8.456
8.746
9.18
9.637
9.932
9.998
9.931
9.73
9.494
9.268
8.989
8.744
8.672
8.746
8.991
9.263
9.373
9.506
9.81
10.118
10.48
10.896
10.858
10.341
10.096
10.225
9.949
9.19
8.792
8.812
8.739
8.646
8.69
8.383
7.637
7.231
7.385
7.372
7.072
7.007
7.127
7.181
7.342
7.748
8.034
8.041
8.133
8.44
8.687
8.812
9.016
9.202
9.17
8.987
8.796
8.61
8.46
8.372
8.327
8.32
8.229
8.106
8.288
8.744
9.075
9.225
9.365
9.578
9.94
10.223
10.332
10.55
10.787
10.84
10.992
11.314
11.409
11.409
11.711
12.242
12.788
13.255
13.655
14.074
14.421
14.573
14.771
15.043
15.233
15.499
15.776
15.83
15.851
16.018
16.205
16.526
17.017
17.388
17.583
17.761
18.033
18.337
18.384
18.028
17.686
17.583
17.726
18.066
18.255
18.253
18.493
18.971
19.364
19.75
20.02
19.926
19.566
19.024
18.398
17.774
17.323
17.164
17.107
16.753
16.202
15.794
15.44
15.048
14.836
14.841
14.812
14.639
14.406
14.172
13.857
13.43
13.162
13.165
13.273
13.346
13.331
13.199
13.121
13.264
13.503
13.659
13.719
13.791
13.795
13.541
13.14
12.884
12.797
12.695
12.666
12.965
13.398
13.518
13.53
13.804
14.047
13.941
13.643
13.455
13.446
13.577
13.514
13.101
12.809
12.956
13.194
13.405
13.798
14.217
14.426
14.587
14.864
15
14.938
14.932
14.966
14.859
14.642
14.277
13.691
13.224
13.215
13.598
14.149
14.71
15.242
15.73
16.118
16.41
16.556
16.383
16.093
15.953
15.814
15.528
15.218
14.873
14.562
14.469
14.358
14.251
14.517
15.036
15.617
16.304
16.987
17.592
18.259
18.822
19.101
19.049
18.688
18.3
18.08
17.856
17.52
17.291
17.311
17.545
17.82
17.955
17.992
18.096
18.232
18.346
18.454
18.495
18.661
18.904
18.872
18.484
17.969
17.563
17.452
17.552
17.545
17.418
17.397
17.715
18.311
18.928
19.462
19.911
20.163
20.219
20.238
20.02
19.375
18.472
17.633
17.116
16.774
16.229
15.499
14.925
14.558
14.442
14.582
14.716
14.782
14.861
14.864
14.946
15.125
14.993
14.592
14.328
14.111
13.691
13.219
12.831
12.632
12.815
13.281
13.714
13.956
14.074
14.179
14.249
14.14
13.959
13.956
13.942
13.675
13.267
12.836
12.43
12.14
12.026
12.131
12.473
12.929
13.428
13.942
14.339
14.56
14.884
15.334
15.589
15.587
15.442
15.15
14.864
14.791
14.855
14.857
14.789
14.841
15
15.048
14.993
14.916
14.884
15.031
15.313
15.392
15.131
14.714
14.197
13.666
13.337
13.212
13.069
12.866
12.575
12.269
11.994
11.672
11.491
11.695
12.108
12.502
12.827
12.922
12.747
12.493
12.327
12.226
12.028
11.711
11.354
10.942
10.425
10.012
9.937
10.118
10.361
10.536
10.604
10.515
10.282
9.957
9.601
9.231
8.855
8.433
7.909
7.399
6.972
6.55
6.242
6.187
6.312
6.53
6.766
6.87
6.829
6.707
6.471
6.142
5.818
5.462
4.983
4.398
3.795
3.27
2.842
2.499
2.343
2.467
2.749
3.01
3.248
3.427
3.416
3.168
2.796
2.483
2.193
1.765
1.283
0.793
0.224
-0.253
-0.471
-0.551
-0.655
-0.784
-0.923
-1.061
-1.213
-1.379
-1.467
-1.351
-1.097
-1.041
-1.315
-1.719
-2.061
-2.297
-2.44
-2.524
-2.583
-2.679
-2.81
-2.885
-2.971
-3.148
-3.28
-3.304
-3.348
-3.384
-3.352
-3.278
-3.182
-3.123
-3.139
-3.202
-3.371
-3.679
-3.983
-4.16
-4.237
-4.295
-4.45
-4.697
-4.897
-4.94
-4.761
-4.437
-4.116
-3.862
-3.608
-3.325
-3.105
-2.994
-2.853
-2.644
-2.465
-2.413
-2.524
-2.86
-3.334
-3.74
-4.021
-4.201
-4.309
-4.396
-4.418
-4.3
-4.114
-3.867
-3.506
-3.139
-2.966
-2.966
-3.014
-3.071
-3.107
-3.166
-3.211
-3.166
-3.01
-2.842
-2.764
-2.794
-2.883
-2.933
-3.044
-3.361
-3.758
-4.094
-4.405
-4.677
-4.815
-4.899
-5.031
-5.273
-5.614
-5.89
-6.029
-6.033
-5.981
-5.963
-6.072
-6.324
-6.718
-7.2
-7.664
-8.104
-8.501
-8.757
-8.837
-8.824
-8.775
-8.676
-8.445
-8.129
-7.911
-8.002
-8.381
-8.798
-9.18
-9.613
-10.091
-10.536
-10.874
-11.067
-11.123
-11.112
-11.099
-11.096
-11.169
-11.314
-11.412
-11.339
-11.112
-10.817
-10.554
-10.393
-10.316
-10.218
-10.08
-9.96
-9.821
-9.587
-9.315
-9.141
-9.107
-9.134
-9.093
-8.944
-8.753
-8.592
-8.467
-8.383
-8.342
-8.204
-7.798
-7.118
-6.306
-5.577
-5.147
-4.999
-4.937
-4.826
-4.729
-4.742
-4.756
-4.586
-4.38
-4.289
-4.076
-3.67
-3.25
-2.849
-2.358
-1.712
-1.036
-0.576
-0.297
-0.056
0.17
0.422
0.769
1.179
1.646
2.109
2.506
2.889
3.327
3.772
4.212
4.652
5.033
5.212
5.121
4.82
4.35
3.756
3.311
3.243
3.416
3.541
3.699
4.078
4.604
5.115
5.575
5.986
6.33
6.489
6.362
6.033
5.647
5.246
4.879
4.586
4.348
4.125
3.849
3.684
3.953
4.683
5.375
5.706
5.798
5.697
5.393
4.884
4.184
3.261
2.193
1.249
0.746
0.612
0.669
0.875
1.17
1.522
1.919
2.334
2.711
3.03
3.164
2.898
2.154
1.118
0.092
-0.741
-1.31
-1.426
-1.002
-0.249
0.51
1.097
1.553
1.925
2.127
1.996
1.383
0.422
-0.585
-1.614
-2.711
-3.713
-4.491
-5.071
-5.375
-5.31
-4.958
-4.496
-4.019
-3.443
-2.794
-2.286
-2.028
-2.052
-2.436
-2.987
-3.434
-3.826
-4.291
-4.786
-5.153
-5.299
-5.107
-4.589
-3.915
-3.352
-2.876
-2.404
-2.113
-2.153
-2.293
-2.407
-2.556
-2.951
-3.737
-4.761
-5.714
-6.378
-6.66
-6.6
-6.406
-6.233
-5.974
-5.521
-4.902
-4.133
-3.291
-2.536
-1.891
-1.388
-1.208
-1.47
-1.899
-2.254
-2.606
-3.105
-3.733
-4.47
-5.212
-5.75
-6.015
-6.024
-5.863
-5.607
-5.271
-4.922
-4.688
-4.563
-4.441
-4.286
-4.112
-4.044
-4.241
-4.618
-5.004
-5.346
-5.584
-5.623
-5.568
-5.53
-5.493
-5.446
-5.3
-5.08
-4.881
-4.752
-4.625
-4.527
-4.466
-4.482
-4.656
-4.954
-5.237
-5.464
-5.677
-5.845
-6.038
-6.319
-6.537
-6.584
-6.598
-6.646
-6.673
-6.684
-6.589
-6.321
-5.95
-5.521
-5.271
-5.285
-5.328
-5.389
-5.687
-6.038
-6.176
-6.263
-6.421
-6.605
-6.884
-7.192
-7.413
-7.49
-7.321
