Unnamed: 3
Value
-12.92
-12.416
-11.962
-11.47
-10.869
-10.234
-9.688
-9.263
-9.005
-8.939
-9.005
-9.186
-9.502
-9.848
-10.218
-10.579
-10.783
-10.774
-10.71
-10.631
-10.475
-10.166
-9.694
-9.175
-8.69
-8.204
-7.882
-7.873
-8.029
-8.266
-8.621
-9.027
-9.365
-9.744
-10.155
-10.422
-10.484
-10.427
-10.272
-10.001
-9.685
-9.483
-9.474
-9.56
-9.653
-9.808
-9.942
-9.921
-9.956
-10.182
-10.4
-10.422
-10.288
-10.141
-10.032
-9.939
-9.884
-9.989
-10.252
-10.67
-11.353
-12.257
-13.088
-13.677
-13.977
-13.925
-13.61
-13.203
-12.86
-12.679
-12.675
-12.773
-12.885
-12.868
-12.706
-12.568
-12.631
-12.87
-13.164
-13.471
-13.788
-14.16
-14.555
-14.837
-14.864
-14.684
-14.46
-14.305
-14.034
-13.507
-12.96
-12.715
-12.798
-13.013
-13.292
-13.675
-14.145
-14.619
-15.038
-15.37
-15.64
-15.805
-15.875
-15.984
-15.959
-15.508
-14.757
-14.009
-13.468
-13.239
-13.16
-12.954
-12.668
-12.539
-12.606
-12.72
-12.761
-12.709
-12.628
-12.505
-12.257
-11.96
-11.636
-11.137
-10.581
-10.291
-10.268
-10.216
-10.093
-10.102
-10.218
-10.4
-10.676
-10.958
-11.137
-11.142
-10.963
-10.69
-10.388
-10.007
-9.502
-8.891
-8.206
-7.55
-7.031
-6.618
-6.301
-6.108
-5.91
-5.668
-5.505
-5.332
-5.003
-4.604
-4.384
-4.428
-4.588
-4.677
-4.649
-4.586
-4.557
-4.599
-4.793
-5.106
-5.396
-5.611
-5.759
-5.815
-5.765
-5.602
-5.271
-4.822
-4.434
-4.169
-3.896
-3.577
-3.371
-3.368
-3.429
-3.372
-3.291
-3.257
-3.286
-3.42
-3.65
-3.94
-4.286
-4.552
-4.598
-4.529
-4.468
-4.361
-4.161
-3.94
-3.874
-4.055
-4.454
-4.994
-5.611
-6.144
-6.426
-6.548
-6.666
-6.761
-6.857
-7.008
-7.117
-7.14
-7.106
-6.922
-6.476
-5.915
-5.502
-5.369
-5.514
-5.798
-6.076
-6.242
-6.353
-6.566
-6.811
-6.93
-6.872
-6.693
-6.493
-6.462
-6.648
-6.918
-7.126
-7.324
-7.614
-7.841
-7.873
-7.798
-7.737
-7.755
-7.884
-8.066
-8.082
-7.814
-7.404
-7.1
-6.956
-6.773
-6.448
-6.099
-5.765
-5.371
-4.986
-4.611
-4.234
-3.856
-3.383
-2.862
-2.526
-2.463
-2.581
-2.887
-3.332
-3.663
-3.747
-3.683
-3.575
-3.542
-3.567
-3.502
-3.313
-3.039
-2.676
-2.186
-1.587
-0.966
-0.401
0.079
0.524
1.05
1.662
2.2
2.543
2.669
2.658
2.601
2.546
2.44
2.211
1.941
1.821
1.989
2.429
2.987
3.52
4.049
4.565
4.906
5.04
4.956
4.715
4.395
4.033
3.626
3.268
3.034
2.912
2.95
3.08
3.207
3.354
3.583
3.817
3.976
4.091
4.239
4.323
4.221
3.967
3.625
3.3
3.092
3.025
2.946
2.688
2.2
1.648
1.288
1.111
0.953
0.764
0.621
0.566
0.53
0.396
0.172
-0.011
-0.103
-0.161
-0.225
-0.272
-0.371
-0.566
-0.728
-0.791
-0.866
-0.984
-1.123
-1.306
-1.419
-1.356
-1.057
-0.675
-0.374
-0.136
0.106
0.387
0.68
0.918
1.082
1.222
1.356
1.344
1.172
0.945
0.703
0.462
0.281
0.172
0.228
0.504
0.957
1.461
1.865
2.107
2.261
2.379
2.46
2.694
3.068
3.372
3.701
4.116
4.395
4.42
4.311
4.208
4.198
4.266
4.45
4.853
5.301
5.605
5.926
6.353
6.693
6.821
6.757
6.607
6.559
6.579
6.593
6.578
6.353
5.884
5.461
5.235
5.266
5.616
6.083
6.526
6.961
7.335
7.528
7.619
7.66
7.712
7.787
7.733
7.63
7.591
7.546
7.623
7.977
8.378
8.567
8.506
8.336
8.199
8.041
7.719
7.296
6.93
6.521
6.004
5.346
4.607
3.991
3.747
4.03
4.831
5.826
6.648
7.242
7.684
7.973
8.034
7.614
6.598
5.351
4.08
2.789
1.692
1
0.689
0.757
1.408
2.755
4.582
6.372
7.757
8.712
9.225
9.236
8.766
7.748
6.144
4.074
1.828
-0.133
-1.377
-1.805
-1.522
-0.551
1.007
3.023
5.371
7.683
9.555
10.899
11.693
11.865
11.28
9.726
7.429
5.001
2.942
1.622
1.304
1.943
3.538
6.072
9.181
12.416
15.478
18
19.749
20.569
20.226
18.704
16.274
13.312
10.459
8.347
7.174
6.93
7.635
9.245
11.647
14.621
17.78
20.759
23.134
24.595
25.123
24.738
23.381
21.183
18.522
15.911
13.771
12.287
11.695
12.221
13.766
16.016
18.77
21.732
24.449
26.493
27.729
28.217
27.952
26.788
24.869
22.621
20.296
17.998
15.984
14.684
14.426
15.179
16.719
18.872
21.355
23.765
25.865
27.596
28.657
28.743
27.795
26.01
23.706
21.16
18.691
16.617
15.166
14.435
14.426
14.996
16.018
17.439
18.962
20.223
21.242
22.095
22.591
22.347
21.251
19.548
17.366
14.812
12.162
9.826
8.163
7.222
6.955
7.287
8.141
9.245
10.377
11.432
12.23
12.52
12.251
11.529
10.266
8.411
6.16
3.817
1.537
-0.54
-2.184
-3.187
-3.363
-2.629
-1.077
1
3.154
5.133
6.846
7.95
8.136
7.539
6.459
4.922
2.992
0.948
-0.978
-2.651
-3.854
-4.319
-4.066
-3.268
-1.93
-0.006
2.302
4.5
6.405
8.02
9.114
9.479
9.111
8.191
6.791
5.085
3.371
1.989
1.157
0.861
1.075
1.898
3.262
4.89
6.648
8.433
9.962
11.162
12.115
12.74
12.979
12.643
11.62
10.188
8.69
7.231
6.018
5.133
4.674
4.849
5.639
7.031
8.989
11.003
12.425
13.401
14.246
14.596
14.204
13.537
12.809
11.699
10.359
9.374
8.646
7.769
7.19
7.287
7.635
8.107
8.932
9.792
10.47
11.234
12.119
12.698
12.625
12.117
11.602
11.085
10.422
9.806
9.227
8.553
8.049
7.853
7.753
7.719
7.903
8.378
9.195
10.168
11.053
12.01
12.965
13.562
13.775
13.722
13.423
13.108
12.62
11.763
11.037
10.751
10.637
10.695
11.01
11.353
11.948
12.958
14.081
15.183
16.041
16.368
16.309
16.066
15.601
15.156
14.812
14.546
14.7
15.272
15.807
16.268
16.856
17.372
17.755
18.01
18.146
18.218
18.241
18.326
18.57
18.801
18.82
18.715
18.538
18.475
18.725
18.951
18.99
19.208
19.711
20.212
20.523
20.664
20.68
20.552
20.41
20.502
20.777
20.95
20.965
21.029
21.081
21.02
20.797
20.426
20.028
19.811
19.784
19.693
19.461
19.305
19.42
19.564
19.333
18.965
18.831
18.692
18.346
18.094
17.958
17.738
17.486
17.325
17.148
16.794
16.519
16.527
16.613
16.506
16.34
16.352
16.429
16.46
16.458
16.277
15.866
15.582
15.621
15.925
16.393
16.796
16.903
16.785
16.764
16.864
16.846
16.572
16.279
16.136
16.211
16.479
16.583
16.363
16.157
16.252
16.454
16.626
16.773
16.853
17.035
17.443
17.938
18.271
18.271
17.935
17.57
17.222
16.733
16.315
16.173
16.154
16.152
16.209
16.277
16.357
16.556
16.876
17.164
17.395
17.59
17.718
17.835
17.91
17.869
17.654
17.255
16.748
16.204
15.716
15.445
15.51
15.774
16.045
16.322
16.603
16.885
17.25
17.731
18.312
18.901
19.266
19.386
19.395
19.221
18.824
18.446
18.196
17.939
17.718
17.626
17.704
17.883
18.175
18.725
19.455
20.069
20.317
20.172
19.822
19.528
19.339
19.135
18.797
18.425
18.119
17.826
17.565
17.506
17.733
18.134
18.675
19.386
20.176
20.793
21.108
21.188
21.169
20.973
20.405
19.615
18.833
18.207
17.708
17.386
17.184
16.99
16.681
16.309
16.089
16.123
16.215
16.277
16.395
16.519
16.767
16.962
16.683
16.12
15.654
15.122
14.508
14.233
14.229
14.417
14.807
15.136
15.303
15.453
15.517
15.521
15.69
15.637
15.277
14.934
14.544
14.072
13.752
13.321
12.723
12.459
12.539
12.799
13.052
13.285
13.596
13.939
14.104
13.877
13.189
12.262
11.532
10.933
10.651
10.989
11.638
12.423
13.485
14.426
14.803
15.206
15.615
15.487
15.188
14.993
14.528
13.881
13.373
12.849
12.341
11.84
11.416
11.307
11.307
11.267
11.563
12.276
12.784
12.89
12.922
13.002
12.938
12.491
11.951
11.749
11.666
11.337
10.991
10.659
10.141
9.613
9.24
9.177
9.543
10.168
10.76
11.27
11.588
11.582
11.477
11.329
10.903
10.116
9.177
8.338
7.787
7.204
6.272
5.327
4.738
4.45
4.44
4.736
5.176
5.611
6.04
6.626
7.242
7.589
7.6
7.279
6.736
6.144
5.323
4.139
3.012
2.189
1.576
1.134
0.85
0.58
0.442
0.624
1.007
1.522
2.132
2.635
2.925
2.987
2.655
1.952
1.115
0.256
-0.437
-0.939
-1.356
-1.669
-1.818
-2
-2.22
-2.279
-2.181
-1.889
-1.562
-1.483
-1.656
-1.93
-2.302
-2.593
-2.688
-3
-3.642
-4.244
-4.661
-4.969
-5.255
-5.575
-5.68
-5.452
-5.058
-4.688
-4.579
-4.774
-5.076
-5.266
-5.366
-5.489
-5.779
-6.23
-6.582
-6.743
-6.807
-6.908
-7.038
-7.05
-6.796
-6.274
-5.672
-5.144
-4.668
-4.121
-3.65
-3.483
-3.536
-3.683
-3.999
-4.323
-4.411
-4.515
-4.761
-5.04
-5.31
-5.469
-5.416
-5.212
-4.919
-4.543
-4.125
-3.654
-3.121
-2.543
-1.851
-1.152
-0.889
-1.099
-1.363
-1.614
-1.966
-2.413
-2.889
-3.386
-3.965
-4.674
-5.346
-5.831
-6.176
-6.297
-6.06
-5.609
-5.194
-4.852
-4.529
-4.266
-4.11
-3.957
-3.894
-4.074
-4.375
-4.665
-5.012
-5.432
-5.898
-6.419
-7.045
-7.705
-8.218
-8.401
-8.313
-8.057
-7.68
-7.358
-7.301
-7.417
-7.51
-7.537
-7.541
-7.708
-8.134
-8.717
-9.288
-9.819
-10.284
-10.604
-10.801
-10.891
-10.819
-10.624
-10.38
-10.064
-9.63
-8.982
-8.191
-7.68
-7.753
-8.231
-8.925
-9.803
-10.631
-11.159
-11.362
-11.343
-11.278
-11.284
-11.248
-11.039
-10.645
-9.917
-8.844
-7.63
-6.489
-5.594
-5.031
-4.779
-4.786
-4.969
-5.162
-5.291
-5.464
-5.704
-5.874
-5.94
-5.922
-5.779
-5.461
-4.963
-4.291
-3.516
-2.799
-2.365
-2.186
-2.039
-1.826
-1.519
-1.27
-1.229
-1.322
-1.34
-1.159
-0.746
-0.122
0.582
1.184
1.612
2
2.413
2.688
2.853
3.019
3.153
3.212
3.043
2.524
1.986
1.865
2.145
2.724
3.461
4.085
4.493
4.815
5.094
5.206
5.151
4.978
4.744
4.475
4.191
3.98
3.806
3.547
3.341
3.397
3.692
4.069
4.407
4.715
4.987
5.237
5.475
5.546
5.276
4.738
4.178
3.812
3.642
3.443
3.121
2.853
2.705
2.644
2.599
2.545
2.481
2.44
2.331
2.15
1.993
1.846
1.542
1.034
0.49
0.077
-0.192
-0.437
-0.669
-0.834
-1.023
-1.22
-1.272
-1.179
-1.138
-1.149
-1.104
-0.978
-0.928
-1.17
-1.719
-2.275
-2.655
-3.039
-3.495
-3.944
-4.334
-4.643
-4.779
-4.724
-4.489
-4.153
-4.03
-4.169
-4.103
-3.733
-3.513
-3.647
-3.874
-4.03
-4.291
-4.906
-5.68
-6.283
-6.632
-6.732
-6.489
-6.01
-5.631
-5.432
-5.237
-4.881
-4.428
-4.11
-4.1
-4.334
-4.611
-4.802
-4.815
-4.699
-4.697
-4.84
-5.006
-5.123
-5.133
-5.096
-5.142
-5.257
-5.255
-5.051
-4.892
-4.942
-4.99
-4.815
-4.548
-4.382
-4.37
-4.527
-4.831
-5.112
-5.217
-5.19
-5.303
-5.634
-5.999
-6.224
-6.294
-6.276
-6.238
-6.124
-5.906
-5.602
-5.178
-4.632
-4.071
-3.611
-3.388
-3.606
-4.089
-4.638
-5.346
-6.076
-6.505
-6.662
-6.738
-6.752
-6.673
-6.505
-6.233
-5.786
-5.178
-4.565
-4.169
-4.087
-4.233
-4.428
-4.548
-4.657
-4.931
-5.455
-6.104
-6.676
-6.983
-6.988
-6.83
-6.671
-6.566
-6.433
-6.172
-5.789
-5.323
-4.869
-4.432
-3.996
-3.772
-4.03
-4.64
-5.26
-5.745
-6.163
-6.626
-7.054
-7.408
-7.673
-7.683
-7.321
-6.813
-6.448
-6.176
-5.99
-5.99
-6.058
-6.047
-6.151
-6.553
-7.104
-7.646
-8.183
-8.667
-8.869
-8.798
-8.578
-8.186
-7.712
-7.455
-7.483
-7.585
-7.723
-8.034
-8.51
-9.055
-9.602
-10.118
-10.529
-10.706
-10.595
-10.43
-10.332
-10.232
-10.112
-10.014
-9.906
-9.762
-9.697
-9.717
-9.792
-9.898
-10.028
-10.221
-10.554
-10.976
-11.318
-11.459
-11.441
-11.35
-11.248
-11.167
-11.06
-10.905
-10.774
-10.788
-10.916
-10.938
-10.763
-10.59
-10.586
-10.659
-10.788
-11.013
-11.18
-11.167
-11.15
-11.205
-11.228
-11.116
-10.89
-10.674
-10.57
-10.57
-10.563
-10.467
-10.445
-10.695
-11.125
-11.45
-11.563
-11.534
-11.337
-11.01
-10.717
-10.463
-10.191
-9.914
-9.683
-9.483
-9.288
-9.173
-9.154
-9.218
-9.465
-9.909
-10.327
-10.611
-10.894
-11.162
-11.187
-11.024
-10.905
-10.871
-10.776
-10.667
-10.679
-10.674
-10.497
-10.28
-10.193
-10.202
-10.196
-10.209
-10.255
-10.18
-9.959
-9.867
-10.073
-10.422
-10.749
-10.978
-11.091
-11.217
-11.432
-11.611
-11.643
-11.645
-11.708
-11.706
-11.596
-11.599
-11.82
-12.02
-12.042
-12.099
-12.274
-12.305
-12.13
-12.037
-12.124
-12.269
-12.491
-12.727
-12.686
-12.35
-12.045
-11.992
-12.176
-12.444
-12.668
-12.874
-13.085
-13.135
-12.977
-12.904
-13.09
-13.389
-13.587
-13.571
-13.314
-12.854
-12.402
-12.235
-12.33
-12.373
-12.277
-12.199
-12.165
-12.244
-12.5
-12.849
-13.081
-13.031
-12.813
-12.591
-12.355
-11.962
-11.545
-11.298
-11.212
-11.195
-11.2
-11.091
-10.838
-10.745
-10.949
-11.239
-11.341
-11.232
-11.116
-11.119
-11.134
-11.155
-11.318
-11.527
-11.586
-11.491
-11.384
-11.298
-11.125
-10.763
-10.261
-9.914
-9.903
-10.014
-10.064
-10.143
-10.359
-10.713
-11.217
-11.683
-11.858
-11.767
-11.688
-11.652
-11.414
-10.788
-9.946
-9.365
-9.352
-9.739
-10.152
-10.497
-10.865
-11.259
-11.643
-12.024
-12.282
-12.325
-12.262
-12.092
-11.731
-11.195
-10.595
-10.101
-9.856
-9.822
-9.892
-10.021
-10.076
-10.026
-10.101
-10.529
-11.134
-11.524
-11.608
-11.607
-11.681
-11.767
-11.802
-11.822
-11.797
-11.747
-11.713
-11.652
-11.438
-11.049
-10.679
-10.565
-10.665
-10.792
-10.93
-11.139
-11.434
-11.717
-11.858
-11.851
-11.87
-11.886
-11.706
-11.345
-10.951
-10.688
-10.695
-10.883
-11.046
-11.298
-11.845
-12.581
-13.253
-13.655
-13.768
-13.802
-13.877
-13.952
-13.954
-13.802
-13.471
-13.106
-12.711
-12.216
-11.802
-11.693
-11.827
-12.017
-12.049
-11.892
-11.792
-11.906
-12.107
-12.307
-12.616
-13.119
-13.63
-13.855
-13.816
-13.66
-13.389
-13.033
-12.727
-12.575
-12.625
-12.729
-12.725
-12.781
-13.069
-13.577
-14.299
-15.007
-15.42
-15.685
-15.966
-16.107
-15.97
-15.526
-14.884
-14.321
-13.834
-13.222
-12.494
-11.813
-11.474
-11.766
-12.434
-13.015
-13.607
-14.349
-15.022
-15.492
-15.732
-15.71
-15.557
-15.442
-15.345
-15.158
-14.841
-14.435
-14.029
-13.655
-13.43
-13.543
-13.939
-14.405
-14.837
-15.238
-15.644
-15.957
-15.944
-15.481
-14.717
-13.87
-13.092
-12.335
-11.498
-10.636
-9.98
-9.737
-9.772
-9.823
-9.923
-10.271
-10.781
-11.223
-11.543
-11.756
-11.702
-11.395
-11.189
-11.178
-11.128
-10.915
-10.581
-10.126
-9.649
-9.323
-9.268
-9.349
-9.29
-9.05
-8.798
-8.64
-8.51
-8.378
-8.331
-8.397
-8.415
-8.222
-7.903
-7.58
-7.271
-7.058
-7.097
-7.342
-7.571
-7.684
-7.809
-8.054
-8.372
-8.721
-9.175
-9.703
-10.098
-10.211
-10.137
-10.107
-10.291
-10.547
-10.701
-10.779
-10.891
-11.087
-11.293
-11.387
-11.407
-11.402
-11.329
-11.244
-11.178
-11.112
-11.108
-11.332
-11.772
-12.215
-12.584
-12.893
-13.09
-13.269
-13.552
-13.925
-14.188
-14.196
-14.126
-14.206
-14.346
-14.451
-14.628
-14.941
-15.338
-15.669
-15.789
-15.755
-15.728
-15.632
-15.39
-15.113
-14.918
-14.746
-14.528
-14.329
-14.224
-14.156
-14.074
-14.042
-14.047
-13.88
-13.418
-12.904
-12.564
-12.414
-12.346
-12.291
-12.232
-12.237
-12.444
-12.843
-13.212
-13.281
-13.113
-12.943
-12.856
-12.809
-12.616
-12.246
-11.833
-11.457
-11.078
-10.704
-10.375
-10.15
-10.041
-10.051
-10.121
-10.123
-9.873
-9.324
-8.753
-8.424
-8.299
-8.186
-7.937
-7.628
-7.335
-7.052
-6.8
-6.596
-6.484
-6.505
-6.627
-6.684
-6.618
-6.444
-6.183
-6.105
-6.322
-6.578
-6.716
-6.775
-6.691
-6.462
-6.276
-6.255
-6.289
-6.267
-6.183
-6.049
-5.85
-5.589
-5.366
-5.237
-5.112
-4.922
-4.683
-4.361
-3.976
-3.679
-3.511
-3.533
-3.826
-4.28
-4.695
-5.176
-5.904
-6.777
-7.48
-7.95
-8.331
-8.562
-8.533
-8.294
-7.903
-7.383
-6.893
-6.579
-6.421
-6.378
-6.496
-6.813
-7.274
-7.728
-8.061
-8.219
-8.283
-8.331
-8.294
-8
-7.528
-7.181
-6.952
-6.554
-5.92
-5.4
-5.265
-5.412
-5.691
-6.104
-6.639
-7.254
-7.907
-8.533
-9.034
-9.381
-9.664
-9.887
-9.939
-9.635
-9.086
-8.583
-8.238
-7.923
-7.533
-7.117
-6.825
-6.648
-6.373
-6.004
-5.82
-5.909
-5.943
-5.666
-5.218
-4.877
-4.682
-4.495
-4.389
-4.484
-4.711
-4.967
-5.146
-5.257
-5.382
-5.557
-5.697
-5.745
-5.656
-5.318
-4.772
-4.307
-4.089
-3.942
-3.737
-3.586
-3.508
-3.402
-3.191
-2.948
-2.747
-2.594
-2.356
-1.952
-1.501
-1.157
-0.932
-0.761
-0.578
-0.342
-0.095
0.225
0.626
0.986
1.172
1.136
0.918
0.678
0.504
0.31
-0.056
-0.541
-0.978
-1.24
-1.265
-1.018
-0.596
-0.108
0.419
0.993
1.536
2.068
2.722
3.359
3.67
3.541
3.043
2.336
1.673
1.27
1.174
1.279
1.372
1.347
1.297
1.293
1.313
1.44
1.712
1.902
1.855
1.667
1.472
1.285
1.157
1.118
1.082
0.864
0.48
0.111
-0.131
-0.285
-0.297
-0.128
0.02
-0.004
-0.013
0.236
0.641
0.982
1.124
0.973
0.462
-0.392
-1.354
-2.156
-2.751
-3.209
-3.47
-3.479
-3.259
-2.817
-2.227
-1.687
-1.29
-1.009
-0.83
-0.73
-0.694
-0.728
-0.714
-0.528
-0.27
-0.192
-0.274
-0.183
0.253
0.844
1.347
1.726
1.998
2.084
1.989
1.865
1.771
1.707
1.576
1.26
0.903
0.736
0.778
1.014
1.558
2.315
2.853
3.007
2.964
2.9
2.948
3.237
3.726
4.146
4.286
4.183
3.996
3.854
3.906
4.15
4.475
4.831
5.326
5.931
6.269
6.269
6.312
6.573
6.696
6.451
6.063
5.815
5.691
5.575
5.5
5.473
5.389
5.206
5.056
5.015
5.072
5.243
5.525
5.761
5.826
5.823
5.873
6.072
6.355
6.652
6.886
6.936
6.788
6.604
6.434
6.176
5.918
5.809
5.722
5.594
5.6
5.777
5.79
5.525
5.218
5.108
5.173
5.235
5.153
4.949
4.611
4.071
3.372
2.624
1.921
1.456
1.358
1.656
2.202
2.817
3.567
4.573
5.639
6.501
6.966
6.916
6.362
5.446
4.398
3.382
2.459
1.712
1.27
1.157
1.499
2.459
3.899
5.547
7.206
8.583
9.286
9.181
8.481
7.315
5.62
3.606
1.787
0.426
-0.566
-1.077
-0.861
0.091
1.639
3.654
5.947
8.328
10.517
12.327
13.526
13.825
13.174
11.792
9.787
7.401
5.171
3.475
2.456
2.239
2.928
4.411
6.478
8.989
11.724
14.24
16.175
17.414
17.858
17.497
16.547
15.183
13.432
11.459
9.567
8.066
7.392
7.959
9.703
12.153
14.918
17.754
20.328
22.231
23.241
23.492
23.07
21.941
20.31
18.583
16.928
15.465
14.478
14.304
15.047
16.377
17.985
19.732
21.553
23.391
25.039
26.203
26.77
26.811
26.241
25.059
23.556
21.936
20.212
18.683
17.767
17.561
17.953
18.851
20.167
21.691
23.17
24.498
25.516
25.958
25.762
25.143
24.323
23.311
21.977
20.353
18.661
17.186
16.252
16.059
16.456
17.116
17.869
18.829
19.981
21.049
21.639
21.596
20.926
19.677
17.989
16.084
14.142
12.277
10.659
9.413
8.626
8.297
8.381
8.839
9.667
10.709
11.691
12.432
12.781
12.591
11.774
10.509
9.061
7.476
5.672
3.892
2.438
1.322
0.519
0.066
-0.05
0.145
0.635
1.369
2.15
2.697
3.012
3.243
3.334
3.143
2.633
1.868
0.995
0.215
-0.403
-0.803
-0.939
-0.836
-0.501
0.125
1.045
2.139
3.154
3.906
4.414
4.74
4.822
4.674
4.411
4.185
4.019
3.76
3.307
2.946
2.964
3.268
3.79
4.586
5.569
6.498
7.29
8.029
8.751
9.324
9.649
9.817
9.912
9.823
9.515
9.218
9.106
9.139
9.116
9.032
8.991
9.034
9.175
9.381
9.66
10.062
10.527
10.964
11.343
11.479
11.341
11.153
11.137
11.25
11.282
11.083
10.695
10.313
10.28
10.831
11.287
10.969
10.559
10.715
10.799
10.413
10.202
10.42
10.609
10.662
10.808
10.826
10.431
10.123
10.5
10.908
10.699
10.327
10.023
9.597
9.368
9.597
9.901
9.907
9.847
10.062
10.534
10.951
11.304
11.643
11.702
11.507
11.244
10.921
10.592
10.413
10.418
10.554
10.611
10.575
10.745
11.066
11.328
11.568
11.767
12.008
12.568
13.031
13.094
13.156
13.387
13.673
14.095
14.555
14.832
14.979
15.082
15.353
16.005
16.586
16.613
16.497
16.504
16.506
16.661
16.943
17.211
17.69
18.234
18.538
18.776
19.029
19.087
19.141
19.361
19.478
19.346
18.985
18.808
19.225
19.832
20.144
20.24
20.237
20.346
20.8
21.163
21.011
20.764
20.784
20.825
20.61
20.181
19.838
19.589
19.228
18.967
18.892
18.622
18.178
17.805
17.551
17.459
17.468
17.289
16.857
16.474
16.223
15.923
15.542
15.353
15.528
15.805
15.814
15.596
15.422
15.277
15.191
15.245
15.345
15.333
15.306
15.462
15.671
15.594
15.353
15.275
15.256
15.057
14.818
14.675
14.396
14.05
14.029
14.167
14.174
14.385
14.934
15.397
15.499
15.422
15.353
15.383
15.596
15.821
15.499
14.782
14.496
14.5
14.326
14.288
14.564
14.891
15.168
15.383
15.532
15.629
15.624
15.59
15.582
15.447
15.091
14.564
13.947
13.546
13.688
14.095
14.329
14.517
14.918
15.445
15.909
16.273
16.499
16.686
17.048
17.431
17.447
17.189
16.898
16.735
16.697
16.422
15.941
15.621
15.467
15.462
15.716
16.005
16.261
16.789
17.531
18.232
18.717
18.867
18.692
18.475
18.482
18.658
18.729
18.602
18.377
18.087
17.701
17.479
17.57
17.693
17.796
18.139
18.533
18.677
18.647
18.602
18.493
18.329
18.167
18.15
18.264
18.167
17.74
17.445
17.465
17.549
17.676
17.801
17.796
17.785
17.788
17.914
18.25
18.446
18.373
18.301
18.08
17.622
17.171
16.714
16.209
15.85
15.646
15.44
15.213
14.982
14.841
14.803
14.779
14.823
14.927
14.946
14.968
15.027
14.779
14.165
13.462
12.879
12.407
11.903
11.304
10.874
10.844
11.11
11.532
11.945
12.301
12.731
13.258
13.605
13.557
13.172
12.75
12.5
12.332
12.137
11.92
11.716
11.611
11.699
11.802
11.881
12.215
12.768
13.285
13.757
14.079
14.05
13.775
13.467
13.292
13.269
13.163
12.82
12.36
11.886
11.527
11.432
11.488
11.527
11.604
11.652
11.549
11.591
11.799
11.973
12.132
12.201
12.126
12.021
11.799
11.409
11.08
10.729
10.368
10.175
9.953
9.59
9.279
9.118
9.145
9.385
9.565
9.54
9.46
9.435
9.431
9.352
9.044
8.621
8.297
7.939
7.541
7.276
7.126
7.054
7.075
7.167
7.287
7.274
6.975
6.593
6.303
6.029
5.704
5.276
4.707
4.208
4.003
3.999
3.971
3.846
3.675
3.586
3.617
3.64
3.575
3.396
3.007
2.44
1.746
0.9
0.052
-0.541
-0.82
-0.87
-0.823
-0.757
-0.603
-0.36
-0.192
-0.156
-0.167
-0.242
-0.516
-1.093
-1.935
-2.774
-3.461
-4.001
-4.307
-4.439
-4.552
-4.654
-4.627
-4.32
-3.656
-2.919
-2.422
-2.03
-1.551
-1.249
-1.499
-2.205
-3.021
-3.77
-4.482
-5.242
-6.038
-6.639
-6.916
-6.902
-6.682
-6.294
-5.706
-5.044
-4.475
-3.98
-3.586
-3.4
-3.497
-3.919
-4.565
-5.148
-5.597
-6.035
-6.403
-6.607
-6.657
-6.543
-6.28
-5.859
-5.268
-4.686
-4.21
-3.779
-3.433
-3.238
-3.252
-3.461
-3.726
-3.967
-4.244
-4.598
-4.94
-5.156
-5.103
-4.744
-4.183
-3.602
-3.132
-2.785
-2.515
-2.315
-2.145
-2.014
-1.948
-1.848
-1.712
-1.698
-1.932
-2.329
-2.753
-3.039
-3.157
-3.173
-3.164
-3.193
-3.182
-3.021
-2.719
-2.399
-2.18
-2.161
-2.289
-2.46
-2.69
-2.946
-3.207
-3.513
-3.882
-4.284
-4.793
-5.377
-5.92
-6.389
-6.741
-6.872
-6.8
-6.637
-6.464
-6.383
-6.444
-6.557
-6.657
-6.813
-7.117
-7.491
-7.887
-8.333
-8.769
-9.114
-9.381
-9.61
-9.778
-9.856
-9.923
-10.102
-10.309
-10.4
-10.366
-10.268
-10.057
-9.744
-9.529
-9.569
-9.676
-9.565
-9.259
-9.007
-8.862
-8.816
-9.025
-9.494
-10.007
-10.513
-11.039
-11.275
-10.926
-10.238
-9.602
-9.077
-8.59
-8.099
-7.539
-6.858
-6.199
-5.765
-5.477
-5.167
-5.036
-5.293
-5.702
-6.018
-6.194
-6.224
-6.085
-5.72
-5.187
-4.627
-3.957
-3.021
-1.893
-0.716
0.34
1.039
1.39
1.578
1.569
1.274
0.855
0.415
-0.063
-0.46
-0.537
-0.188
0.482
1.302
2.127
2.937
3.867
5.056
6.101
6.582
6.652
6.512
6.183
5.873
5.609
5.282
5.06
5.142
5.475
5.893
6.372
6.943
7.687
8.377
8.678
8.682
8.617
8.503
8.333
8.049
7.524
6.738
5.752
4.704
3.987
3.865
4.185
4.732
5.437
6.19
6.768
7.081
7.215
7.333
7.412
7.242
6.757
6.076
5.215
4.27
3.556
3.234
3.182
3.227
3.307
3.463
3.796
4.225
4.527
4.679
4.611
4.155
3.408
2.585
1.707
0.819
0.163
-0.125
-0.17
-0.125
-0.008
0.295
0.682
0.886
0.816
0.635
0.356
-0.063
-0.415
-0.557
-0.686
-0.939
-1.229
-1.481
-1.712
-2.011
-2.322
-2.504
-2.615
-2.792
-2.971
-3.042
-3.007
-2.869
-2.733
-2.74
-2.867
-3.093
-3.422
-3.74
-3.921
-3.967
-3.93
-3.851
-3.808
-3.756
-3.583
-3.307
-2.962
-2.69
-2.73
-3.177
-3.787
-4.316
-4.645
-4.804
-4.844
-4.754
-4.489
-4.094
-3.608
-3.053
-2.556
-2.127
-1.706
-1.438
-1.438
-1.594
-1.898
-2.343
-2.862
-3.6
-4.595
-5.536
-6.205
-6.484
-6.283
-5.722
-5.051
-4.336
-3.681
-3.107
-2.524
-1.989
-1.673
-1.589
-1.737
-2.052
-2.447
-2.973
-3.513
-3.84
-4.016
-4.246
-4.534
-4.836
-4.915
-4.513
-3.692
-2.805
-2.114
-1.746
-1.692
-1.76
-1.862
-2.068
-2.426
-3.007
-3.821
-4.62
-5.194
-5.595
-5.856
-5.879
-5.634
-5.335
-5.094
-4.804
-4.32
-3.695
-3.023
-2.356
-1.823
-1.726
-2.284
-3.162
-3.876
-4.459
-5.053
-5.63
-6.226
-6.8
-7.14
-7.092
-6.712
-6.158
-5.605
-5.117
-4.804
-4.64
-4.443
-4.239
-4.266
-4.515
-4.924
-5.522
-6.213
-6.818
-7.159
-7.234
-7.222
-7.151
-7.011
-6.918
-6.843
-6.518
-5.94
-5.412
-5.266
-5.536
-5.945
-6.376
-6.857
-7.226
-7.415
-7.694
-8.104
-8.556
-8.996
-9.348
-9.481
-9.256
-8.719
-8.188
-7.932
-7.854
-7.818
-7.864
-8.018
-8.157
-8.224
-8.44
-9.081
-9.898
-10.454
-10.651
-10.651
-10.588
-10.509
-10.33
-10.057
-9.597
-8.961
-8.458
-8.279
-8.283
-8.444
-8.821
-9.37
-10.048
-10.697
-11.089
-11.309
-11.504
-11.547
-11.353
-10.921
-10.288
-9.543
-8.894
-8.515
-8.461
-8.542
-8.512
-8.481
-8.707
-9.168
-9.683
-10.211
-10.676
-10.938
-10.896
-10.586
-10.182
-9.867
-9.678
-9.543
-9.365
-9.109
-8.794
-8.462
-8.218
-8.304
-8.757
-9.195
-9.409
-9.583
-9.894
-10.232
-10.447
-10.584
-10.763
-10.915
-10.924
-10.779
-10.545
-10.263
-10.055
-9.926
-9.808
-9.73
-9.71
-9.68
-9.76
-10.132
-10.62
-10.978
-11.228
-11.504
-11.853
-12.246
-12.486
-12.473
-12.339
-12.264
-12.355
-12.561
-12.756
-12.947
-13.172
-13.369
-13.381
-13.169
-12.87
-12.74
-12.915
-13.135
-13.142
-13.047
-13.085
-13.26
-13.543
-13.897
-14.208
-14.369
-14.421
-14.569
-14.902
-15.216
-15.42
-15.629
-15.805
-15.707
-15.245
-14.625
-14.117
-13.782
-13.613
-13.598
-13.643
-13.637
-13.487
-13.328
-13.323
-13.468
-13.571
-13.501
-13.306
-13.113
-12.933
-12.648
-12.312
-12.135
-12.11
-12.071
-12.008
-11.911
-11.681
-11.45
-11.527
-11.94
-12.339
-12.452
-12.373
-12.244
-12.045
-11.772
-11.529
-11.429
-11.518
-11.629
-11.482
-11.069
-10.542
-9.996
-9.472
-9.15
-9.15
-9.39
-9.742
-10.068
-10.255
-10.271
-10.327
-10.634
-11.069
-11.341
-11.375
-11.259
-11.094
-10.901
-10.636
-10.359
-10.152
-10.08
-10.087
-10.073
-10.012
-10.096
-10.402
-10.871
-11.412
-11.87
-12.042
-11.895
-11.502
-10.996
-10.567
-10.332
-10.243
-10.232
-10.3
-10.388
-10.402
-10.352
-10.307
-10.336
-10.511
-10.835
-11.15
-11.264
-11.171
-11.162
-11.416
-11.717
-11.851
-11.886
-11.874
-11.867
-11.99
-12.294
-12.534
-12.528
-12.491
-12.72
-13.049
-13.201
-13.178
-13.092
-12.94
-12.69
-12.364
-11.958
-11.545
-11.259
-11.164
-11.184
-11.237
-11.307
-11.491
-11.815
-12.237
-12.723
-13.194
-13.446
-13.414
-13.21
-12.885
-12.523
-12.312
-12.232
-12.205
-12.232
-12.312
-12.482
-12.818
-13.258
-13.661
-13.965
-14.195
-14.308
-14.206
-13.889
-13.53
-13.314
-13.226
-13.067
-12.784
-12.528
-12.434
-12.469
-12.514
-12.604
-12.77
-12.977
-13.128
-13.208
-13.287
-13.371
-13.467
-13.632
-13.757
-13.638
-13.392
-13.283
-13.239
-13.054
-12.802
-12.654
-12.58
-12.586
-12.725
-12.957
-13.194
-13.381
-13.551
-13.718
-13.809
-13.755
-13.641
-13.498
-13.233
-12.884
-12.556
-12.294
-12.087
-12.006
-12.103
-12.371
-12.628
-12.711
-12.636
-12.58
-12.781
-13.289
-13.859
-14.201
-14.251
-14.149
-14.142
-14.442
-14.918
-15.242
-15.338
-15.392
-15.499
-15.526
-15.35
-15.061
-14.748
-14.433
-14.151
-13.956
-13.75
-13.473
-13.187
-13.044
-13.115
-13.226
-13.138
-12.933
-12.902
-13.008
-13.181
-13.448
-13.732
-13.809
-13.705
-13.743
-13.914
-13.847
-13.467
-13.022
-12.648
-12.38
-12.274
-12.341
-12.48
-12.519
-12.43
-12.4
-12.346
-12.062
-11.736
-11.645
-11.588
-11.373
-11.075
-10.745
-10.343
-9.959
-9.705
-9.64
-9.667
-9.579
-9.397
-9.331
-9.481
-9.792
-10.148
-10.47
-10.86
-11.359
-11.727
-11.87
-11.886
-11.783
-11.647
-11.647
-11.629
-11.262
-10.527
-9.817
-9.44
-9.37
-9.474
-9.663
-9.968
-10.366
-10.749
-11.062
-11.307
-11.454
-11.484
-11.482
-11.459
-11.298
-11.037
-10.813
-10.699
-10.695
-10.781
-10.808
-10.821
-10.989
-11.295
-11.638
-12.012
-12.337
-12.65
-13.047
-13.41
-13.691
-13.952
-14.208
-14.458
-14.669
-14.68
-14.396
-13.916
-13.426
-13.027
-12.67
-12.346
-12.07
-11.962
-12.065
-12.277
-12.531
-12.845
-13.127
-13.289
-13.421
-13.457
-13.331
-13.237
-13.278
-13.314
-13.228
-13.088
-13.088
-13.281
-13.491
-13.643
-13.747
-13.722
-13.562
-13.373
-13.206
-13.069
-13.067
-13.174
-13.264
-13.326
-13.414
-13.489
-13.453
-13.312
-13.264
-13.412
-13.496
-13.235
-12.653
-11.985
-11.466
-11.071
-10.72
-10.452
-10.375
-10.504
-10.767
-11.039
-11.217
-11.345
-11.484
-11.716
-11.972
-11.962
-11.679
-11.466
-11.409
-11.273
-11.01
-10.81
-10.688
-10.545
-10.37
-10.059
-9.518
-8.982
-8.696
-8.506
-8.158
-7.662
-7.129
-6.664
-6.333
-6.115
-5.895
-5.681
-5.6
-5.716
-5.904
-6.015
-5.999
-5.856
-5.643
-5.566
-5.826
-6.213
-6.408
-6.487
-6.604
-6.684
-6.712
-6.748
-6.709
-6.509
-6.272
-6.144
-6.093
-5.956
-5.716
-5.566
-5.552
-5.532
-5.419
-5.167
-4.733
-4.298
-4.089
-3.996
-3.821
-3.686
-3.815
-4.096
-4.309
-4.489
-4.718
-4.958
-5.24
-5.641
-5.974
-6.117
-6.172
-6.16
-5.999
-5.82
-5.82
-5.929
-5.968
-5.856
-5.702
-5.697
-5.772
-5.747
-5.625
-5.514
-5.46
-5.455
-5.482
-5.466
-5.348
-5.126
-4.811
-4.545
-4.411
-4.282
-4.196
-4.33
-4.663
-5.023
-5.287
-5.505
-5.811
-6.149
-6.423
-6.643
-6.877
-6.986
-6.866
-6.637
-6.453
-6.285
-6.02
-5.636
-5.251
-4.908
-4.688
-4.643
-4.754
-4.99
-5.206
-5.248
-5.081
-4.786
-4.418
-4.03
-3.835
-3.951
-4.083
-3.91
-3.529
-3.232
-2.973
-2.724
-2.593
-2.574
-2.556
-2.524
-2.579
-2.853
-3.271
-3.566
-3.645
-3.552
-3.321
-2.939
-2.463
-2.057
-1.731
-1.363
-0.884
-0.396
-0.025
0.201
0.315
0.186
-0.217
-0.596
-0.691
-0.519
-0.188
0.247
0.725
1.163
1.653
2.229
2.651
2.749
2.665
2.463
2.139
1.776
1.499
1.338
1.197
1.136
1.174
1.159
1.099
1.232
1.644
2.164
2.533
2.685
2.772
2.892
3.075
3.379
3.733
3.932
3.957
3.842
3.617
3.411
3.204
2.862
2.42
1.982
1.537
1.002
0.504
0.315
0.401
0.585
0.816
0.941
0.68
0.12
-0.407
-0.864
-1.342
-1.717
-1.952
-2.214
-2.459
-2.424
-2.066
-1.547
-0.99
-0.381
0.276
0.832
1.318
1.776
1.993
1.902
1.692
1.585
1.576
1.547
1.417
1.134
0.728
0.476
0.485
0.58
0.714
1.023
1.524
2.039
2.406
2.633
2.769
2.764
2.663
2.672
2.724
2.655
2.624
2.778
3.042
3.397
3.851
4.203
4.468
4.786
5.09
5.337
5.622
5.913
6.099
6.205
6.174
5.873
5.235
4.454
3.89
3.731
3.79
3.894
4.103
4.407
4.749
5.121
5.557
5.856
5.823
5.605
5.416
5.157
4.797
4.52
4.454
4.525
4.683
4.917
5.165
5.351
5.448
5.661
6.069
6.528
6.886
7.1
7.231
7.362
7.56
7.664
7.496
7.081
6.584
6.101
5.68
5.282
4.852
4.375
3.98
3.742
3.65
3.645
3.622
3.654
3.854
4.253
4.829
5.605
6.462
7.234
7.725
7.784
7.449
6.784
5.736
4.414
3.168
2.189
1.551
1.365
1.614
2.279
3.456
5.103
6.882
8.585
10.003
10.808
10.821
10.109
8.612
6.484
4.27
2.343
0.621
-0.778
-1.381
-0.932
0.356
2.279
4.629
7.075
9.315
11.195
12.461
12.888
12.495
11.459
9.853
7.891
5.972
4.319
3.191
2.9
3.458
4.727
6.736
9.395
12.277
14.839
16.737
17.917
18.351
17.98
16.846
15.068
12.865
10.651
8.9
7.839
7.516
8.034
9.373
11.203
13.253
15.435
17.57
19.244
20.271
20.711
20.555
19.863
18.971
17.947
16.656
15.426
14.709
14.578
14.884
15.592
16.681
18.243
20.167
21.968
23.259
24.119
24.613
24.538
23.882
22.755
21.263
19.715
18.407
17.379
16.701
16.588
17.098
18.108
19.4
20.895
22.508
23.896
24.747
25.053
24.883
24.227
23.218
22.061
20.877
19.684
18.452
17.318
16.517
16.238
16.515
17.286
18.448
19.693
20.6
21.02
21.009
20.562
19.675
18.413
16.881
15.288
13.909
12.723
11.677
10.91
10.55
10.486
10.57
10.713
10.944
11.334
11.713
12.01
12.38
12.65
12.38
11.543
10.391
9.016
7.435
5.834
4.345
3.053
1.901
0.92
0.437
0.585
1.099
1.823
2.767
3.79
4.679
5.237
5.326
4.976
4.253
3.202
2.014
0.819
-0.419
-1.573
-2.306
-2.411
-1.998
-1.163
-0.033
1.14
2.184
3.103
3.906
4.584
5.085
5.398
5.457
5.192
4.586
3.672
2.69
1.877
1.313
1.007
1.054
1.453
2.014
2.708
3.661
4.877
6.197
7.496
8.522
9.15
9.433
9.488
9.309
8.905
8.413
7.837
7.077
6.421
6.19
6.192
6.155
6.224
6.571
7.179
7.939
8.735
9.465
10.057
10.52
10.91
11.162
11.232
11.137
10.919
10.733
10.674
10.681
10.654
10.5
10.213
9.921
9.76
9.881
10.441
11.06
11.248
11.432
12.171
13.035
13.48
13.661
13.722
13.505
13.085
12.731
12.414
11.912
11.463
11.654
12.174
12.391
12.495
12.725
13.054
13.685
14.514
15.136
15.381
15.303
15.143
15.225
15.456
15.517
15.25
14.623
14.14
14.224
14.578
14.843
15.077
15.471
16.045
16.572
16.896
17.306
17.953
18.547
18.931
18.958
18.642
18.434
18.472
18.486
18.466
18.479
18.597
18.922
19.359
19.774
20.128
20.331
20.348
20.323
20.317
20.226
20.112
20.028
19.967
19.918
19.807
19.702
19.788
20.092
20.487
20.875
21.206
21.467
21.698
21.873
21.804
21.444
20.791
20.153
19.933
19.913
19.69
19.255
18.937
18.994
19.405
19.738
19.614
19.196
18.738
18.466
18.346
18.164
17.897
17.629
17.364
17.381
17.799
18.112
18.153
18.017
17.701
17.431
17.295
17.13
16.76
16.309
15.846
15.596
15.451
15.245
15.526
16.334
17.041
17.47
17.93
18.304
18.493
18.45
18.132
17.78
17.59
17.414
17.06
16.656
16.46
16.697
17.068
17.622
18.243
18.284
17.899
17.967
18.363
18.073
17.454
17.196
17.082
17.048
17.322
17.418
16.887
16.322
16.397
16.968
17.327
17.222
17.005
16.885
17.039
17.445
17.322
16.683
16.651
17.118
17.11
16.808
16.737
16.703
16.756
17.041
17.45
17.91
18.212
18.266
18.521
18.747
18.486
18.228
18.171
18.189
18.214
17.958
17.461
17.305
17.47
17.819
18.468
19.09
19.425
19.573
19.528
19.534
19.902
20.256
20.387
20.41
20.271
20.049
19.872
19.874
20.172
20.498
20.639
20.827
20.954
20.827
20.822
20.85
20.56
20.294
20.242
20.282
20.496
20.65
20.625
20.818
21.324
21.832
22.141
22.05
21.623
21.23
20.951
20.707
20.548
20.501
20.462
20.591
20.686
20.466
20.244
20.326
20.432
20.446
20.557
20.512
20.19
19.824
19.386
18.597
17.649
16.955
16.382
15.766
15.288
14.973
14.669
14.5
14.596
14.879
15.154
15.34
15.417
15.356
15.131
14.871
14.746
14.617
14.329
13.843
13.174
12.548
12.205
12.132
12.24
12.432
12.673
12.927
13.069
13.11
13.224
13.269
13.024
12.72
12.752
13.097
13.467
13.577
13.369
13.052
12.863
12.849
12.831
12.673
12.507
12.514
12.723
13.144
13.698
14.147
14.487
14.977
15.512
15.699
15.437
14.957
14.524
14.22
13.939
13.602
13.206
12.654
11.965
11.398
11.108
10.94
10.783
10.742
10.724
10.588
10.413
10.221
10.059
10.009
10.043
10.159
10.372
10.609
10.794
10.949
11.083
11.253
11.341
11.214
10.891
10.463
9.989
9.519
9.189
9.093
9.048
8.812
8.56
8.503
8.401
8.102
7.728
7.274
6.691
6.122
5.539
4.947
4.552
4.38
4.325
4.295
4.194
4.003
3.845
3.756
3.731
3.79
3.815
3.717
3.525
3.234
2.855
2.479
2.082
1.637
1.19
0.746
0.267
-0.217
-0.587
-0.853
-1.154
-1.503
-1.748
-1.927
-2.134
-2.351
-2.56
-2.8
-3.073
-3.347
-3.558
-3.829
-4.273
-4.674
-4.72
-4.602
-4.668
-4.89
-5.142
-5.466
-5.725
-5.779
-5.711
-5.734
-5.898
-6.02
-5.968
-5.772
-5.525
-5.217
-4.836
-4.395
-3.965
-3.633
-3.452
-3.396
-3.552
-4.071
-4.849
-5.704
-6.596
-7.451
-8.258
-8.971
-9.175
-8.79
-8.127
-7.274
-6.26
-5.387
-4.67
-4.053
-3.679
-3.545
-3.525
-3.468
-3.4
-3.527
-3.912
-4.384
-4.856
-5.242
-5.41
-5.28
-4.938
-4.495
-3.965
-3.375
-2.837
-2.422
-2.127
-1.926
-1.755
-1.597
-1.637
-2.036
-2.705
-3.422
-3.955
-4.2
-4.298
-4.482
-4.802
-5.051
-4.987
-4.599
-4.078
-3.572
-3.114
-2.626
-2.109
-1.768
-1.773
-2.041
-2.434
-2.928
-3.563
-4.353
-5.255
-6.153
-6.941
-7.514
-7.72
-7.719
-7.828
-8.004
-7.987
-7.8
-7.703
-7.673
-7.623
-7.575
-7.589
-7.708
-8.041
-8.598
-9.275
-9.959
-10.54
-10.944
-11.264
-11.561
-11.661
-11.491
-11.158
-10.771
-10.395
-10.066
-9.851
-9.896
-10.163
-10.509
-10.919
-11.45
-12.045
-12.482
-12.555
-12.41
-12.307
-12.291
-12.289
-12.146
-11.836
-11.502
-11.212
-10.978
-10.831
-10.645
-10.397
-10.311
-10.438
-10.506
-10.257
-9.751
-9.268
-8.998
-8.925
-8.898
-8.619
-8.013
-7.27
-6.578
-6.043
-5.813
-5.895
-6.006
-5.94
-5.709
-5.371
-4.911
-4.273
-3.563
-3.093
-2.942
-2.822
-2.495
-1.948
-1.331
-0.869
-0.7
-0.714
-0.699
-0.649
-0.612
-0.496
-0.152
0.435
1.124
1.821
2.515
3.225
3.957
4.586
5.019
5.307
5.446
5.364
5.151
4.961
4.902
4.992
5.087
5.019
4.902
4.869
4.942
5.092
5.226
5.298
5.312
5.265
5.21
5.165
4.965
4.632
4.284
3.89
3.508
3.296
3.204
3.129
3.157
3.372
3.722
4.161
4.532
4.618
4.37
3.974
3.577
3.221
2.922
2.669
2.468
2.326
2.12
1.689
1.127
0.685
0.546
0.646
0.771
0.796
0.685
0.431
0.066
-0.276
-0.504
-0.671
-0.798
-0.895
-1.095
-1.354
-1.514
-1.601
-1.701
-1.84
-1.93
-1.93
-1.865
-1.792
-1.717
-1.66
-1.687
-1.785
-1.973
-2.329
-2.758
-3.089
-3.4
-3.86
-4.468
-5.119
-5.745
-6.208
-6.364
-6.258
-5.99
-5.731
-5.552
-5.394
-5.246
-5.167
-5.148
-5.237
-5.486
-5.804
-6.14
-6.487
-6.818
-7.147
-7.449
-7.65
-7.633
-7.331
-6.87
-6.36
-5.709
-4.853
-4.112
-3.758
-3.804
-4.108
-4.479
-4.883
-5.414
-6.047
-6.797
-7.73
-8.687
-9.399
-9.705
-9.644
-9.324
-8.821
-8.116
-7.249
-6.344
-5.45
-4.724
-4.28
-4.116
-4.186
-4.484
-4.928
-5.423
-5.8
-5.974
-6.079
-6.263
-6.451
-6.467
-6.269
-5.899
-5.497
-5.156
-4.869
-4.686
-4.562
-4.393
-4.236
-4.248
-4.507
-4.922
-5.416
-5.854
-6.133
-6.205
-6.104
-5.97
-5.92
-5.815
-5.602
-5.326
-4.953
-4.518
-4.06
-3.724
-3.724
-4.096
-4.574
-4.938
-5.148
-5.268
-5.439
-5.765
-6.194
-6.571
-6.791
-6.841
-6.847
-6.895
-6.895
-6.743
-6.507
-6.267
-6.09
-6.108
-6.301
-6.596
-7.063
-7.698
-8.347
-8.936
-9.443
-9.762
-9.858
-9.931
-10.143
-10.305
-10.087
-9.538
-8.869
-8.233
-7.832
-7.744
-7.737
-7.575
-7.435
-7.63
-8.213
-9.002
-9.783
-10.393
-10.783
-11.016
-11.148
-11.217
-11.278
-11.382
-11.473
-11.523
-11.502
-11.32
-11.066
-10.883
-10.84
-10.974
-11.142
-11.125
-10.871
-10.517
-10.38
-10.64
-11.146
-11.586
-11.738
-11.541
-11.148
-10.767
-10.515
-10.366
-10.291
-10.209
-10.096
-9.944
-9.787
-9.81
-10.034
-10.257
-10.484
-10.796
-10.935
-10.654
-10.223
-9.951
-9.817
-9.688
-9.481
-9.168
-8.685
-8.186
-7.954
-7.982
-8.102
-8.252
-8.342
-8.365
-8.556
-8.977
-9.431
-9.689
-9.783
-9.73
-9.524
-9.352
-9.348
-9.315
-9.025
-8.644
-8.381
-8.118
-7.764
-7.487
-7.524
-7.927
-8.537
-9.105
-9.535
-9.928
-10.37
-10.824
-11.237
-11.536
-11.488
-11.037
-10.45
-10.014
-9.755
-9.619
-9.602
-9.676
-9.828
-10.005
-10.266
-10.656
-11.041
-11.393
-11.853
-12.282
-12.402
-12.126
-11.67
-11.278
-11.071
-11.133
-11.337
-11.393
-11.259
-11.262
-11.559
-11.992
-12.385
-12.698
-12.958
-13.231
-13.476
-13.562
-13.392
-12.968
-12.425
-11.992
-11.845
-12.028
-12.407
-12.77
-13.063
-13.373
-13.666
-13.791
-13.668
-13.339
-12.999
-12.979
-13.287
-13.591
-13.705
-13.8
-13.902
-13.897
-13.834
-13.802
-13.686
-13.301
-12.798
-12.495
-12.452
-12.457
-12.4
-12.312
-12.262
-12.285
-12.35
-12.341
-12.257
-12.26
-12.473
-12.756
-12.835
-12.629
-12.307
-12.087
-11.997
-11.849
-11.527
-11.187
-10.976
-10.888
-10.849
-10.924
-11.112
-11.275
-11.353
-11.423
-11.561
-11.681
-11.584
-11.155
-10.588
-10.272
-10.211
-10.051
-9.672
-9.456
-9.692
-10.198
-10.767
-11.379
-11.872
-12.144
-12.299
-12.416
-12.391
-12.082
-11.549
-11.116
-10.969
-10.955
-10.921
-10.783
-10.475
-10.218
-10.282
-10.563
-10.826
-11.078
-11.323
-11.473
-11.524
-11.579
-11.661
-11.607
-11.35
-11.046
-10.899
-10.928
-10.96
-10.915
-10.91
-11.116
-11.477
-11.767
-11.813
-11.661
-11.495
-11.488
-11.582
-11.566
-11.303
-10.855
-10.515
-10.461
-10.515
-10.475
-10.488
-10.771
-11.255
-11.681
-11.87
-12.006
-12.221
-12.316
-12.212
-11.992
-11.616
-11.028
-10.377
-9.876
-9.664
-9.701
-9.737
-9.797
-10.071
-10.579
-11.173
-11.697
-12.001
-12.119
-12.289
-12.459
-12.5
-12.455
-12.332
-12.103
-11.831
-11.511
-11.071
-10.609
-10.393
-10.609
-11.183
-11.79
-12.191
-12.503
-12.938
-13.552
-14.17
-14.612
-14.864
-14.927
-14.793
-14.475
-13.984
-13.394
-12.977
-12.806
-12.598
-12.339
-12.355
-12.711
-13.269
-14.05
-15.083
-16.154
-16.928
-17.28
-17.336
-17.118
-16.633
-16.064
-15.599
-15.104
-14.478
-13.927
-13.675
-13.746
-13.942
-14.179
-14.575
-15.192
-15.821
-16.322
-16.711
-16.928
-16.862
-16.527
-15.955
-15.177
-14.251
-13.206
-12.18
-11.448
-11.15
-11.108
-11.148
-11.329
-11.699
-12.305
-13.115
-13.967
-14.687
-15.233
-15.629
-15.741
-15.46
-14.893
-14.185
-13.344
-12.407
-11.513
-10.684
-9.998
-9.597
-9.479
-9.472
-9.535
-9.755
-10.091
-10.441
-10.774
-10.999
-10.969
-10.674
-10.313
-10.026
-9.724
-9.259
-8.623
-8.074
-7.837
-7.8
-7.889
-8.12
-8.476
-8.889
-9.374
-9.834
-10.205
-10.502
-10.697
-10.701
-10.561
-10.316
-9.848
-9.123
-8.358
-7.766
-7.392
-7.154
-6.97
-6.941
-7.179
-7.585
-7.984
-8.431
-9.034
-9.592
-9.856
-9.896
-9.98
-10.062
-10.043
-9.996
-10.005
-10.028
-10.068
-10.175
-10.395
-10.792
-11.393
-12.146
-12.932
-13.56
-13.906
-14.034
-14.004
-13.864
-13.65
-13.264
-12.641
-12.046
-11.666
-11.4
-11.187
-11.078
-11.13
-11.391
-11.922
-12.603
-13.197
-13.625
-14.095
-14.687
-15.213
-15.451
-15.467
-15.351
-15.145
-14.923
-14.746
-14.55
-14.249
-13.97
-13.95
-14.149
-14.299
-14.256
-14.095
-13.947
-13.822
-13.663
-13.487
-13.309
-12.972
-12.441
-11.912
-11.561
-11.375
-11.198
-11.05
-11.171
-11.588
-12.006
-12.269
-12.475
-12.664
-12.784
-12.813
-12.69
-12.344
-11.783
-11.158
-10.654
-10.338
-10.116
-9.907
-9.728
-9.622
-9.567
-9.506
-9.323
-9.07
-8.969
-9.016
-9.019
-8.939
-8.814
-8.619
-8.288
-7.959
-7.757
-7.571
-7.276
-6.963
-6.797
-6.793
-6.908
-7.058
-7.137
-7.204
-7.426
-7.83
-8.319
-8.823
-9.218
-9.343
-9.245
-9.044
-8.692
-8.127
-7.503
-7.04
-6.784
-6.621
-6.557
-6.688
-6.988
-7.337
-7.678
-8
-8.222
-8.344
-8.353
-8.134
-7.666
-7.061
-6.464
-6.054
-5.895
-5.935
-6.176
-6.587
-7.095
-7.619
-8.057
-8.399
-8.705
-9.005
-9.225
-9.279
-9.066
-8.542
-7.753
-6.925
-6.312
-5.945
-5.704
-5.561
-5.516
-5.561
-5.697
-5.845
-5.981
-6.142
-6.322
-6.403
-6.249
-5.924
-5.57
-5.221
-4.969
-4.928
-5.001
-5.008
-4.944
-4.931
-4.99
-5.14
-5.491
-5.988
-6.439
-6.822
-7.079
-7.006
-6.582
-6.076
-5.697
-5.36
-4.999
-4.663
-4.345
-3.926
-3.522
-3.363
-3.542
-3.869
-4.173
-4.479
-4.844
-5.173
-5.315
-5.218
-4.922
-4.464
-3.901
-3.318
-2.8
-2.376
-1.998
-1.692
-1.585
-1.865
-2.474
-3.189
-3.874
-4.407
-4.768
-5.056
-5.318
-5.441
-5.262
-4.808
-4.244
-3.626
-2.885
-2.021
-1.149
-0.395
0.07
0.165
-0.102
-0.519
-0.898
-1.249
-1.648
-2.071
-2.454
-2.708
-2.717
-2.506
-2.191
-1.826
-1.319
-0.603
0.14
0.675
0.898
0.766
0.342
-0.208
-0.809
-1.427
-2.041
-2.635
-3.126
-3.377
-3.3
-2.849
-2.096
-1.14
-0.081
0.886
1.567
1.975
2.25
2.436
2.54
2.583
2.488
2.109
1.494
0.855
0.367
0.061
-0.153
-0.345
-0.482
-0.557
-0.576
-0.48
-0.226
0.092
0.29
0.36
0.34
0.131
-0.299
-0.773
-1.22
-1.646
-1.916
-1.939
-1.857
-1.723
-1.467
-1.093
-0.714
-0.412
-0.181
0.027
0.27
0.578
0.928
1.282
1.489
1.386
1.102
0.907
0.839
0.719
0.516
0.457
0.485
0.407
0.342
0.546
1.015
1.551
1.91
2.107
2.314
2.531
2.708
2.872
3.034
3.118
3.021
2.783
2.642
2.621
2.608
2.778
3.271
3.776
4.128
4.473
4.908
5.31
5.664
5.913
5.938
5.734
5.38
5.067
4.903
4.856
4.797
4.64
4.366
4.11
3.994
3.949
3.969
4.16
4.475
4.69
4.765
4.804
4.881
5.115
5.564
6.21
6.836
7.129
7.006
6.766
6.53
6.094
5.539
5.058
4.609
4.248
4.223
4.475
4.786
5.112
5.452
5.74
6.054
6.616
7.39
8.059
8.342
8.186
7.773
7.204
6.509
5.777
5.19
4.824
4.724
4.874
5.037
5.028
4.956
5.036
5.248
5.457
5.516
5.405
5.255
5.246
5.355
5.28
4.892
4.316
3.712
3.154
2.64
2.247
2.136
2.365
2.837
3.393
3.937
4.436
4.913
5.446
5.997
6.276
6.072
5.385
4.33
3.019
1.619
0.415
-0.407
-0.766
-0.546
0.295
1.617
3.177
4.758
6.176
7.265
7.889
7.963
7.524
6.725
5.675
4.484
3.396
2.524
1.753
1.254
1.402
2.34
3.904
5.843
8.02
10.247
12.157
13.417
13.891
13.666
13.004
12.06
10.876
9.59
8.585
8.236
8.651
9.483
10.372
11.479
13.183
15.351
17.411
18.929
19.913
20.589
21.011
20.984
20.385
19.311
18.117
17.261
16.86
16.711
16.783
17.291
18.329
19.757
21.355
23.057
24.729
26.065
26.949
27.399
27.391
27.072
26.529
25.625
24.345
23.073
22.125
21.567
21.383
21.626
22.281
23.209
24.17
24.981
25.591
25.946
25.965
25.647
24.967
23.932
22.719
21.403
20.099
19.006
18.228
17.883
18.094
18.747
19.593
20.489
21.315
21.971
22.306
22.154
21.537
20.539
19.185
17.534
15.676
13.738
12.028
10.871
10.227
9.892
9.928
10.488
11.427
12.314
12.979
13.369
13.312
12.811
12.037
10.921
9.361
7.66
6.135
4.756
3.429
2.22
1.308
0.88
0.984
1.431
2.03
2.654
3.325
4.133
4.938
5.423
5.385
4.824
3.999
3.153
2.281
1.313
0.403
-0.312
-0.848
-1.015
-0.635
0.092
1.032
2.193
3.443
4.654
5.731
6.387
6.578
6.507
6.043
5.194
4.378
3.604
2.688
1.982
1.887
2.363
3.4
4.958
6.643
8.113
9.431
10.819
12.162
13.004
13.306
13.328
13.042
12.341
11.387
10.386
9.515
8.857
8.508
8.542
8.966
9.483
9.871
10.434
11.416
12.461
13.208
13.782
14.283
14.508
14.378
14.124
13.755
12.997
12.051
11.563
11.429
11.019
10.645
10.885
11.304
11.627
12.16
12.654
12.847
13.144
13.573
13.6
13.099
12.525
12.219
11.878
11.167
10.291
9.323
8.306
7.7
7.728
7.977
8
7.803
7.891
8.512
9.261
9.881
10.35
10.411
10.191
9.921
9.488
8.812
7.968
7.156
6.503
5.729
4.811
4.37
4.4
4.477
4.659
5.081
5.881
7.033
7.918
8.422
8.955
9.179
8.95
8.644
8.249
7.683
7.27
7.042
6.933
7.137
7.458
7.787
8.598
9.871
11.1
12.19
13.081
13.866
14.717
15.206
14.998
14.449
13.686
12.748
12.028
11.452
10.77
10.338
10.406
11.173
12.752
14.458
15.775
17.035
18.411
19.877
21.455
22.451
22.354
21.648
20.843
20.002
18.949
17.522
16.207
15.599
15.576
15.891
16.444
17.2
18.388
19.883
21.181
22.202
22.85
22.783
22.183
21.487
20.657
19.464
17.867
16.347
15.381
14.937
14.791
14.941
15.535
16.653
18.108
19.339
20.078
20.466
20.435
19.947
19.176
18.121
16.826
15.705
14.952
14.344
13.897
13.741
13.763
13.97
14.335
14.605
14.773
15.004
15.3
15.69
16.064
15.919
15.208
14.533
14.224
14.006
13.588
13.156
13.019
13.115
13.428
14.095
14.767
15.156
15.453
15.716
15.866
15.884
15.66
15.181
14.642
14.067
13.439
12.806
12.107
11.509
11.402
11.602
11.802
12.162
12.636
13.094
13.73
14.43
14.887
15.177
15.406
15.456
15.372
15.25
15.009
14.669
14.344
13.975
13.548
13.21
13.094
13.251
13.643
14.176
14.68
15.122
15.637
16.089
16.238
16.179
16.009
15.671
15.403
15.161
14.609
14.011
13.7
13.546
13.516
13.688
14.014
14.573
15.387
16.257
17.027
17.663
18.078
18.409
18.652
18.521
17.974
17.289
16.631
15.991
15.317
14.768
14.517
14.492
14.533
14.583
14.707
15.036
15.471
15.873
16.329
16.808
17.13
17.236
17.13
16.808
16.41
15.998
15.621
15.322
15.016
14.667
14.478
14.562
14.803
15.15
15.499
15.835
16.184
16.388
16.335
16.095
15.66
15.111
14.67
14.238
13.612
12.913
12.466
12.341
12.369
12.489
12.854
13.613
14.469
14.963
15.086
15.113
14.868
14.296
13.805
13.443
12.913
12.341
11.876
11.502
11.493
11.92
12.427
12.843
13.248
13.686
14.192
14.592
14.603
14.21
13.661
13.321
13.158
12.715
11.915
11.242
11.13
11.593
12.078
12.251
12.461
12.865
13.239
13.56
13.797
13.807
13.666
13.598
13.612
13.507
12.988
12.126
11.4
10.98
10.645
10.386
10.341
10.454
10.679
11.03
11.568
12.119
12.344
12.11
11.597
11.134
10.835
10.311
9.301
8.344
7.982
8.091
8.317
8.515
8.712
9.009
9.25
9.345
9.519
9.683
9.605
9.438
9.311
9.036
8.562
7.975
7.408
7.067
6.886
6.609
6.258
5.99
5.727
5.48
5.355
5.337
5.326
5.203
5.011
4.888
4.838
4.852
5.033
5.364
5.6
5.625
5.497
5.28
4.956
4.602
4.282
3.996
3.726
3.472
3.207
2.878
2.551
2.234
1.866
1.556
1.408
1.34
1.283
1.265
1.29
1.342
1.365
1.356
1.342
1.293
1.182
1.093
1.086
1.054
1.027
1.009
0.898
0.682
0.519
0.374
0.175
-0.018
-0.272
-0.696
-1.136
-1.431
-1.558
-1.589
-1.717
-2.016
-2.399
-2.812
-3.227
-3.567
-3.94
-4.45
-4.888
-5.09
-5.165
-5.176
-5.011
-4.599
-4.026
-3.443
-3.014
-2.785
-2.755
-2.889
-3.126
-3.418
-3.787
-4.284
-4.799
-5.223
-5.616
-6.063
-6.446
-6.571
-6.455
-6.222
-5.906
-5.55
-5.237
-4.917
-4.454
-3.951
-3.69
-3.758
-3.962
-4.051
-3.987
-3.971
-4.044
-4.125
-4.171
-4.16
-4.021
-3.808
-3.602
-3.42
-3.221
-2.964
-2.667
-2.395
-2.209
-2.052
-1.882
-1.871
-2.191
-2.767
-3.332
-3.712
-3.976
-4.139
-4.103
-3.899
-3.676
-3.396
-2.939
-2.436
-2.195
-2.259
-2.379
-2.459
-2.635
-2.969
-3.347
-3.742
-4.246
-4.872
-5.53
-6.199
-6.834
-7.299
-7.503
-7.49
-7.32
-7.104
-6.943
-6.75
-6.503
-6.283
-6.176
-6.253
-6.553
-6.981
-7.405
-7.83
-8.272
-8.631
-8.93
-9.284
-9.676
-9.996
-10.143
-10.126
-9.939
-9.555
-9.069
-8.671
-8.478
-8.374
-8.208
-7.945
-7.583
-7.229
-7.031
-6.956
-6.883
-6.897
-7.126
-7.392
-7.505
-7.453
-7.235
-6.895
-6.537
-6.283
-6.104
-5.854
-5.455
-4.913
-4.282
-3.606
-3.062
-2.808
-2.785
-2.864
-2.955
-2.994
-2.998
-3.028
-3.023
-2.85
-2.521
-2.107
-1.623
-1.018
-0.342
0.306
0.848
1.218
1.406
1.542
1.712
1.851
1.768
1.433
0.978
0.519
0.106
-0.106
-0.091
0.138
0.786
1.835
2.971
3.999
4.902
5.552
5.85
5.909
5.938
5.97
5.886
5.586
5.051
4.391
3.767
3.404
3.354
3.597
4.221
5.19
6.101
6.707
7.067
7.237
7.245
7.016
6.579
6.155
5.806
5.376
4.822
4.273
3.96
4.055
4.42
4.899
5.33
5.566
5.619
5.619
5.668
5.729
5.65
5.346
4.953
4.573
4.248
4.015
3.869
3.806
3.801
3.812
3.851
3.932
3.991
3.919
3.76
3.597
3.375
3.009
2.546
2.082
1.681
1.313
0.878
0.387
0
-0.147
-0.128
-0.097
-0.108
-0.07
0.079
0.247
0.335
0.326
0.24
0.108
-0.127
-0.378
-0.571
-0.805
-1.134
-1.427
-1.606
-1.701
-1.71
-1.664
-1.658
-1.676
-1.676
-1.592
-1.372
-1.233
-1.347
-1.427
-1.283
-1.172
-1.315
-1.494
-1.556
-1.633
-1.785
-1.939
-2.122
-2.3
-2.406
-2.601
-2.962
-3.347
-3.558
-3.55
-3.4
-3.191
-3.005
-2.905
-2.747
-2.354
-1.803
-1.386
-1.238
-1.372
-1.748
-2.214
-2.583
-2.923
-3.338
-3.742
-4.1
-4.391
-4.643
-4.917
-5.031
-4.772
-4.294
-3.846
-3.463
-3.154
-3.025
-3.078
-3.118
-3.129
-3.271
-3.556
-3.881
-4.114
-4.244
-4.475
-4.793
-4.956
-4.992
-5.058
-5.04
-4.707
-4.124
-3.575
-3.196
-2.858
-2.47
-2.139
-2.041
-2.22
-2.663
-3.187
-3.654
-4.078
-4.498
-4.888
-5.221
-5.38
-5.266
-5.148
-5.257
-5.419
-5.273
-4.806
-4.341
-4.158
-4.171
-4.228
-4.32
-4.316
-4.125
-3.929
-3.91
-3.93
-3.799
-3.556
-3.282
-3.064
-3.073
-3.225
-3.246
-3.204
-3.332
-3.62
-3.93
-4.171
-4.253
-4.239
-4.273
-4.468
-4.743
-4.827
-4.473
-3.806
-3.254
-3.093
-3.128
-3.073
-2.973
-3.028
-3.246
-3.67
-4.273
-4.756
-5.065
-5.326
-5.532
-5.756
-6.076
-6.353
-6.48
-6.448
-6.373
-6.383
-6.387
-6.289
-6.255
-6.434
-6.78
-7.234
-7.603
-7.73
-7.903
-8.399
-8.935
-9.215
-9.331
-9.356
-9.293
-9.248
-9.288
-9.315
-9.245
-9.202
-9.295
-9.415
-9.46
-9.544
-9.772
-10.138
-10.481
-10.575
-10.338
-9.982
-9.839
-9.984
-10.309
-10.71
-10.921
-10.879
-10.849
-10.983
-11.167
-11.359
-11.502
-11.511
-11.432
-11.25
-10.869
-10.431
-10.098
-9.931
-9.98
-10.076
-10.051
-10.005
-10.077
-10.302
-10.581
-10.813
-10.935
-10.983
-10.98
-10.926
-10.89
-10.933
-10.946
-10.941
-10.867
-10.606
-10.341
-10.297
-10.406
-10.62
-11.019
-11.493
-11.774
-11.865
-11.926
-11.992
-12.081
-12.119
-11.933
-11.532
-11.171
-11.075
-11.232
-11.427
-11.518
-11.524
-11.484
-11.479
-11.647
-11.958
-12.151
-12.16
-12.176
-12.24
-12.255
-12.221
-12.246
-12.43
-12.752
-13.069
-13.292
-13.339
-13.169
-12.993
-13.022
-13.063
-12.915
-12.604
-12.185
-11.797
-11.749
-12.132
-12.725
-13.164
-13.272
-13.172
-13.022
-12.74
-12.199
-11.561
-11.162
-11.103
-11.146
-11.108
-11.049
-11.119
-11.387
-11.858
-12.448
-12.977
-13.199
-13.06
-12.714
-12.282
-11.802
-11.27
-10.672
-10.077
-9.579
-9.234
-9.189
-9.456
-9.764
-10.03
-10.395
-10.88
-11.268
-11.341
-11.075
-10.656
-10.234
-9.856
-9.535
-9.202
-8.821
-8.531
-8.476
-8.637
-8.898
-9.173
-9.531
-10.032
-10.672
-11.209
-11.454
-11.402
-11.167
-10.808
-10.442
-10.243
-10.109
-9.81
-9.384
-8.961
-8.617
-8.487
-8.571
-8.826
-9.323
-10.046
-10.659
-10.976
-11.155
-11.325
-11.457
-11.487
-11.402
-11.217
-10.983
-10.804
-10.844
-11.142
-11.591
-12.037
-12.411
-12.609
-12.625
-12.486
-12.28
-12.14
-12.09
-11.886
-11.479
-11.01
-10.454
-9.859
-9.567
-9.776
-10.305
-10.955
-11.62
-12.169
-12.528
-12.72
-12.804
-12.865
-12.958
-12.981
-12.824
-12.507
-12.169
-11.962
-11.956
-12.031
-12.13
-12.316
-12.589
-12.854
-13.058
-13.127
-13.056
-13.06
-13.203
-13.351
-13.385
-13.321
-13.183
-13.042
-12.957
-12.86
-12.695
-12.498
-12.305
-12.107
-11.953
-11.872
-11.92
-12.135
-12.411
-12.715
-13.078
-13.387
-13.588
-13.741
-13.807
-13.782
-13.73
-13.698
-13.605
-13.364
-12.997
-12.611
-12.312
-12.112
-12.037
-12.107
-12.264
-12.473
-12.763
-13.085
-13.403
-13.666
-13.721
-13.566
-13.357
-13.117
-12.695
-12.151
-11.681
-11.304
-10.989
-10.885
-11.019
-11.262
-11.577
-12.015
-12.53
-12.954
-13.206
-13.392
-13.56
-13.734
-13.88
-13.85
-13.566
-13.158
-12.856
-12.695
-12.589
-12.541
-12.531
-12.385
-12.165
-12.053
-12.01
-11.851
-11.647
-11.604
-11.652
-11.577
-11.463
-11.532
-11.87
-12.427
-13.09
-13.705
-14.088
-14.188
-14.224
-14.351
-14.514
-14.707
-14.904
-14.909
-14.703
-14.503
-14.349
-14.16
-14.001
-13.834
-13.58
-13.303
-13.063
-12.874
-12.798
-12.868
-13.035
-13.197
-13.297
-13.339
-13.269
-13.078
-13.008
-13.113
-13.167
-13.117
-13.078
-13.074
-13.085
-13.088
-13.117
-13.199
-13.176
-12.902
-12.568
-12.402
-12.31
-12.216
-12.096
-11.883
-11.683
-11.624
-11.706
-11.815
-11.861
-11.928
-12.09
-12.219
-12.219
-12.106
-11.947
-11.741
-11.4
-10.949
-10.461
-9.932
-9.51
-9.506
-9.968
-10.649
-11.28
-11.788
-12.146
-12.366
-12.411
-12.302
-12.19
-12.155
-12.096
-11.94
-11.847
-11.901
-11.933
-11.831
-11.797
-11.96
-12.171
-12.26
-12.241
-12.252
-12.344
-12.4
-12.355
-12.219
-11.942
-11.627
-11.438
-11.375
-11.267
-11.1
-11.039
-11.194
-11.495
-11.795
-12.101
-12.396
-12.564
-12.65
-12.704
-12.779
-12.949
-13.124
-13.183
-13.181
-13.139
-12.997
-12.852
-12.863
-13.052
-13.371
-13.671
-13.825
-13.866
-13.788
-13.576
-13.337
-13.172
-13.027
-12.838
-12.586
-12.332
-12.135
-11.936
-11.763
-11.681
-11.613
-11.466
-11.284
-11.159
-11.2
-11.487
-11.915
-12.312
-12.661
-13.078
-13.503
-13.809
-14.001
-14.126
-14.16
-14.067
-13.897
-13.675
-13.41
-13.049
-12.625
-12.196
-11.697
-11.158
-10.801
-10.763
-11.016
-11.317
-11.459
-11.516
-11.541
-11.499
-11.389
-11.267
-11.192
-11.184
-11.209
-11.237
-11.255
-11.298
-11.393
-11.462
-11.466
-11.482
-11.459
-11.348
-11.194
-11.066
-11.075
-11.175
-11.232
-11.175
-11.014
-10.715
-10.327
-9.951
-9.664
-9.452
-9.243
-8.998
-8.705
-8.397
-8.132
-7.873
-7.541
-7.197
-6.95
-6.8
-6.732
-6.763
-6.784
-6.723
-6.709
-6.972
-7.471
-7.963
-8.331
-8.612
-8.86
-8.994
-8.923
-8.646
-8.213
-7.691
-7.131
-6.448
-5.616
-4.774
-4.091
-3.683
-3.613
-3.785
-4.06
-4.361
-4.652
-4.894
-5.003
-5.019
-5.028
-5.006
-4.881
-4.718
-4.52
-4.244
-3.94
-3.731
-3.749
-3.929
-4.146
-4.375
-4.593
-4.697
-4.799
-4.958
-4.983
-4.906
-4.903
-4.967
-5.011
-5.003
-4.958
-4.833
-4.634
-4.445
-4.339
-4.246
-4.135
-4.114
-4.2
-4.332
-4.638
-5.196
-5.793
-6.219
-6.48
-6.682
-6.797
-6.752
-6.568
-6.348
-6.21
-6.135
-6.11
-6.124
-6.076
-5.999
-6.065
-6.301
-6.584
-6.802
-6.807
-6.591
-6.251
-5.931
-5.672
-5.448
-5.262
-5.156
-5.131
-5.146
-5.221
-5.391
-5.672
-6.031
-6.33
-6.455
-6.392
-6.222
-6.018
-5.768
-5.461
-5.078
-4.562
-3.935
-3.352
-2.897
-2.535
-2.261
-2.096
-2
-1.876
-1.778
-1.866
-2.096
-2.311
-2.585
-2.944
-3.164
-3.042
-2.574
-1.964
-1.397
-0.957
-0.696
-0.526
-0.29
-0.047
0.122
0.197
0.215
0.24
0.261
0.226
0.228
0.278
0.308
0.376
0.519
0.8
1.344
2.005
2.501
2.819
3.043
3.107
2.975
2.803
2.869
3.238
3.636
3.799
3.692
3.407
3.153
3.126
3.266
3.436
3.572
3.572
3.413
3.184
2.933
2.68
2.479
2.25
1.866
1.274
0.546
-0.077
-0.34
-0.247
0.008
0.392
0.855
1.102
1.039
0.855
0.814
0.834
0.662
0.276
-0.095
-0.34
-0.444
-0.385
-0.131
0.167
0.374
0.566
0.903
1.383
1.803
2.002
2.035
1.79
1.17
0.399
-0.31
-0.845
-1.127
-1.104
-0.92
-0.689
-0.415
-0.106
0.32
0.943
1.706
2.463
2.987
3.182
3.284
3.513
3.69
3.579
3.213
2.783
2.359
1.975
1.768
1.782
1.893
2.043
2.363
2.755
3.08
3.346
3.658
4.035
4.375
4.559
4.386
3.754
2.987
2.574
2.524
2.56
2.579
2.593
2.78
3.232
3.785
4.314
4.928
5.546
6.024
6.355
6.417
6.108
5.521
4.852
4.248
3.851
3.638
3.533
3.658
4.046
4.518
5.015
5.45
5.647
5.639
5.584
5.55
5.536
5.391
4.949
4.429
4.203
4.183
4.116
3.894
3.625
3.656
4.016
4.425
4.743
4.829
4.638
4.378
4.189
3.881
3.411
3.087
3.257
3.849
4.507
4.947
5.157
5.187
5.048
4.743
4.295
3.881
3.483
2.933
2.447
2.415
2.758
3.202
3.747
4.479
5.391
6.322
7.147
7.825
8.206
8.291
8.206
7.889
7.054
5.686
4.037
2.621
2.011
2.191
2.819
3.887
5.437
7.12
8.615
9.884
10.966
11.666
11.713
11.323
10.695
9.667
8.294
7.054
6.14
5.435
5.16
5.609
6.707
8.182
9.907
11.815
13.777
15.526
16.697
17.116
16.978
16.499
15.604
14.14
12.427
11.033
10.255
10.057
10.45
11.482
12.944
14.467
16.006
17.718
19.466
20.938
21.818
22.116
21.946
21.194
19.845
18.289
17.027
16.285
15.995
16.173
16.903
18.084
19.478
21.11
23.077
24.876
25.969
26.52
26.754
26.395
25.246
23.712
22.202
20.845
19.761
19.026
18.572
18.597
19.249
20.208
21.244
22.49
23.91
25.168
26.078
26.632
26.699
25.956
24.465
22.664
20.831
19.092
17.663
16.614
15.894
15.474
15.386
15.59
15.957
16.338
16.697
17.164
17.626
17.695
17.297
16.647
15.769
14.463
12.731
10.903
9.261
7.9
6.897
6.344
6.251
6.471
6.766
7.142
7.68
8.149
8.224
7.952
7.499
6.748
5.519
3.985
2.497
1.19
-0.038
-1.243
-2.266
-2.885
-3.034
-2.78
-2.236
-1.413
-0.326
0.796
1.558
1.871
1.914
1.782
1.547
1.26
0.805
0.108
-0.596
-1.068
-1.29
-1.427
-1.467
-1.174
-0.499
0.31
0.99
1.478
1.989
2.744
3.416
3.533
3.209
2.887
2.715
2.663
2.837
3.151
3.288
3.273
3.429
3.89
4.52
5.203
5.938
6.712
7.344
7.775
8.113
8.349
8.347
8.061
7.648
7.242
6.883
6.498
6.235
6.344
6.861
7.653
8.515
9.268
9.884
10.472
11.05
11.495
11.599
11.45
11.244
10.958
10.631
10.37
10.246
10.375
10.649
10.767
10.794
11.03
11.479
11.96
12.355
12.645
12.999
13.333
13.21
12.7
12.482
12.809
13.052
12.806
12.561
12.656
12.779
12.874
13.283
13.83
14.04
13.989
14.022
14.12
13.972
13.747
13.941
14.313
14.433
14.34
14.092
13.831
13.814
13.934
13.975
13.83
13.582
13.582
13.911
14.231
14.449
14.609
14.605
14.614
14.852
15.216
15.612
16.236
17.121
17.822
17.975
17.847
18.005
18.477
18.817
18.738
18.384
18.217
18.384
18.407
18.304
18.388
18.602
18.929
19.484
20.044
20.285
20.246
20.187
20.343
20.709
20.911
20.744
20.34
19.874
19.545
19.516
19.675
19.894
20.19
20.437
20.605
20.872
21.163
21.338
21.487
21.512
21.151
20.376
19.4
18.591
18.028
17.381
16.511
15.796
15.587
15.916
16.531
16.971
17.102
17.168
17.342
17.635
17.808
17.679
17.475
17.33
17.148
16.823
16.223
15.465
15.124
15.361
15.735
16.127
16.614
17.057
17.379
17.696
18.03
18.175
18.044
17.892
17.874
17.67
17.03
16.257
15.816
15.853
16.249
16.54
16.492
16.508
16.828
17.23
17.475
17.643
17.869
18.105
18.164
17.95
17.568
17.155
16.686
16.168
15.726
15.501
15.495
15.56
15.69
16.048
16.456
16.549
16.619
17.068
17.563
17.685
17.522
17.347
17.189
16.856
16.354
15.839
15.301
14.784
14.512
14.503
14.623
14.907
15.387
16.159
17.268
18.262
18.872
19.375
19.827
20.047
20.028
19.548
18.631
17.88
17.493
17.227
17.037
16.792
16.54
16.735
17.406
18.121
18.708
19.212
19.695
20.34
21.045
21.33
21.188
20.87
20.607
20.491
20.298
19.927
19.634
19.609
19.845
20.228
20.585
21.001
21.594
22.136
22.408
22.529
22.549
22.421
22.299
22.279
22.163
21.734
21.049
20.428
20.151
20.161
20.287
20.532
20.979
21.651
22.254
22.424
22.292
22.211
22.133
21.846
21.285
20.594
19.852
19.004
18.087
17.314
16.737
16.288
16.078
16.165
16.307
16.279
16.082
15.791
15.629
15.671
15.649
15.308
14.728
14.149
13.741
13.357
12.763
12.153
11.96
12.11
12.352
12.648
12.927
13.122
13.41
13.83
14.135
14.147
13.859
13.521
13.276
12.954
12.545
12.182
11.876
11.815
12.224
12.793
13.194
13.643
14.38
15.181
15.751
15.975
15.959
15.789
15.551
15.317
15.046
14.767
14.619
14.438
14.072
13.727
13.435
13.149
13.063
13.149
13.206
13.144
12.999
12.872
12.893
12.924
12.781
12.654
12.695
12.693
12.545
12.432
12.471
12.471
12.252
11.89
11.574
11.248
10.774
10.268
10.005
9.912
9.676
9.236
8.812
8.495
8.249
8.147
8.344
8.657
8.796
8.875
9.034
9.164
9.148
8.998
8.787
8.571
8.311
7.912
7.474
7.07
6.7
6.398
6.105
5.809
5.566
5.337
5.051
4.844
4.797
4.888
4.947
4.794
4.52
4.234
3.879
3.458
3.042
2.533
1.823
1.104
0.61
0.376
0.231
0.063
-0.006
0.016
0.047
0.113
0.17
0.092
-0.117
-0.457
-0.898
-1.44
-2.172
-3.021
-3.711
-4.178
-4.47
-4.537
-4.473
-4.42
-4.33
-4.078
-3.733
-3.391
-3.092
-2.842
-2.722
-2.774
-3.039
-3.529
-4.08
-4.568
-5.072
-5.704
-6.299
-6.591
-6.562
-6.276
-5.664
-4.833
-4.058
-3.413
-2.905
-2.59
-2.497
-2.669
-3.039
-3.436
-3.887
-4.5
-5.119
-5.57
-5.97
-6.426
-6.748
-6.791
-6.7
-6.492
-6.024
-5.28
-4.493
-3.817
-3.223
-2.733
-2.465
-2.54
-2.8
-3.017
-3.275
-3.697
-4.125
-4.479
-4.781
-4.969
-5.008
-4.833
-4.47
-4.058
-3.638
-3.166
-2.663
-2.164
-1.743
-1.542
-1.601
-1.912
-2.497
-3.325
-4.173
-4.872
-5.5
-6.117
-6.505
-6.448
-6.117
-5.79
-5.43
-4.926
-4.373
-3.946
-3.758
-3.747
-3.879
-4.214
-4.695
-5.287
-6.058
-6.936
-7.696
-8.279
-8.751
-9.125
-9.377
-9.445
-9.311
-9.011
-8.642
-8.331
-8.141
-8.143
-8.361
-8.726
-9.159
-9.628
-10.126
-10.6
-10.96
-11.134
-11.15
-11.071
-10.835
-10.481
-10.246
-10.177
-10.141
-10.162
-10.35
-10.584
-10.774
-10.849
-10.86
-10.996
-11.27
-11.391
-11.292
-11.192
-11.1
-10.863
-10.486
-10.041
-9.653
-9.349
-9.057
-8.891
-8.998
-9.22
-9.483
-9.812
-10.091
-10.209
-10.163
-9.968
-9.583
-9.032
-8.353
-7.583
-6.868
-6.378
-6.158
-6.113
-6.199
-6.376
-6.623
-6.843
-6.97
-6.961
-6.784
-6.362
-5.922
-5.575
-4.965
-3.946
-2.751
-1.583
-0.612
-0.025
0.295
0.467
0.432
0.253
0.018
-0.213
-0.356
-0.32
-0.075
0.317
0.741
1.294
2.027
2.728
3.343
3.924
4.393
4.688
4.922
5.181
5.421
5.455
5.321
5.23
5.221
5.194
5.218
5.371
5.595
5.915
6.339
6.9
7.501
7.845
7.795
7.501
7.104
6.498
5.739
5.09
4.711
4.477
4.058
3.379
2.763
2.581
2.95
3.679
4.54
5.348
5.895
5.999
5.745
5.196
4.484
3.808
3.241
2.697
2.143
1.562
1.034
0.646
0.39
0.337
0.632
1.22
1.807
2.209
2.336
2.118
1.573
0.761
-0.12
-0.803
-1.29
-1.78
-2.177
-2.329
-2.329
-2.311
-2.304
-2.252
-2.102
-1.848
-1.558
-1.354
-1.279
-1.302
-1.363
-1.506
-1.787
-2.209
-2.783
-3.545
-4.37
-4.958
-5.171
-5.078
-4.72
-4.135
-3.645
-3.491
-3.463
-3.298
-3.068
-2.914
-2.86
-2.998
-3.393
-3.857
-4.223
-4.618
-5.103
-5.546
-5.779
-5.725
-5.619
-5.614
-5.552
-5.198
-4.683
-4.248
-3.921
-3.699
-3.667
-3.871
-4.194
-4.548
-4.978
-5.557
-6.113
-6.398
-6.428
-6.492
-6.666
-6.688
-6.339
-5.736
-5.157
-4.657
-4.241
-4.008
-4.046
-4.314
-4.783
-5.439
-6.11
-6.539
-6.68
-6.748
-6.858
-7.036
-7.167
-7.042
-6.604
-6.001
-5.351
-4.763
-4.384
-4.164
-4.091
-4.219
-4.457
-4.711
-5.008
-5.369
-5.711
-6.006
-6.244
-6.403
-6.459
-6.428
-6.258
-5.931
-5.486
-4.933
-4.339
-3.792
-3.338
-3.148
-3.531
-4.336
-5.048
-5.564
-6.104
-6.654
-7.174
-7.728
-8.213
-8.422
-8.267
-7.841
-7.453
-7.245
-7.025
-6.775
-6.623
-6.512
-6.396
-6.384
-6.604
-7.14
-7.866
-8.606
-9.265
-9.739
-9.858
-9.705
-9.577
-9.628
-9.755
-9.694
-9.343
-8.902
-8.523
-8.238
-8.109
-8.179
-8.327
-8.406
-8.492
-8.667
-8.88
-9.168
-9.615
-10.102
-10.447
-10.609
-10.64
-10.559
-10.459
-10.418
-10.307
-9.968
-9.46
-8.939
-8.537
-8.316
-8.324
-8.558
-8.989
-9.447
-9.776
-10.037
-10.311
-10.459
-10.472
-10.461
-10.377
-10.168
-9.842
-9.49
-9.193
-8.891
-8.526
-8.206
-8.084
-8.061
-8.107
-8.367
-8.839
-9.265
-9.513
-9.676
-9.728
-9.519
-9.136
-8.86
-8.771
-8.637
-8.306
-7.927
-7.658
-7.61
-7.875
-8.294
-8.553
-8.553
-8.486
-8.558
-8.787
-8.989
-9.005
-8.921
-8.882
-8.823
-8.621
-8.417
-8.498
-8.78
-9.052
-9.304
-9.583
-9.769
-9.776
-9.758
-9.906
-10.148
-10.291
-10.191
-9.862
-9.579
-9.563
-9.692
-9.767
-9.785
-9.769
-9.822
-10.077
-10.472
-10.79
-11.049
-11.432
-11.845
-11.953
-11.756
-11.552
-11.468
-11.402
-11.412
-11.563
-11.636
-11.493
-11.409
-11.624
-12.003
-12.364
-12.629
-12.718
-12.653
-12.516
-12.375
-12.269
-12.167
-12.024
-11.813
-11.674
-11.708
-11.892
-12.124
-12.4
-12.838
-13.389
-13.875
-14.154
-14.285
-14.424
-14.444
-14.101
-13.53
-13.006
-12.534
-12.078
-11.772
-11.741
-11.99
-12.386
-12.704
-12.874
-13.024
-13.222
-13.467
-13.66
-13.652
-13.541
-13.451
-13.264
-12.944
-12.553
-12.124
-11.808
-11.717
-11.754
-11.799
-11.828
-11.965
-12.264
-12.616
-12.835
-12.963
-13.172
-13.376
-13.406
-13.301
-13.138
-12.868
-12.519
-12.207
-11.978
-11.697
-11.364
-11.112
-11.025
-11.13
-11.462
-12.015
-12.629
-13.049
-13.131
-12.977
-12.675
-12.171
-11.516
-10.944
-10.665
-10.749
-10.991
-11.028
-10.767
-10.617
-10.938
-11.552
-12.132
-12.584
-12.932
-13.133
-13.097
-12.714
-12.074
-11.337
-10.604
-9.978
-9.592
-9.415
-9.345
-9.456
-9.833
-10.359
-10.84
-11.255
-11.566
-11.654
-11.616
-11.688
-11.763
-11.608
-11.295
-11.024
-10.819
-10.676
-10.595
-10.45
-10.291
-10.277
-10.504
-10.919
-11.354
-11.663
-11.858
-11.908
-11.681
-11.192
-10.649
-10.247
-10.084
-10.157
-10.3
-10.35
-10.355
-10.436
-10.636
-10.913
-11.121
-11.142
-10.994
-10.838
-10.699
-10.561
-10.527
-10.647
-10.758
-10.724
-10.588
-10.513
-10.579
-10.763
-11.064
-11.47
-11.951
-12.402
-12.578
-12.386
-12.144
-12.107
-12.119
-11.951
-11.699
-11.557
-11.487
-11.377
-11.35
-11.495
-11.686
-11.767
-11.874
-12.277
-12.972
-13.777
-14.544
-15.097
-15.32
-15.152
-14.678
-14.181
-13.809
-13.432
-13.063
-12.863
-12.859
-12.965
-13.181
-13.65
-14.525
-15.578
-16.363
-16.758
-16.976
-17.18
-17.318
-17.239
-16.881
-16.304
-15.604
-14.796
-13.916
-13.21
-12.932
-13.035
-13.339
-13.746
-14.14
-14.374
-14.485
-14.673
-15.093
-15.615
-15.925
-15.864
-15.478
-14.954
-14.55
-14.399
-14.351
-14.165
-13.791
-13.367
-13.074
-13.044
-13.308
-13.732
-14.174
-14.617
-14.996
-15.181
-15.136
-15.002
-14.949
-14.888
-14.528
-13.759
-12.818
-11.953
-11.35
-11.049
-11.024
-11.217
-11.534
-11.817
-12.074
-12.41
-12.736
-12.902
-12.852
-12.545
-12.017
-11.416
-10.849
-10.422
-10.187
-10.034
-9.862
-9.851
-10.188
-10.684
-11.105
-11.482
-11.853
-12.053
-11.901
-11.459
-10.985
-10.617
-10.336
-10.114
-9.919
-9.544
-8.969
-8.506
-8.397
-8.556
-8.69
-8.646
-8.523
-8.401
-8.363
-8.503
-8.776
-9.08
-9.443
-9.842
-10.096
-10.077
-9.932
-9.847
-9.944
-10.198
-10.525
-10.894
-11.228
-11.498
-11.903
-12.525
-13.163
-13.523
-13.514
-13.298
-13.006
-12.545
-11.953
-11.404
-10.851
-10.332
-10.014
-9.823
-9.722
-9.803
-10.089
-10.565
-11.171
-11.683
-11.998
-12.207
-12.455
-12.752
-13.013
-13.144
-13.153
-13.131
-13.244
-13.546
-13.941
-14.215
-14.335
-14.413
-14.453
-14.365
-14.256
-14.301
-14.478
-14.684
-14.762
-14.648
-14.403
-14.16
-13.986
-13.841
-13.596
-13.212
-12.729
-12.246
-11.899
-11.724
-11.713
-11.853
-12.062
-12.215
-12.312
-12.349
-12.414
-12.603
-12.813
-12.924
-13.029
-13.158
-13.199
-13.094
-12.893
-12.664
-12.495
-12.441
-12.407
-12.264
-12.046
-11.777
-11.429
-11.025
-10.647
-10.341
-10.03
-9.649
-9.293
-9.045
-8.802
-8.483
-8.188
-8.052
-8.107
-8.229
-8.304
-8.292
-8.218
-8.206
-8.403
-8.744
-9.05
-9.234
-9.29
-9.225
-9.089
-8.907
-8.741
-8.607
-8.517
-8.553
-8.576
-8.417
-8.132
-7.875
-7.769
-7.823
-7.8
-7.514
-7.045
-6.517
-6.02
-5.643
-5.437
-5.291
-5.101
-5.047
-5.339
-5.795
-6.172
-6.503
-6.905
-7.274
-7.349
-7.195
-7.067
-6.956
-6.836
-6.836
-6.888
-6.861
-6.761
-6.654
-6.637
-6.861
-7.32
-7.737
-7.918
-7.945
-7.882
-7.696
-7.48
-7.283
-7.054
-6.761
-6.392
-5.934
-5.43
-5.04
-4.915
-5.069
-5.287
-5.439
-5.619
-5.934
-6.292
-6.637
-6.997
-7.471
-8.004
-8.378
-8.47
-8.327
-8.043
-7.716
-7.374
-6.97
-6.551
-6.239
-6.099
-6.142
-6.378
-6.618
-6.566
-6.167
-5.668
-5.266
-4.949
-4.727
-4.629
-4.523
-4.205
-3.796
-3.522
-3.388
-3.316
-3.372
-3.575
-3.747
-3.745
-3.55
-3.246
-3.104
-3.371
-3.869
-4.258
-4.407
-4.37
-4.241
-4.087
-3.974
-3.865
-3.525
-2.858
-2.046
-1.277
-0.632
-0.178
-0.063
-0.222
-0.528
-0.957
-1.349
-1.508
-1.544
-1.551
-1.428
-1.068
-0.485
0.31
1.322
2.434
3.302
3.675
3.629
3.311
2.61
1.542
0.407
-0.582
-1.424
-2.071
-2.384
-2.297
-1.826
-1.043
0
1.099
1.968
2.499
2.726
2.869
3.089
3.218
3.055
2.71
2.247
1.549
0.655
-0.172
-0.703
-0.934
-0.97
-0.699
-0.047
0.68
1.252
1.683
1.96
2.03
1.907
1.567
1.007
0.312
-0.392
-1.068
-1.768
-2.456
-3.062
-3.55
-3.84
-3.742
-3.246
-2.549
-1.846
-1.282
-1.007
-1.027
-1.07
-1.004
-0.934
-0.87
-0.778
-0.748
-0.828
-0.891
-0.859
-0.789
-0.728
-0.682
-0.662
-0.686
-0.736
-0.662
-0.381
0.075
0.601
1.034
1.233
1.127
0.735
0.306
0.115
0.128
0.128
0.091
0.128
0.312
0.685
1.238
1.923
2.61
3.159
3.642
4.116
4.407
4.574
4.842
5.187
5.475
5.725
5.863
5.834
5.764
5.697
5.564
5.327
5.011
4.602
4.203
4.066
4.236
4.465
4.568
4.599
4.654
4.881
5.36
5.838
6.074
6.217
6.303
6.18
6.004
6.044
6.26
6.437
6.589
6.886
7.242
7.453
7.658
8.077
8.476
8.592
8.498
8.182
7.491
6.648
6.16
6.043
5.811
5.253
4.707
4.443
4.44
4.629
4.894
5.169
5.432
5.67
5.863
5.995
6.06
6.072
6.013
5.823
5.469
4.949
4.261
3.508
2.867
2.474
2.381
2.626
3.243
4.08
4.986
6.08
7.351
8.292
8.333
7.39
5.851
4.041
2.086
0.306
-0.87
-1.386
-1.417
-0.85
0.401
2.217
4.45
6.809
8.819
9.998
10.146
9.41
8.073
6.233
3.833
1.04
-1.581
-3.468
-4.33
-4.035
-2.436
0.39
3.869
7.367
10.509
12.993
14.514
14.943
14.333
12.756
10.355
7.503
4.686
2.339
0.95
0.886
2.011
4.015
6.734
9.878
13.049
15.953
18.527
20.555
21.582
21.344
19.94
17.584
14.642
11.815
9.705
8.403
7.868
8.129
9.22
11.219
14.092
17.513
21.006
24.225
26.786
28.252
28.476
27.686
26.055
23.79
21.299
18.937
16.856
15.301
14.623
15.024
16.517
18.829
21.551
24.365
26.992
28.995
30.104
30.274
29.488
27.806
25.477
22.895
20.415
18.282
16.753
16.009
16.045
16.951
18.708
20.9
23.082
25.096
26.754
27.705
27.698
26.745
25.048
22.864
20.348
17.731
15.295
13.248
11.802
11.178
11.402
12.414
14.126
16.188
18.157
19.638
20.446
20.611
20.126
18.845
16.717
14.074
11.37
8.832
6.412
4.35
3.116
2.835
3.316
4.454
6.068
7.828
9.549
11.053
11.97
12.094
11.448
10.071
8.132
5.856
3.388
0.961
-1.043
-2.39
-3.096
-3.107
-2.326
-0.88
0.9
2.764
4.532
6.129
7.394
7.988
7.77
6.983
5.795
4.325
2.701
0.979
-0.624
-1.739
-2.277
-2.277
-1.583
-0.195
1.689
3.974
6.414
8.481
9.842
10.531
10.665
10.252
9.286
7.968
6.607
5.305
4.114
3.357
3.271
3.82
4.926
6.434
8.102
9.919
11.749
13.278
14.355
15.018
15.122
14.569
13.566
12.38
11.183
10.001
8.935
8.261
8.109
8.352
8.914
9.753
10.806
11.878
12.957
14.254
15.458
15.884
15.644
15.544
15.617
15.328
14.628
13.727
12.788
12.096
11.649
11.1
10.332
9.619
9.449
9.903
10.547
11.148
11.568
11.708
11.915
12.191
12.155
11.802
11.195
10.366
9.58
8.973
8.451
7.959
7.417
7.05
7.145
7.53
8.041
8.644
9.064
9.315
9.519
9.485
9.431
9.544
9.34
8.719
8.012
7.331
7.042
7.145
7.1
6.955
6.821
6.554
6.501
6.83
7.036
7.217
7.839
8.717
9.61
10.472
11.037
11.482
12.187
12.756
12.756
12.344
11.77
11.292
10.963
10.575
10.236
10.109
10.023
10.109
10.637
11.219
11.543
11.822
12.335
13.298
14.478
15.217
15.362
15.216
15.127
15.499
16.145
16.34
16.089
15.955
16.057
16.227
16.293
16.297
16.433
16.619
16.873
17.406
18.003
18.468
18.897
19.092
19.044
18.985
18.929
18.804
18.697
18.622
18.65
18.761
18.822
18.937
19.171
19.364
19.593
20.019
20.392
20.441
20.235
19.979
19.854
19.833
19.784
19.59
19.141
18.633
18.525
18.579
18.382
18.187
18.271
18.259
17.985
17.853
17.853
17.526
16.976
16.631
16.561
16.565
16.613
16.686
16.812
16.978
17.168
17.266
17.026
16.672
16.474
16.357
16.377
16.528
16.477
16.084
15.644
15.435
15.442
15.403
15.217
15.091
15.024
14.839
14.8
14.948
14.927
14.852
14.952
14.938
14.784
14.553
14.181
13.992
14.134
14.308
14.553
14.893
15.018
14.913
14.918
15.093
15.372
15.635
15.726
15.741
15.73
15.61
15.435
15.342
15.277
15.252
15.411
15.782
16.118
16.193
16.229
16.472
16.669
16.701
16.698
16.622
16.592
16.819
17.211
17.618
17.985
18.182
18.128
17.872
17.484
17.243
17.172
16.96
16.739
16.731
16.93
17.216
17.42
17.481
17.538
17.613
17.654
17.785
17.851
17.618
17.427
17.461
17.375
17.082
16.594
15.998
15.612
15.571
15.821
16.227
16.527
16.686
16.789
16.644
16.225
15.744
15.238
14.925
14.988
15.138
15.247
15.39
15.462
15.68
16.17
16.592
16.896
17.139
17.093
16.991
17.035
17.03
16.868
16.583
16.093
15.587
15.175
14.771
14.51
14.426
14.413
14.433
14.385
14.154
13.875
13.612
13.342
13.278
13.457
13.696
13.866
13.922
13.936
13.947
13.872
13.741
13.713
13.727
13.716
13.809
13.965
14.129
14.346
14.478
14.467
14.405
14.129
13.607
13.067
12.55
12.09
11.958
12.028
12.078
12.262
12.482
12.575
12.723
12.932
13.074
13.273
13.382
13.281
13.117
12.734
12.09
11.67
11.618
11.822
12.201
12.531
12.731
12.96
13.097
12.943
12.711
12.559
12.478
12.289
11.813
11.214
10.715
10.209
9.839
9.823
9.923
10.009
10.157
10.246
10.359
10.665
11.041
11.45
11.827
11.892
11.579
11.053
10.282
9.406
8.646
8.032
7.605
7.265
6.916
6.759
6.834
6.931
7.222
7.769
8.292
8.682
8.911
8.941
8.835
8.523
7.868
7.097
6.342
5.555
4.865
4.393
4.146
4.124
4.173
4.141
4.158
4.319
4.55
4.72
4.732
4.623
4.502
4.278
3.879
3.371
2.744
2.096
1.583
1.059
0.535
0.203
0.077
0.091
0.285
0.603
0.839
0.97
1.099
1.22
1.222
1.082
0.975
0.923
0.582
-0.075
-0.805
-1.648
-2.504
-3.128
-3.57
-3.946
-4.208
-4.368
-4.305
-3.962
-3.556
-3.123
-2.615
-2.311
-2.354
-2.551
-2.71
-2.767
-2.808
-3.009
-3.346
-3.712
-4.191
-4.749
-5.178
-5.382
-5.362
-5.271
-5.133
-4.786
-4.28
-3.845
-3.502
-3.162
-2.88
-2.785
-3.005
-3.538
-4.2
-4.906
-5.589
-6.079
-6.351
-6.593
-6.788
-6.68
-6.158
-5.371
-4.537
-3.665
-2.799
-2.143
-1.83
-1.757
-1.821
-1.88
-1.857
-1.882
-2.05
-2.372
-2.751
-3.053
-3.268
-3.468
-3.553
-3.542
-3.553
-3.527
-3.386
-3.204
-3.064
-3.034
-3.1
-3.254
-3.586
-4.066
-4.44
-4.661
-4.888
-5.207
-5.566
-5.859
-6.001
-5.999
-5.94
-5.904
-5.861
-5.729
-5.584
-5.466
-5.43
-5.634
-6.074
-6.559
-7.036
-7.539
-8.118
-8.657
-8.93
-9
-9.175
-9.452
-9.66
-9.767
-9.772
-9.685
-9.633
-9.688
-9.834
-10.012
-10.055
-9.889
-9.705
-9.599
-9.447
-9.19
-8.894
-8.723
-8.755
-8.791
-8.644
-8.433
-8.227
-8.036
-7.832
-7.512
-7.016
-6.43
-5.968
-5.72
-5.668
-5.714
-5.711
-5.639
-5.656
-5.734
-5.607
-5.23
-4.819
-4.518
-4.194
-3.681
-3.084
-2.551
-2.075
-1.612
-1.224
-0.87
-0.399
0.092
0.358
0.37
0.233
-0.02
-0.285
-0.515
-0.632
-0.587
-0.396
-0.195
-0.063
0.047
0.211
0.457
0.83
1.392
2.036
2.601
3.021
3.243
3.227
3.028
2.733
2.372
1.993
1.556
1.065
0.562
0.15
0.008
0.315
1
1.907
2.88
3.736
4.339
4.629
4.668
4.659
4.611
4.404
3.96
3.371
2.71
2.05
1.476
1.172
1.229
1.522
1.826
2.082
2.365
2.692
2.984
3.173
3.246
3.248
3.062
2.569
1.865
1.075
0.412
0.152
0.228
0.428
0.786
1.327
1.796
2.111
2.411
2.646
2.663
2.531
2.434
2.361
2.202
1.986
1.701
1.202
0.619
0.245
0.208
0.454
0.741
0.699
0.233
-0.283
-0.65
-0.92
-1.077
-1.009
-0.855
-0.816
-0.884
-0.998
-1.182
-1.293
-1.054
-0.603
-0.317
-0.419
-0.836
-1.363
-1.803
-2.039
-1.973
-1.664
-1.34
-1.113
-0.97
-0.986
-1.109
-1.22
-1.356
-1.547
-1.773
-2.161
-2.753
-3.296
-3.588
-3.715
-3.854
-3.951
-4.033
-4.266
-4.452
-4.295
-4.035
-4.003
-4.06
-4.16
-4.409
-4.708
-4.915
-4.928
-4.794
-4.765
-4.987
-5.251
-5.332
-5.217
-4.94
-4.537
-4.144
-3.89
-3.826
-3.879
-3.946
-3.962
-3.974
-4.128
-4.366
-4.649
-5.265
-6.267
-7.247
-7.904
-8.193
-8.124
-7.816
-7.404
-6.87
-6.169
-5.318
-4.445
-3.801
-3.472
-3.377
-3.479
-3.731
-4.085
-4.495
-4.849
-5.167
-5.614
-6.138
-6.546
-6.732
-6.564
-6.068
-5.439
-4.769
-4.091
-3.5
-3.055
-2.819
-2.894
-3.223
-3.661
-4.099
-4.468
-4.774
-5.051
-5.301
-5.582
-5.899
-6.115
-6.09
-5.876
-5.582
-5.194
-4.695
-4.219
-3.887
-3.672
-3.651
-3.851
-4.133
-4.391
-4.679
-4.999
-5.335
-5.664
-5.922
-6.068
-6.122
-6.099
-6.043
-5.985
-5.793
-5.496
-5.251
-5.103
-5.051
-5.243
-5.754
-6.362
-6.836
-7.165
-7.417
-7.53
-7.558
-7.571
-7.566
-7.535
-7.521
-7.528
-7.476
-7.333
-7.165
-7.075
-7.12
-7.283
-7.412
-7.55
-7.839
-8.272
-8.712
-9.111
-9.454
-9.669
-9.73
-9.692
-9.574
-9.359
-9.139
-9.002
-8.952
-9.025
-9.243
-9.474
-9.613
-9.615
-9.58
-9.692
-9.987
-10.384
-10.799
-11.144
-11.391
-11.596
-11.638
-11.379
-10.96
-10.576
-10.266
-9.967
-9.597
-9.229
-9.106
-9.324
-9.722
-10.171
-10.624
-10.985
-11.234
-11.441
-11.654
-11.802
-11.803
-11.611
-11.194
-10.665
-10.257
-9.973
-9.674
-9.397
-9.313
-9.488
-9.853
-10.23
-10.527
-10.783
-11.033
-11.232
-11.259
-11.037
-10.62
-10.157
-9.787
-9.538
-9.359
-9.234
-9.156
-9.145
-9.254
-9.555
-10.112
-10.651
-10.926
-10.955
-10.885
-10.81
-10.796
-10.86
-10.976
-11.11
-11.217
-11.341
-11.518
-11.599
-11.484
-11.328
-11.22
-11.055
-10.81
-10.609
-10.479
-10.456
-10.651
-11.014
-11.282
-11.359
-11.384
-11.454
-11.611
-11.89
-12.269
-12.525
-12.441
-12.16
-12.042
-12.107
-12.155
-12.13
-12.058
-12.015
-12.076
-12.187
-12.205
-12.187
-12.301
-12.559
-12.752
-12.69
-12.473
-12.327
-12.375
-12.653
-13.153
-13.648
-13.827
-13.638
-13.199
-12.695
-12.291
-11.951
-11.524
-11.049
-10.751
-10.651
-10.667
-10.849
-11.228
-11.724
-12.237
-12.62
-12.763
-12.754
-12.625
-12.352
-12.001
-11.645
-11.267
-10.806
-10.332
-10.066
-10.118
-10.377
-10.681
-11.01
-11.379
-11.683
-11.783
-11.736
-11.645
-11.416
-11.053
-10.684
-10.388
-10.132
-9.956
-9.923
-10.062
-10.341
-10.701
-11.028
-11.153
-11.146
-11.234
-11.412
-11.479
-11.353
-11.1
-10.749
-10.309
-9.944
-9.719
-9.567
-9.472
-9.418
-9.379
-9.456
-9.655
-9.823
-9.881
-9.998
-10.213
-10.388
-10.495
-10.556
-10.563
-10.484
-10.363
-10.196
-10.026
-9.98
-9.953
-9.859
-9.878
-10.053
-10.2
-10.43
-10.844
-11.189
-11.343
-11.398
-11.295
-10.91
-10.405
-10.043
-9.862
-9.737
-9.619
-9.653
-9.883
-10.093
-10.246
-10.536
-10.976
-11.387
-11.697
-12.045
-12.427
-12.65
-12.618
-12.434
-12.215
-11.985
-11.699
-11.309
-10.921
-10.754
-10.821
-10.989
-11.184
-11.364
-11.499
-11.722
-12.124
-12.505
-12.6
-12.36
-12.094
-12.081
-12.199
-12.302
-12.469
-12.643
-12.57
-12.228
-11.858
-11.733
-11.948
-12.301
-12.616
-12.935
-13.26
-13.485
-13.635
-13.825
-14.02
-14.104
-14.015
-13.782
-13.551
-13.337
-13.074
-12.854
-12.811
-12.854
-12.888
-12.932
-13.027
-13.208
-13.537
-13.92
-14.196
-14.235
-14.092
-13.911
-13.768
-13.621
-13.41
-13.092
-12.718
-12.441
-12.385
-12.536
-12.784
-13.077
-13.539
-14.188
-14.775
-15.043
-15.024
-14.891
-14.764
-14.623
-14.394
-14.05
-13.607
-13.172
-12.927
-12.847
-12.774
-12.709
-12.643
-12.668
-12.963
-13.407
-13.7
-13.73
-13.598
-13.518
-13.555
-13.453
-13.102
-12.702
-12.432
-12.31
-12.335
-12.534
-12.879
-13.308
-13.736
-14.067
-14.235
-14.17
-13.931
-13.732
-13.623
-13.414
-13.017
-12.505
-11.967
-11.437
-10.876
-10.377
-10.116
-10.127
-10.338
-10.706
-11.192
-11.733
-12.128
-12.24
-12.187
-12.14
-11.922
-11.364
-10.654
-10.102
-9.678
-9.27
-8.984
-8.961
-9.211
-9.688
-10.305
-11.041
-11.865
-12.568
-12.993
-13.169
-13.131
-12.881
-12.452
-11.883
-11.2
-10.484
-9.834
-9.34
-9.125
-9.254
-9.558
-9.937
-10.409
-11.013
-11.702
-12.282
-12.729
-13.108
-13.407
-13.612
-13.675
-13.485
-13.122
-12.788
-12.536
-12.289
-11.985
-11.677
-11.457
-11.402
-11.482
-11.657
-11.917
-12.216
-12.469
-12.777
-13.298
-13.886
-14.221
-14.238
-14.081
-13.73
-13.108
-12.427
-11.926
-11.572
-11.209
-10.799
-10.57
-10.64
-10.913
-11.317
-11.892
-12.52
-13.019
-13.357
-13.53
-13.539
-13.46
-13.297
-13.027
-12.754
-12.561
-12.314
-11.836
-11.239
-10.849
-10.808
-10.944
-11.195
-11.554
-11.84
-11.948
-12.028
-12.169
-12.28
-12.324
-12.251
-12.09
-11.874
-11.652
-11.443
-11.259
-11.01
-10.71
-10.54
-10.586
-10.776
-10.971
-11.058
-11.074
-11.255
-11.572
-11.863
-11.987
-11.942
-11.824
-11.697
-11.536
-11.289
-11.033
-10.874
-10.826
-10.913
-11.049
-10.966
-10.586
-10.188
-10.037
-10.037
-9.934
-9.714
-9.56
-9.554
-9.56
-9.485
-9.354
-9.2
-9.118
-9.179
-9.256
-9.177
-9.009
-8.939
-8.91
-8.841
-8.765
-8.665
-8.381
-8.004
-7.891
-8.063
-8.277
-8.47
-8.651
-8.726
-8.68
-8.585
-8.486
-8.374
-8.236
-8.107
-7.987
-7.775
-7.396
-6.961
-6.573
-6.276
-6.06
-5.94
-5.938
-6.068
-6.249
-6.507
-6.866
-7.242
-7.469
-7.524
-7.424
-7.247
-7.067
-6.902
-6.768
-6.709
-6.727
-6.736
-6.676
-6.546
-6.38
-6.151
-5.909
-5.768
-5.743
-5.727
-5.516
-5.137
-4.847
-4.732
-4.602
-4.439
-4.42
-4.654
-5.023
-5.321
-5.455
-5.48
-5.461
-5.475
-5.62
-5.811
-5.84
-5.63
-5.369
-5.246
-5.296
-5.389
-5.41
-5.382
-5.341
-5.298
-5.215
-5.108
-4.999
-4.908
-4.899
-4.978
-5.042
-4.94
-4.686
-4.44
-4.258
-4.103
-3.89
-3.629
-3.363
-3.078
-2.764
-2.543
-2.538
-2.774
-3.193
-3.787
-4.498
-5.144
-5.572
-5.775
-5.795
-5.647
-5.266
-4.67
-4.005
-3.368
-2.683
-1.912
-1.195
-0.714
-0.395
-0.142
-0.097
-0.378
-0.918
-1.585
-2.229
-2.68
-2.894
-2.983
-2.967
-2.772
-2.363
-1.821
-1.318
-0.889
-0.469
-0.222
-0.22
-0.278
-0.342
-0.599
-1.059
-1.503
-1.835
-2.155
-2.443
-2.546
-2.359
-1.927
-1.306
-0.537
0.236
0.88
1.397
1.803
2.027
2.002
1.692
1.12
0.432
-0.278
-0.914
-1.377
-1.658
-1.714
-1.458
-1.065
-0.714
-0.356
0.006
0.353
0.707
1.079
1.417
1.537
1.272
0.755
0.303
-0.056
-0.432
-0.864
-1.285
-1.603
-1.737
-1.692
-1.572
-1.392
-1.195
-0.995
-0.832
-0.71
-0.707
-0.807
-0.905
-1.077
-1.408
-1.753
-1.985
-2.264
-2.64
-2.917
-2.992
-2.885
-2.585
-2.125
-1.617
-1.093
-0.505
0.161
0.811
1.294
1.578
1.746
1.855
1.882
1.793
1.614
1.408
1.315
1.342
1.415
1.606
2.039
2.563
3.055
3.493
3.783
3.93
4.015
4.049
4.094
4.18
4.275
4.319
4.259
4.175
4.223
4.38
4.668
5.24
6.001
6.662
7.061
7.209
7.199
7.126
6.92
6.505
5.995
5.471
5.026
4.579
4.194
4.185
4.54
4.938
5.439
6.151
6.773
7.079
7.147
7.115
6.907
6.372
5.614
4.963
4.38
3.708
3.042
2.599
2.529
2.819
3.408
4.28
5.296
6.208
6.927
7.46
7.698
7.528
6.979
6.247
5.544
4.903
4.239
3.563
2.987
2.69
2.733
2.948
3.227
3.558
3.869
4.096
4.309
4.504
4.45
3.996
3.268
2.429
1.508
0.587
-0.058
-0.237
0.083
0.739
1.562
2.588
3.758
4.793
5.569
6.06
6.065
5.466
4.504
3.438
2.3
1.12
0.245
0.02
0.346
1.138
2.499
4.282
6.149
7.853
9.089
9.555
9.204
8.157
6.478
4.386
2.368
0.784
-0.215
-0.449
0.188
1.513
3.334
5.485
7.658
9.563
11.055
12.149
12.877
13.065
12.45
11.058
9.313
7.539
5.934
4.761
4.348
4.899
6.163
7.75
9.565
11.629
13.671
15.342
16.586
17.325
17.42
16.856
15.746
14.301
12.938
11.937
11.362
11.158
11.292
11.72
12.604
14.106
15.982
17.878
19.602
21.049
22.077
22.574
22.374
21.544
20.541
19.709
19.04
18.443
18.012
17.867
18.125
18.858
19.965
21.14
22.117
22.93
23.667
24.25
24.608
24.717
24.49
23.932
23.195
22.481
21.898
21.38
21.031
21.011
21.249
21.596
22.141
22.882
23.62
24.125
24.395
24.579
24.436
23.612
22.34
21.122
20.074
19.024
18.037
17.289
16.846
16.667
16.76
17.221
18.096
19.065
19.659
19.793
19.593
19.074
18.192
16.917
15.313
13.464
11.538
9.889
8.755
8.132
7.959
8.129
8.495
9.059
9.797
10.413
10.595
10.366
9.909
9.3
8.49
7.415
6.149
4.799
3.388
2.025
0.8
-0.367
-1.406
-1.939
-1.918
-1.469
-0.612
0.557
1.678
2.518
3.078
3.321
3.232
2.883
2.325
1.685
0.964
0.127
-0.705
-1.399
-1.873
-2.035
-1.816
-1.293
-0.467
0.619
1.755
2.751
3.561
4.116
4.309
4.191
3.874
3.454
3.005
2.594
2.359
2.314
2.445
2.853
3.52
4.361
5.327
6.373
7.41
8.417
9.281
9.844
10.096
10.173
10.107
9.871
9.458
8.902
8.34
7.891
7.66
7.728
8.023
8.313
8.592
8.98
9.479
10.039
10.645
11.232
11.778
12.228
12.459
12.411
12.11
11.643
11.134
10.634
10.127
9.714
9.567
9.71
9.956
10.366
11.119
11.788
11.802
11.738
12.33
12.779
12.252
11.477
11.15
10.69
9.847
9.254
8.902
8.227
7.725
8.211
9.086
9.547
10.155
11.2
11.947
12.411
13.033
13.421
13.139
12.5
11.937
11.511
10.999
10.381
9.844
9.306
8.864
8.871
9.198
9.449
9.719
10.205
10.829
11.416
11.827
12.153
12.58
12.884
12.929
12.92
12.888
12.949
13.187
13.389
13.546
13.881
14.333
14.898
15.732
16.424
16.697
16.996
17.481
17.755
17.704
17.574
17.599
17.663
17.386
16.926
16.756
16.935
17.368
17.98
18.572
19.001
19.35
19.643
20.017
20.61
21.106
21.292
21.326
21.367
21.364
21.179
20.702
20.235
20.181
20.448
20.739
20.78
20.462
20.103
20.173
20.569
20.836
20.72
20.278
19.662
18.931
18.232
17.794
17.52
17.202
16.851
16.515
16.343
16.502
16.817
16.935
17.023
17.386
17.735
17.634
17.341
17.225
17.018
16.37
15.567
15.086
14.943
15.022
15.362
15.825
16.204
16.538
16.753
16.683
16.431
16.249
16.148
15.891
15.34
14.742
14.392
14.145
14.079
14.564
15.278
15.54
15.503
15.52
15.503
15.637
16.104
16.422
16.368
16.407
16.511
16.195
15.646
15.331
15.099
14.807
14.773
15.083
15.2
14.982
14.974
15.336
15.737
16.07
16.254
16.227
16.202
16.236
16.17
15.928
15.474
14.968
14.617
14.271
13.984
14.131
14.548
14.968
15.458
15.93
16.363
16.848
17.277
17.531
17.688
17.67
17.531
17.415
17.277
17.096
16.996
16.893
16.801
16.801
16.792
16.851
17.121
17.529
18.083
18.608
18.847
18.912
18.937
18.833
18.717
18.733
18.62
18.532
18.817
19.171
19.241
19.141
19.051
19.031
19.105
19.291
19.47
19.586
19.777
20.151
20.641
20.945
20.786
20.131
19.328
18.767
18.525
18.363
18.184
18.069
18.022
18.059
18.253
18.461
18.491
18.477
18.583
18.736
18.745
18.522
18.025
17.37
16.892
16.456
15.774
15.058
14.608
14.258
13.995
14.145
14.525
14.884
15.136
15.161
14.974
14.67
14.16
13.505
13.074
12.804
12.464
12.008
11.611
11.387
11.273
11.187
11.425
12.277
13.124
13.602
13.818
13.805
13.655
13.468
13.058
12.611
12.598
12.631
12.559
12.659
12.604
12.174
12.02
12.423
13.035
13.66
14.029
14.088
14.135
14.281
14.408
14.475
14.383
14.038
13.421
12.723
12.187
11.802
11.552
11.538
11.878
12.606
13.443
13.961
14.151
14.159
13.929
13.638
13.396
12.818
11.792
10.81
10.091
9.588
9.379
9.323
9.245
9.348
9.822
10.4
10.896
11.404
11.937
12.475
12.902
13.164
13.153
12.835
12.128
11.071
9.873
8.723
7.744
6.902
6.163
5.602
5.352
5.312
5.414
5.605
5.84
6.185
6.582
6.861
6.88
6.671
6.272
5.951
5.761
5.339
4.649
3.917
3.212
2.476
1.901
1.594
1.424
1.39
1.569
1.743
1.707
1.721
1.876
2.068
2.191
2.186
2.021
1.739
1.29
0.589
-0.165
-0.832
-1.342
-1.767
-2.286
-2.905
-3.361
-3.522
-3.422
-3.017
-2.481
-2.077
-1.748
-1.427
-1.27
-1.268
-1.458
-1.887
-2.284
-2.545
-2.922
-3.408
-3.756
-4.203
-4.783
-5.169
-5.312
-5.285
-5.137
-4.922
-4.512
-3.845
-3.273
-2.883
-2.551
-2.456
-2.635
-2.971
-3.497
-4.28
-5.226
-6.185
-6.793
-6.988
-7.07
-7.083
-6.966
-6.738
-6.421
-5.993
-5.452
-4.786
-4.158
-3.722
-3.396
-3.134
-3.048
-3.279
-3.69
-4.03
-4.239
-4.4
-4.5
-4.532
-4.609
-4.79
-5.012
-5.047
-4.831
-4.579
-4.348
-3.874
-3.254
-2.803
-2.524
-2.397
-2.465
-2.596
-2.655
-2.722
-2.864
-3.193
-3.69
-4.135
-4.475
-4.813
-5.094
-5.194
-5.023
-4.634
-4.211
-3.792
-3.427
-3.266
-3.204
-3.148
-3.35
-3.944
-4.711
-5.427
-6.01
-6.428
-6.775
-7.222
-7.816
-8.231
-8.267
-8.082
-7.8
-7.449
-7.131
-7.013
-7.065
-7.125
-7.15
-7.285
-7.574
-7.939
-8.361
-8.905
-9.493
-9.964
-10.266
-10.366
-10.291
-10.114
-10.017
-10.062
-10.126
-10.107
-9.898
-9.481
-9.08
-8.95
-9.066
-9.179
-9.234
-9.359
-9.597
-9.842
-10.032
-10.146
-10.143
-10.001
-9.744
-9.488
-9.3
-9.093
-8.936
-9.034
-9.265
-9.29
-9.016
-8.64
-8.324
-8.07
-7.866
-7.614
-7.137
-6.439
-5.831
-5.446
-5.217
-5.085
-4.936
-4.758
-4.652
-4.527
-4.328
-4.15
-3.944
-3.663
-3.391
-3.05
-2.447
-1.703
-1.032
-0.557
-0.39
-0.44
-0.428
-0.131
0.431
0.925
1.048
0.95
0.878
0.88
1.059
1.506
2.12
2.669
3.096
3.463
3.736
3.857
4.019
4.341
4.732
5.011
5.076
4.965
4.797
4.713
4.847
5.253
5.804
6.226
6.394
6.396
6.426
6.473
6.459
6.417
6.301
6.008
5.605
5.351
5.178
4.892
4.565
4.368
4.375
4.49
4.588
4.636
4.738
4.863
4.869
4.786
4.677
4.563
4.512
4.509
4.411
4.146
3.717
3.159
2.692
2.472
2.351
2.189
2.047
2.055
2.25
2.504
2.658
2.688
2.63
2.363
1.866
1.207
0.432
-0.387
-1.098
-1.453
-1.415
-1.232
-1.018
-0.839
-0.741
-0.68
-0.621
-0.671
-0.782
-0.886
-1.052
-1.252
-1.377
-1.506
-1.742
-2.105
-2.554
-2.922
-3.148
-3.254
-3.148
-2.844
-2.655
-2.713
-2.833
-2.822
-2.822
-2.996
-3.218
-3.268
-3.225
-3.254
-3.391
-3.615
-3.885
-4.144
-4.423
-4.729
-4.822
-4.654
-4.49
-4.364
-4.161
-3.954
-3.787
-3.541
-3.182
-2.946
-3.039
-3.334
-3.631
-3.932
-4.253
-4.464
-4.532
-4.512
-4.493
-4.582
-4.718
-4.699
-4.565
-4.457
-4.28
-3.971
-3.765
-3.854
-4.146
-4.512
-4.926
-5.337
-5.559
-5.489
-5.248
-4.947
-4.659
-4.429
-4.23
-3.955
-3.595
-3.232
-3.021
-3.023
-3.089
-3.114
-3.216
-3.468
-3.706
-3.874
-3.999
-4.055
-4.141
-4.398
-4.674
-4.677
-4.382
-4.028
-3.77
-3.566
-3.416
-3.382
-3.383
-3.259
-2.987
-2.708
-2.655
-2.95
-3.558
-4.325
-5.151
-5.879
-6.387
-6.639
-6.637
-6.623
-6.7
-6.743
-6.618
-6.274
-5.659
-4.997
-4.634
-4.568
-4.67
-4.967
-5.441
-6.047
-6.677
-7.113
-7.437
-7.862
-8.316
-8.651
-8.819
-8.717
-8.342
-7.875
-7.455
-7.176
-7.147
-7.242
-7.274
-7.274
-7.38
-7.664
-8.034
-8.437
-8.862
-9.179
-9.379
-9.652
-10.005
-10.15
-9.867
-9.279
-8.662
-8.099
-7.528
-7.047
-6.841
-6.908
-7.172
-7.528
-7.932
-8.401
-8.986
-9.597
-10.107
-10.463
-10.529
-10.266
-9.814
-9.281
-8.705
-8.122
-7.528
-6.925
-6.369
-5.983
-5.876
-6.079
-6.503
-7.075
-7.739
-8.415
-8.961
-9.318
-9.47
-9.463
-9.433
-9.399
-9.139
-8.578
-7.943
-7.455
-7.1
-6.916
-7.027
-7.354
-7.709
-8.049
-8.365
-8.656
-8.9
-9.1
-9.273
-9.409
-9.463
-9.46
-9.399
-9.295
-9.265
-9.42
-9.652
-9.856
-10.032
-10.198
-10.381
-10.626
-10.874
-11.01
-11.01
-10.999
-10.964
-10.826
-10.606
-10.37
-10.193
-10.08
-10.053
-10.137
-10.268
-10.375
-10.467
-10.622
-10.896
-11.443
-12.215
-12.954
-13.453
-13.648
-13.51
-13.069
-12.444
-11.736
-11.058
-10.615
-10.622
-11.053
-11.733
-12.441
-12.979
-13.333
-13.607
-13.856
-14.065
-14.097
-13.891
-13.557
-13.139
-12.639
-12.19
-11.901
-11.727
-11.552
-11.384
-11.443
-11.931
-12.679
-13.473
-14.167
-14.634
-14.787
-14.659
-14.335
-13.917
-13.43
-12.918
-12.41
-12.017
-11.813
-11.657
-11.463
-11.443
-11.681
-12.065
-12.525
-12.94
-13.16
-13.163
-12.979
-12.702
-12.391
-12.001
-11.649
-11.409
-11.244
-11.13
-11.037
-10.944
-11.037
-11.328
-11.545
-11.487
-11.203
-10.953
-10.989
-11.23
-11.425
-11.454
-11.409
-11.404
-11.4
-11.382
-11.323
-11.13
-10.783
-10.534
-10.551
-10.534
-10.257
-10.032
-10.114
-10.368
-10.704
-11.039
-11.217
-11.15
-10.96
-10.794
-10.659
-10.497
-10.316
-10.132
-10.023
-10.13
-10.359
-10.554
-10.735
-10.96
-11.217
-11.574
-11.992
-12.26
-12.24
-12.026
-11.808
-11.604
-11.298
-10.896
-10.71
-10.891
-11.22
-11.513
-11.774
-11.872
-11.747
-11.629
-11.633
-11.604
-11.441
-11.23
-11.116
-11.144
-11.275
-11.437
-11.509
-11.509
-11.527
-11.511
-11.437
-11.425
-11.618
-11.931
-12.182
-12.4
-12.738
-13.097
-13.224
-13.058
-12.777
-12.489
-12.314
-12.252
-12.162
-12.017
-11.962
-12.008
-11.983
-11.845
-11.695
-11.657
-11.822
-12.196
-12.639
-12.868
-12.709
-12.35
-11.976
-11.616
-11.314
-11.25
-11.437
-11.645
-11.742
-11.901
-12.167
-12.425
-12.625
-12.765
-12.902
-13.056
-13.199
-13.309
-13.503
-13.718
-13.732
-13.518
-13.212
-12.906
-12.604
-12.296
-12.06
-12.035
-12.14
-12.13
-12.076
-12.14
-12.299
-12.469
-12.628
-12.823
-13.115
-13.346
-13.406
-13.378
-13.262
-13.008
-12.689
-12.296
-11.87
-11.541
-11.393
-11.491
-11.933
-12.598
-13.294
-13.925
-14.369
-14.555
-14.642
-14.782
-14.9
-14.823
-14.354
-13.61
-12.944
-12.391
-11.903
-11.624
-11.582
-11.638
-11.761
-12.051
-12.623
-13.342
-14.004
-14.664
-15.258
-15.424
-15.113
-14.621
-14.145
-13.752
-13.496
-13.326
-13.058
-12.799
-12.798
-13.11
-13.686
-14.464
-15.32
-16.068
-16.583
-16.873
-16.848
-16.335
-15.449
-14.571
-13.927
-13.403
-12.793
-12.146
-11.683
-11.484
-11.57
-11.992
-12.578
-13.022
-13.328
-13.705
-14.065
-14.154
-13.961
-13.711
-13.532
-13.385
-13.158
-12.838
-12.528
-12.325
-12.235
-12.178
-11.997
-11.733
-11.588
-11.547
-11.389
-11.06
-10.731
-10.538
-10.442
-10.316
-10.143
-9.917
-9.669
-9.583
-9.744
-9.926
-9.864
-9.672
-9.735
-10.168
-10.606
-10.858
-11.035
-11.175
-11.255
-11.223
-10.983
-10.615
-10.238
-9.878
-9.599
-9.481
-9.515
-9.688
-9.996
-10.436
-11.024
-11.633
-11.978
-12.062
-12.071
-12.017
-11.887
-11.713
-11.466
-11.194
-10.999
-10.865
-10.81
-10.876
-10.941
-11.01
-11.28
-11.724
-12.056
-12.178
-12.274
-12.448
-12.629
-12.677
-12.618
-12.6
-12.748
-12.957
-13.035
-12.935
-12.773
-12.709
-12.686
-12.628
-12.568
-12.603
-12.734
-12.932
-13.183
-13.607
-14.176
-14.628
-14.818
-14.717
-14.229
-13.543
-12.963
-12.528
-12.11
-11.681
-11.37
-11.407
-11.752
-12.162
-12.5
-12.773
-13.052
-13.426
-13.886
-14.185
-14.072
-13.627
-13.224
-13.072
-12.99
-12.811
-12.641
-12.584
-12.673
-12.99
-13.464
-13.818
-13.78
-13.414
-13.135
-13.033
-12.788
-12.249
-11.62
-11.078
-10.69
-10.517
-10.447
-10.286
-10.017
-9.798
-9.774
-9.898
-10.041
-10.134
-10.187
-10.221
-10.168
-9.953
-9.585
-9.154
-8.839
-8.717
-8.656
-8.503
-8.302
-8.102
-7.893
-7.845
-8.052
-8.319
-8.39
-8.244
-8.186
-8.363
-8.498
-8.336
-7.915
-7.458
-7.008
-6.482
-5.931
-5.389
-4.908
-4.72
-4.94
-5.38
-5.764
-5.974
-6.083
-6.258
-6.503
-6.721
-6.821
-6.723
-6.493
-6.347
-6.278
-6.088
-5.736
-5.38
-5.196
-5.251
-5.407
-5.522
-5.639
-5.809
-6.065
-6.392
-6.716
-6.92
-6.983
-6.95
-6.807
-6.553
-6.219
-5.79
-5.276
-4.779
-4.425
-4.236
-4.166
-4.234
-4.465
-4.865
-5.41
-5.947
-6.389
-6.821
-7.125
-7.045
-6.632
-6.192
-5.863
-5.591
-5.362
-5.243
-5.303
-5.461
-5.622
-5.85
-6.178
-6.507
-6.816
-7.115
-7.212
-7.038
-6.788
-6.616
-6.498
-6.289
-5.876
-5.31
-4.799
-4.529
-4.507
-4.484
-4.266
-4.044
-4.039
-4.21
-4.403
-4.568
-4.688
-4.74
-4.793
-4.819
-4.688
-4.353
-4.041
-3.935
-3.935
-3.89
-3.726
-3.432
-3.137
-2.984
-3.039
-3.311
-3.65
-3.79
-3.711
-3.45
-2.873
-2.039
-1.282
-0.728
-0.272
0.147
0.451
0.515
0.374
0.208
0.02
-0.19
-0.217
-0.029
0.072
-0.092
-0.222
-0.061
0.178
0.272
0.262
0.285
0.403
0.521
0.492
0.374
0.456
0.736
1.032
1.227
1.294
1.394
1.553
1.712
1.941
2.181
2.155
1.885
1.719
1.721
1.728
1.793
2.027
2.289
2.264
1.843
1.247
0.771
0.415
0.077
-0.122
-0.075
0.091
0.22
0.454
0.859
1.222
1.413
1.511
1.444
1.052
0.358
-0.454
-1.213
-1.848
-2.315
-2.556
-2.606
-2.545
-2.275
-1.706
-0.945
-0.15
0.578
1.107
1.319
1.21
0.856
0.287
-0.442
-1.182
-1.78
-2.111
-2.168
-2.077
-1.902
-1.537
-0.875
-0.058
0.674
1.31
1.887
2.326
2.608
2.715
2.618
2.325
1.798
1.111
0.492
0.102
-0.066
-0.027
0.346
1.148
2.191
3.177
4.076
4.965
5.736
6.233
6.439
6.417
6.153
5.5
4.543
3.711
3.154
2.642
2.191
2.066
2.368
2.955
3.681
4.489
5.29
5.931
6.348
6.609
6.775
6.688
6.353
5.99
5.729
5.552
5.416
5.332
5.412
5.677
5.979
6.16
6.253
6.48
6.763
6.861
6.732
6.48
6.169
5.881
5.597
5.33
5.137
5.006
5.015
5.201
5.461
5.74
6.072
6.428
6.734
6.927
6.88
6.517
5.904
5.182
4.502
4.016
3.756
3.62
3.542
3.458
3.411
3.497
3.779
4.216
4.645
4.908
5.121
5.332
5.315
5.167
5.187
5.217
4.922
4.319
3.611
2.892
2.166
1.456
0.903
0.501
0.322
0.557
1.099
1.694
2.456
3.536
4.84
6.172
7.229
7.784
7.848
7.549
6.895
5.874
4.586
3.229
1.996
1.045
0.528
0.53
1.109
2.345
4.241
6.554
8.83
10.681
11.99
12.629
12.489
11.608
10.193
8.487
6.866
5.677
5.087
5.185
6.056
7.574
9.538
11.799
14.104
16.2
17.925
19.105
19.539
19.239
18.432
17.284
15.83
14.142
12.631
11.729
11.47
11.717
12.559
14.029
15.891
17.942
19.899
21.351
22.24
22.758
22.925
22.666
22.027
21.074
20.017
19.065
18.246
17.609
17.32
17.475
18.08
19.019
20.173
21.498
22.878
24.116
24.996
25.371
25.251
24.615
23.456
21.905
20.198
18.642
17.57
17.057
16.923
17.107
17.749
18.992
20.58
21.997
22.937
23.408
23.481
23.163
22.379
21.145
19.654
18.209
16.993
15.88
14.757
13.752
13.11
13.077
13.632
14.405
15.166
15.95
16.639
17.01
17.066
16.943
16.611
15.821
14.455
12.723
10.899
9.118
7.412
5.97
5.085
4.933
5.471
6.437
7.408
8.143
8.68
9.045
9.13
8.93
8.419
7.351
5.784
4.085
2.422
0.66
-0.964
-1.927
-2.175
-2.041
-1.603
-0.723
0.51
1.855
3.087
4.155
4.983
5.405
5.376
4.865
3.817
2.495
1.224
0.111
-0.748
-1.229
-1.338
-1.009
-0.161
1.09
2.574
4.091
5.48
6.641
7.528
8.077
8.283
8.147
7.558
6.498
5.206
4.116
3.502
3.391
3.799
4.659
5.843
7.176
8.478
9.814
11.343
12.806
13.736
14.122
14.054
13.428
12.335
11.158
10.055
8.989
8.095
7.541
7.301
7.301
7.625
8.426
9.602
10.829
11.887
12.603
12.872
12.949
12.954
12.581
11.872
11.217
10.527
9.64
9
8.864
8.748
8.526
8.642
9.064
9.348
9.605
10.191
10.935
11.28
11.27
11.307
11.144
10.409
9.463
8.621
7.837
7.215
6.975
7.092
7.242
7.342
7.8
8.726
9.814
10.98
11.985
12.498
12.659
12.693
12.523
12.16
11.452
10.454
9.627
9.005
8.413
8.199
8.426
8.88
9.692
10.572
11.125
11.731
12.423
13.065
13.734
14.074
13.909
13.746
13.738
13.738
13.92
14.138
14.185
14.249
14.285
14.269
14.528
14.941
15.191
15.485
15.864
16.195
16.678
17.172
17.32
17.331
17.366
17.314
17.286
17.214
17.016
16.973
17.255
17.872
18.767
19.662
20.44
21.149
21.476
21.483
21.548
21.444
20.889
20.219
19.736
19.441
19.286
19.121
19.107
19.262
19.262
19.325
19.623
19.802
19.832
19.904
19.894
19.704
19.346
18.854
18.393
18.078
17.958
17.913
17.743
17.579
17.735
18.087
18.391
18.692
18.933
18.862
18.496
18.014
17.579
17.193
16.773
16.324
15.88
15.496
15.417
15.607
15.782
16.011
16.552
17.264
17.743
17.975
18.173
18.337
18.377
18.125
17.565
17.014
16.49
15.907
15.615
15.824
16.064
16.1
16.215
16.572
17.118
17.665
18.048
18.229
18.203
17.969
17.49
16.814
16.215
15.995
16.028
16.107
16.198
16.204
16.025
15.919
16.089
16.407
16.796
17.209
17.513
17.729
17.79
17.568
17.331
17.264
17.286
17.395
17.384
17.141
16.987
17.052
17.127
17.284
17.597
17.805
17.924
18.134
18.291
18.254
18.239
18.314
18.379
18.448
18.545
18.697
18.829
18.885
18.924
18.965
18.999
19.115
19.409
19.679
19.727
19.702
19.568
19.165
18.79
18.656
18.577
18.472
18.382
18.309
18.271
18.276
18.375
18.518
18.557
18.62
18.874
19.019
18.908
18.858
18.908
18.775
18.633
18.79
19.035
19.046
18.91
18.833
18.729
18.497
18.334
18.259
18.059
17.735
17.445
17.316
17.379
17.518
17.629
17.735
17.822
17.86
17.925
17.874
17.545
17.239
17.089
16.864
16.438
15.857
15.242
14.884
14.846
14.999
15.32
15.669
15.841
15.898
15.98
15.97
15.654
15.004
14.319
13.807
13.292
12.784
12.484
12.461
12.779
13.417
13.975
14.176
14.129
14.074
14.268
14.682
15.004
15.102
14.998
14.73
14.469
14.319
14.086
13.661
13.185
12.854
12.768
12.829
12.774
12.643
12.709
13.142
13.834
14.562
15.061
15.211
15.267
15.306
15.113
14.67
14.129
13.648
13.407
13.317
13.189
13.178
13.262
13.308
13.407
13.677
14.074
14.489
14.662
14.408
13.881
13.167
12.466
12.092
11.97
11.781
11.438
10.989
10.59
10.218
9.719
9.239
9.07
9.173
9.385
9.597
9.635
9.499
9.34
9.227
9.145
9.13
9.111
8.952
8.533
7.845
7.079
6.401
5.945
5.79
5.745
5.614
5.448
5.323
5.135
4.906
4.758
4.693
4.697
4.67
4.386
3.758
3.007
2.406
2.021
1.762
1.492
1.148
0.694
0.27
0.052
0.013
0.07
0.31
0.775
1.224
1.436
1.383
1.22
1.045
0.814
0.51
0.195
-0.102
-0.449
-0.918
-1.399
-1.644
-1.633
-1.573
-1.626
-1.84
-2.17
-2.411
-2.546
-2.792
-3.043
-3.116
-3.218
-3.493
-3.706
-3.815
-3.907
-3.965
-4.066
-4.234
-4.334
-4.428
-4.638
-4.793
-4.749
-4.59
-4.328
-3.944
-3.468
-3.055
-2.789
-2.68
-2.669
-2.789
-3.021
-3.286
-3.55
-3.754
-4.087
-4.711
-5.398
-5.84
-6.093
-6.153
-5.956
-5.57
-5.067
-4.509
-4.016
-3.633
-3.291
-3.021
-2.828
-2.715
-2.805
-3.128
-3.55
-3.919
-4.149
-4.214
-4.094
-3.762
-3.402
-3.257
-3.277
-3.298
-3.209
-3.089
-3.039
-3.1
-3.309
-3.67
-4.164
-4.754
-5.305
-5.727
-6.054
-6.333
-6.459
-6.467
-6.419
-6.323
-6.208
-6.11
-6.008
-5.997
-6.149
-6.353
-6.528
-6.743
-7.016
-7.404
-7.962
-8.61
-9.13
-9.393
-9.468
-9.54
-9.594
-9.494
-9.343
-9.225
-9.111
-9.03
-9.009
-8.935
-8.801
-8.839
-9.109
-9.565
-10.146
-10.794
-11.437
-12.049
-12.559
-12.799
-12.756
-12.511
-12.067
-11.493
-10.926
-10.372
-9.869
-9.438
-8.969
-8.411
-7.915
-7.653
-7.712
-8.02
-8.319
-8.571
-8.846
-9.048
-9.111
-9.111
-8.921
-8.401
-7.669
-6.777
-5.729
-4.657
-3.724
-3.112
-2.959
-3.213
-3.588
-3.882
-4.141
-4.454
-4.727
-4.831
-4.697
-4.382
-3.967
-3.447
-2.875
-2.315
-1.731
-1.05
-0.356
0.195
0.546
0.746
0.778
0.587
0.278
-0.091
-0.456
-0.612
-0.565
-0.519
-0.419
-0.117
0.442
1.249
1.98
2.343
2.37
2.229
2.023
1.95
2.184
2.626
2.953
3.019
2.959
2.873
2.679
2.456
2.472
2.74
3.009
3.003
2.715
2.42
2.309
2.275
2.297
2.375
2.429
2.488
2.61
2.785
3.025
3.307
3.506
3.563
3.447
3.109
2.545
1.943
1.461
1.177
1.061
1.054
1.102
1.132
1.113
1.152
1.344
1.549
1.673
1.821
2.03
2.17
2.077
1.689
1.258
0.923
0.492
-0.079
-0.442
-0.46
-0.31
-0.188
-0.142
-0.111
-0.106
-0.2
-0.315
-0.383
-0.571
-1.032
-1.685
-2.334
-3.003
-3.717
-4.208
-4.32
-4.258
-4.121
-3.89
-3.622
-3.221
-2.613
-2.066
-1.887
-2.077
-2.513
-3.023
-3.508
-3.994
-4.532
-5.126
-5.555
-5.586
-5.416
-5.412
-5.594
-5.739
-5.722
-5.572
-5.321
-5.117
-5.157
-5.41
-5.58
-5.521
-5.448
-5.616
-6.026
-6.364
-6.437
-6.299
-6.051
-5.68
-5.312
-5.133
-5.076
-5.036
-5.053
-5.187
-5.323
-5.296
-5.119
-4.992
-5.103
-5.337
-5.455
-5.425
-5.362
-5.326
-5.351
-5.45
-5.569
-5.622
-5.57
-5.53
-5.616
-5.718
-5.729
-5.725
-5.845
-6.158
-6.512
-6.693
-6.752
-6.673
-6.323
-5.904
-5.727
-5.759
-5.752
-5.522
-5.06
-4.609
-4.345
-4.244
-4.25
-4.323
-4.473
-4.799
-5.344
-5.888
-6.255
-6.409
-6.408
-6.344
-6.226
-5.884
-5.371
-4.931
-4.711
-4.699
-4.744
-4.713
-4.727
-4.997
-5.477
-6.024
-6.505
-6.811
-6.893
-6.886
-6.875
-6.743
-6.364
-5.79
-5.192
-4.636
-4.18
-3.951
-3.929
-3.971
-4.128
-4.615
-5.373
-6.072
-6.629
-7.199
-7.793
-8.363
-8.935
-9.404
-9.46
-9.098
-8.537
-7.87
-7.267
-6.916
-6.725
-6.543
-6.501
-6.748
-7.237
-7.83
-8.453
-9.025
-9.458
-9.644
-9.597
-9.494
-9.284
-8.877
-8.501
-8.269
-8.061
-7.878
-7.759
-7.757
-8.009
-8.558
-9.248
-9.912
-10.495
-10.976
-11.329
-11.584
-11.693
-11.608
-11.237
-10.665
-10.082
-9.483
-8.889
-8.517
-8.515
-8.79
-9.13
-9.447
-9.785
-10.173
-10.622
-11.091
-11.534
-11.878
-12.046
-11.924
-11.482
-10.941
-10.525
-10.066
-9.549
-9.295
-9.261
-9.214
-9.209
-9.458
-9.856
-10.143
-10.266
-10.332
-10.416
-10.463
-10.384
-10.225
-10.073
-9.992
-9.976
-9.944
-9.833
-9.652
-9.418
-9.306
-9.458
-9.767
-9.967
-9.948
-9.894
-9.959
-10.066
-10.148
-10.311
-10.504
-10.513
-10.293
-10.03
-9.789
-9.56
-9.46
-9.515
-9.638
-9.755
-9.817
-9.774
-9.812
-10.166
-10.738
-11.2
-11.37
-11.295
-11.139
-10.98
-10.871
-10.771
-10.576
-10.247
-9.881
-9.622
-9.529
-9.555
-9.701
-10.034
-10.581
-11.173
-11.688
-12.16
-12.586
-12.786
-12.665
-12.301
-11.901
-11.532
-11.105
-10.767
-10.69
-10.746
-10.69
-10.62
-10.756
-11.039
-11.345
-11.808
-12.441
-12.974
-13.278
-13.491
-13.725
-13.843
-13.727
-13.457
-13.212
-12.983
-12.634
-12.196
-11.845
-11.679
-11.716
-11.883
-12.065
-12.282
-12.593
-12.902
-13.231
-13.555
-13.732
-13.746
-13.63
-13.309
-12.784
-12.19
-11.658
-11.284
-11.041
-10.894
-10.817
-10.896
-11.214
-11.683
-12.099
-12.416
-12.738
-12.977
-12.944
-12.534
-11.953
-11.47
-11.078
-10.729
-10.475
-10.35
-10.42
-10.581
-10.64
-10.601
-10.579
-10.534
-10.463
-10.495
-10.556
-10.502
-10.454
-10.538
-10.606
-10.479
-10.25
-9.993
-9.667
-9.409
-9.402
-9.558
-9.758
-9.987
-10.198
-10.366
-10.579
-10.765
-10.724
-10.466
-10.2
-10.059
-9.928
-9.622
-9.248
-8.991
-8.841
-8.81
-8.921
-9.057
-9.159
-9.452
-10.007
-10.572
-10.903
-11.044
-11.053
-10.899
-10.497
-9.971
-9.544
-9.263
-9.073
-9.007
-9.091
-9.315
-9.733
-10.311
-10.863
-11.391
-11.948
-12.352
-12.427
-12.246
-11.981
-11.702
-11.395
-11.024
-10.59
-10.2
-9.992
-10.007
-10.225
-10.556
-10.924
-11.382
-11.948
-12.48
-12.865
-13.176
-13.471
-13.652
-13.668
-13.457
-13.074
-12.539
-11.906
-11.353
-10.953
-10.672
-10.561
-10.754
-11.282
-12.042
-12.932
-13.902
-14.843
-15.617
-16.107
-16.248
-16.103
-15.762
-15.102
-14.081
-13.033
-12.287
-11.847
-11.586
-11.454
-11.593
-12.132
-12.963
-13.892
-14.773
-15.47
-15.93
-16.182
-16.07
-15.546
-14.812
-14.011
-13.203
-12.573
-12.216
-12.003
-11.981
-12.251
-12.79
-13.528
-14.313
-15.022
-15.605
-15.945
-16.07
-16.016
-15.662
-14.991
-14.181
-13.351
-12.661
-12.124
-11.477
-10.796
-10.536
-10.746
-11.108
-11.538
-12.096
-12.636
-12.979
-13.253
-13.557
-13.573
-13.09
-12.427
-11.928
-11.502
-11.055
-10.733
-10.72
-10.983
-11.437
-12.099
-12.974
-13.884
-14.583
-14.909
-14.809
-14.442
-13.984
-13.369
-12.505
-11.484
-10.506
-9.81
-9.513
-9.531
-9.733
-10.121
-10.688
-11.304
-11.845
-12.207
-12.405
-12.5
-12.57
-12.581
-12.427
-11.958
-11.144
-10.318
-9.742
-9.323
-8.975
-8.835
-8.914
-9.239
-9.864
-10.713
-11.638
-12.475
-13.142
-13.668
-13.902
-13.657
-12.988
-12.076
-11.137
-10.311
-9.608
-8.864
-8.079
-7.514
-7.379
-7.526
-7.832
-8.378
-9.159
-9.984
-10.771
-11.529
-12.096
-12.324
-12.299
-12.212
-12.053
-11.683
-11.164
-10.745
-10.529
-10.442
-10.368
-10.3
-10.43
-10.928
-11.708
-12.514
-13.256
-13.897
-14.296
-14.26
-13.861
-13.262
-12.561
-11.749
-10.838
-9.907
-9.098
-8.47
-8.145
-8.292
-8.889
-9.71
-10.545
-11.393
-12.332
-13.226
-13.741
-13.909
-13.972
-13.911
-13.613
-13.069
-12.325
-11.622
-11.232
-11.192
-11.395
-11.788
-12.264
-12.714
-13.078
-13.36
-13.546
-13.48
-13.113
-12.645
-12.167
-11.627
-11.15
-10.919
-10.788
-10.488
-10.159
-10.157
-10.456
-10.767
-11.039
-11.47
-11.987
-12.375
-12.53
-12.548
-12.475
-12.266
-11.973
-11.713
-11.509
-11.284
-11.133
-11.146
-11.257
-11.35
-11.27
-11.06
-10.953
-10.974
-10.921
-10.765
-10.704
-10.756
-10.612
-10.098
-9.477
-8.96
-8.417
-7.78
-7.254
-7.029
-6.979
-6.952
-7.042
-7.367
-7.832
-8.244
-8.526
-8.723
-8.891
-8.936
-8.905
-8.91
-8.925
-8.871
-8.741
-8.596
-8.397
-8.111
-7.782
-7.546
-7.496
-7.51
-7.417
-7.235
-7.086
-7.047
-7.04
-6.827
-6.378
-5.945
-5.752
-5.666
-5.489
-5.271
-5.119
-4.972
-4.722
-4.416
-4.169
-4.135
-4.423
-5.047
-5.881
-6.664
-7.17
-7.446
-7.641
-7.68
-7.396
-6.875
-6.373
-6.085
-6.024
-6.065
-6.113
-6.244
-6.451
-6.621
-6.693
-6.718
-6.759
-6.693
-6.448
-6.11
-5.777
-5.412
-4.953
-4.465
-4.116
-3.999
-3.976
-3.949
-4.041
-4.343
-4.856
-5.534
-6.238
-6.793
-7.21
-7.56
-7.737
-7.566
-7.033
-6.455
-6.163
-6.119
-6.126
-6.113
-6.018
-5.831
-5.655
-5.469
-5.171
-4.827
-4.554
-4.378
-4.307
-4.234
-4.133
-3.999
-3.776
-3.502
-3.234
-2.998
-2.91
-3.03
-3.212
-3.375
-3.552
-3.712
-3.812
-3.824
-3.762
-3.722
-3.729
-3.745
-3.781
-3.792
-3.711
-3.57
-3.332
-2.971
-2.599
-2.25
-1.818
-1.319
-0.853
-0.454
-0.117
0.175
0.337
0.262
0.067
-0.081
-0.206
-0.276
-0.178
0.061
0.328
0.596
0.945
1.297
1.551
1.639
1.531
1.282
0.88
0.328
-0.211
-0.587
-0.778
-0.796
-0.721
-0.664
-0.454
-0.063
0.342
0.732
1.143
1.514
1.793
1.896
1.787
1.642
1.589
1.539
1.381
1.154
0.982
0.907
0.953
1.185
1.531
1.719
1.651
1.483
1.268
0.873
0.281
-0.342
-0.92
-1.458
-1.923
-2.311
-2.554
-2.488
-2.12
-1.646
-1.136
-0.585
-0.183
-0.056
-0.02
0.036
-0.058
-0.442
-1.059
-1.748
-2.304
-2.621
-2.694
-2.568
-2.365
-2.011
-1.313
-0.381
0.51
1.274
1.862
2.193
2.325
2.247
1.877
1.308
0.728
0.138
-0.532
-1.159
-1.513
-1.511
-1.235
-0.721
0.108
1.182
2.343
3.404
4.289
4.919
5.182
5.073
4.724
4.253
3.615
2.842
2.18
1.79
1.547
1.447
1.714
2.326
3.092
3.987
5.023
6.201
7.29
7.975
8.191
8.095
7.696
7.027
6.272
5.616
5.078
4.638
4.353
4.311
4.498
4.917
5.634
6.348
6.664
6.607
6.548
6.634
6.713
6.671
6.492
6.165
5.706
5.201
