Unnamed: 3
Value
20.099
20.406
20.453
20.487
20.559
20.575
20.482
20.269
20.031
20.147
20.759
21.413
21.625
21.521
21.392
21.299
21.274
21.413
21.705
22.064
22.365
22.517
22.485
22.29
21.916
21.428
21.054
20.999
21.065
21.029
20.974
21.065
21.313
21.592
21.66
21.306
20.663
20.171
20.124
20.254
20.074
19.707
19.802
20.539
21.209
21.235
20.852
20.575
20.401
20.07
19.582
19.115
19.04
19.543
20.231
20.462
20.174
19.897
19.951
20.042
19.802
19.269
18.785
18.629
18.717
18.74
18.497
18.201
18.096
18.021
17.729
17.356
17.241
17.43
17.718
17.933
17.806
17.236
16.56
16.113
15.876
15.753
15.944
16.585
17.583
18.484
18.733
18.382
17.74
16.937
15.969
15.147
14.789
14.882
15.397
16.165
16.964
17.545
17.735
17.499
16.915
15.907
14.621
13.561
13.013
12.784
12.716
13.092
13.839
14.46
14.61
14.651
15.057
15.565
15.771
15.646
15.315
14.727
13.924
12.972
12.046
11.409
11.3
11.835
12.679
13.162
13.045
12.725
12.282
11.588
10.631
9.529
8.726
8.488
8.608
8.812
9.111
9.506
9.928
10.091
9.606
8.7
7.936
7.505
7.204
6.952
6.798
6.809
6.95
7.063
7.072
6.766
6.09
5.5
5.328
5.232
5.02
4.793
4.697
4.785
4.632
4.118
3.626
3.368
3.216
3.121
3.173
3.294
3.203
2.819
2.427
2.157
1.805
1.361
1.098
0.95
0.827
0.909
1.086
1.245
1.338
1.263
0.957
0.49
-0.027
-0.553
-1.037
-1.458
-1.64
-1.651
-1.803
-2.041
-1.996
-1.617
-1.141
-0.719
-0.546
-0.743
-1.385
-2.152
-2.69
-3.134
-3.629
-3.883
-3.81
-3.654
-3.402
-3.098
-2.942
-2.874
-2.774
-2.722
-2.968
-3.558
-4.173
-4.545
-4.788
-4.931
-4.8
-4.52
-4.482
-4.686
-4.82
-4.852
-4.96
-5.225
-5.6
-5.995
-6.317
-6.491
-6.595
-6.702
-6.707
-6.455
-5.997
-5.546
-5.321
-5.332
-5.416
-5.503
-5.65
-6.002
-6.482
-6.861
-7.038
-7.054
-6.882
-6.53
-6.103
-5.693
-5.384
-5.119
-4.852
-4.701
-4.849
-5.216
-5.575
-5.818
-5.836
-5.64
-5.468
-5.471
-5.432
-5.18
-4.852
-4.679
-4.665
-4.602
-4.375
-4.035
-3.771
-3.677
-3.777
-4.105
-4.486
-4.831
-5.325
-5.951
-6.41
-6.406
-6.002
-5.55
-5.264
-5.035
-4.904
-5.103
-5.546
-5.924
-6.262
-6.659
-6.977
-7.215
-7.405
-7.567
-7.653
-7.641
-7.58
-7.456
-7.236
-7.072
-7.252
-7.789
-8.492
-9.193
-9.792
-10.375
-11.032
-11.556
-11.479
-10.704
-9.746
-9.227
-9.168
-9.17
-9.078
-9.207
-9.898
-11.071
-12.226
-12.752
-12.537
-11.974
-11.472
-11.205
-11.073
-10.953
-10.956
-11.291
-11.924
-12.473
-12.727
-12.92
-13.189
-13.324
-13.124
-12.779
-12.537
-12.407
-12.259
-12.028
-11.802
-11.897
-12.411
-13.083
-13.609
-13.904
-14.013
-13.888
-13.405
-12.593
-11.672
-10.779
-10.034
-9.74
-10.023
-10.561
-11.021
-11.527
-12.135
-12.448
-12.137
-11.434
-10.695
-9.939
-9.207
-8.814
-8.832
-9.05
-9.334
-9.677
-10.2
-10.811
-11.239
-11.319
-11.094
-10.653
-10.05
-9.27
-8.417
-7.58
-6.822
-6.323
-6.203
-6.251
-6.201
-6.16
-6.369
-6.777
-7.136
-7.138
-6.648
-5.808
-4.876
-4.066
-3.59
-3.475
-3.703
-4.221
-4.77
-5.124
-5.312
-5.368
-5.167
-4.665
-3.945
-3.214
-2.748
-2.47
-2.141
-1.74
-1.361
-1.168
-1.241
-1.433
-1.517
-1.469
-1.399
-1.288
-1.018
-0.562
-0.018
0.501
1.079
1.753
2.288
2.356
1.928
1.31
0.75
0.174
-0.422
-0.825
-0.764
-0.16
0.743
1.426
1.621
1.565
1.614
1.658
1.258
0.286
-0.911
-1.805
-2.136
-1.993
-1.585
-1.129
-0.671
0.023
0.886
1.37
1.063
0.172
-0.859
-1.78
-2.515
-3.087
-3.527
-3.697
-3.574
-3.316
-3.019
-2.59
-2.093
-1.733
-1.626
-1.756
-1.976
-2.256
-2.753
-3.509
-4.38
-5.121
-5.482
-5.504
-5.568
-5.818
-5.906
-5.507
-4.758
-4.27
-4.364
-4.895
-5.575
-6.14
-6.443
-6.564
-6.685
-6.746
-6.621
-6.358
-6.124
-6.174
-6.514
-6.947
-7.417
-7.897
-8.306
-8.726
-9.299
-9.865
-10.141
-10.041
-9.701
-9.252
-8.81
-8.454
-8.143
-7.757
-7.413
-7.501
-8.075
-8.784
-9.361
-9.865
-10.468
-11.11
-11.348
-10.869
-9.862
-8.721
-7.844
-7.344
-7.194
-7.365
-7.923
-8.796
-9.824
-10.795
-11.359
-11.32
-10.844
-10.244
-9.561
-8.76
-7.957
-7.353
-7.079
-7.122
-7.456
-8.049
-8.868
-9.71
-10.427
-11.008
-11.362
-11.282
-10.785
-10.089
-9.299
-8.533
-8.016
-7.852
-7.977
-8.26
-8.585
-8.875
-9.13
-9.298
-9.222
-8.903
-8.547
-8.227
-7.904
-7.803
-8.136
-8.751
-9.366
-9.892
-10.212
-10.198
-9.726
-8.926
-8.107
-7.421
-6.759
-6.201
-5.99
-6.358
-7.433
-8.862
-10.139
-11.139
-11.792
-11.86
-11.377
-10.613
-9.737
-8.975
-8.46
-8.154
-8.041
-8.229
-8.762
-9.624
-10.685
-11.624
-12.171
-12.298
-12.19
-11.974
-11.615
-11.223
-10.969
-10.799
-10.522
-10.305
-10.341
-10.568
-10.858
-11.252
-11.863
-12.541
-13.072
-13.326
-13.435
-13.512
-13.539
-13.477
-13.353
-13.226
-13.068
-12.87
-12.666
-12.41
-12.198
-12.278
-12.711
-13.276
-13.68
-13.723
-13.473
-13.049
-12.443
-11.652
-10.82
-10.291
-10.325
-10.888
-11.727
-12.682
-13.698
-14.587
-15.075
-15.038
-14.56
-13.813
-13.013
-12.355
-11.942
-11.886
-12.187
-12.689
-13.185
-13.508
-13.603
-13.505
-13.156
-12.387
-11.309
-10.361
-9.821
-9.61
-9.554
-9.662
-10.146
-11.028
-12.042
-12.915
-13.528
-13.825
-13.743
-13.152
-11.986
-10.538
-9.277
-8.601
-8.61
-8.946
-9.338
-9.901
-10.695
-11.479
-11.929
-11.892
-11.38
-10.595
-9.624
-8.485
-7.417
-6.711
-6.557
-6.977
-7.757
-8.59
-9.275
-9.828
-10.343
-10.729
-10.701
-10.334
-9.957
-9.593
-9.084
-8.567
-8.268
-8.202
-8.297
-8.519
-8.843
-9.254
-9.658
-9.944
-10.007
-9.742
-9.325
-9.041
-8.803
-8.399
-7.925
-7.732
-7.973
-8.433
-8.942
-9.47
-9.98
-10.386
-10.536
-10.328
-9.878
-9.363
-8.898
-8.616
-8.571
-8.771
-9.168
-9.633
-9.986
-10.186
-10.338
-10.565
-10.896
-11.18
-11.189
-10.964
-10.701
-10.484
-10.264
-10.101
-10.207
-10.665
-11.167
-11.456
-11.591
-11.72
-11.942
-12.246
-12.466
-12.317
-11.72
-10.985
-10.449
-10.157
-10.041
-10.237
-10.82
-11.523
-12.081
-12.439
-12.589
-12.439
-11.915
-11.115
-10.352
-9.923
-9.817
-9.722
-9.587
-9.781
-10.516
-11.504
-12.175
-12.262
-11.926
-11.303
-10.486
-9.603
-8.742
-7.997
-7.582
-7.696
-8.306
-9.098
-9.755
-10.221
-10.633
-10.933
-10.901
-10.522
-10.005
-9.572
-9.263
-9.055
-8.891
-8.694
-8.447
-8.359
-8.642
-9.163
-9.622
-9.957
-10.343
-10.804
-11.076
-11.044
-10.876
-10.695
-10.42
-10.055
-9.745
-9.522
-9.493
-9.814
-10.196
-10.209
-9.969
-9.746
-9.526
-9.173
-8.771
-8.495
-8.308
-8.202
-8.304
-8.553
-8.753
-8.871
-9.062
-9.547
-10.238
-10.636
-10.413
-9.817
-9.231
-8.875
-8.692
-8.548
-8.538
-8.88
-9.656
-10.736
-11.815
-12.589
-12.933
-12.945
-12.674
-12.069
-11.089
-9.837
-8.732
-8.192
-8.381
-9.086
-10.046
-11.105
-12.076
-12.709
-12.842
-12.582
-12.09
-11.362
-10.393
-9.467
-8.903
-8.767
-8.894
-9.17
-9.937
-11.495
-13.253
-14.204
-14.399
-14.26
-13.545
-12.575
-11.663
-10.59
-9.617
-9.322
-9.646
-10.352
-11.267
-12.017
-12.945
-14.038
-14.626
-14.374
-13.446
-12.015
-10.668
-9.821
-9.071
-8.637
-9.011
-9.887
-10.568
-11.282
-12.323
-13.042
-12.984
-12.816
-12.926
-12.473
-11.559
-11.073
-11.173
-11.484
-11.906
-12.65
-13.545
-13.963
-13.78
-13.623
-13.099
-12.015
-11.2
-10.805
-10.212
-9.519
-9.497
-10.007
-10.429
-10.653
-10.879
-10.799
-10.511
-10.74
-11.183
-11.099
-10.737
-10.477
-10.096
-9.912
-10.039
-9.998
-9.833
-9.781
-10.141
-10.919
-11.461
-11.448
-11.425
-11.439
-10.98
-10.429
-10.078
-9.551
-8.8
-8.313
-8.308
-8.472
-8.367
-8.197
-8.424
-8.878
-9.131
-9.225
-9.474
-9.613
-9.554
-9.524
-9.474
-9.397
-9.211
-8.937
-8.812
-9.071
-9.661
-10.297
-10.695
-10.953
-11.184
-11.219
-11.123
-10.948
-10.484
-9.966
-10.005
-10.205
-10.037
-9.769
-9.594
-9.765
-10.123
-10.041
-9.54
-9.041
-8.472
-8.1
-8.263
-8.506
-8.59
-8.647
-8.937
-9.626
-10.422
-11.048
-11.593
-11.829
-11.536
-11.1
-10.708
-10.438
-10.404
-10.312
-10.105
-10.244
-10.629
-10.917
-11.293
-11.64
-11.774
-11.811
-11.72
-11.271
-10.49
-9.542
-8.637
-7.918
-7.267
-6.757
-6.559
-6.695
-7.065
-7.7
-8.427
-8.942
-9.22
-9.168
-8.574
-7.755
-7.215
-6.913
-6.686
-6.446
-6.201
-6.398
-7.07
-7.641
-7.787
-7.612
-7.329
-7.253
-7.288
-6.854
-5.936
-5.16
-4.965
-5.128
-5.221
-5.208
-5.3
-5.604
-6.131
-6.595
-6.564
-6.181
-5.616
-4.706
-3.588
-2.688
-2.181
-2.18
-2.737
-3.645
-4.8
-6.04
-7.068
-7.766
-7.988
-7.637
-6.973
-6.269
-5.561
-4.979
-4.661
-4.622
-5.001
-5.75
-6.451
-6.961
-7.306
-7.385
-7.109
-6.414
-5.548
-4.756
-4.023
-3.357
-2.964
-3
-3.483
-4.369
-5.459
-6.407
-7.022
-7.383
-7.585
-7.598
-7.22
-6.398
-5.512
-4.89
-4.629
-4.72
-5.148
-5.786
-6.639
-7.573
-8.124
-8.124
-7.761
-7.047
-6.054
-5.092
-4.262
-3.551
-3.064
-2.916
-3.111
-3.382
-3.527
-3.724
-4.039
-4.05
-3.499
-2.76
-2.229
-1.824
-1.417
-1.236
-1.404
-1.71
-1.934
-2.132
-2.392
-2.669
-2.848
-2.848
-2.724
-2.501
-2.057
-1.347
-0.664
-0.318
-0.206
-0.274
-0.587
-1.002
-1.258
-1.406
-1.669
-2.1
-2.397
-2.204
-1.578
-0.875
-0.138
0.773
1.644
1.996
1.708
0.937
0.034
-0.606
-0.97
-1.268
-1.517
-1.608
-1.597
-1.628
-1.685
-1.74
-1.932
-2.3
-2.59
-2.66
-2.627
-2.64
-2.717
-2.853
-3.039
-3.116
-2.837
-2.256
-1.578
-0.873
-0.202
0.355
0.721
0.759
0.349
-0.449
-1.42
-2.32
-3.021
-3.479
-3.583
-3.379
-2.835
-1.973
-1.242
-1.082
-1.336
-1.712
-2.186
-2.821
-3.602
-4.309
-4.785
-5.141
-5.292
-5.01
-4.445
-3.906
-3.375
-2.764
-2.3
-2.139
-2.013
-1.749
-1.598
-1.649
-1.719
-1.848
-2.091
-2.225
-2.143
-1.857
-1.43
-0.966
-0.659
-0.743
-1.168
-1.635
-2.013
-2.479
-2.974
-3.23
-3.195
-2.878
-2.2
-1.161
-0.018
0.737
0.886
0.664
0.231
-0.433
-1.106
-1.52
-1.581
-1.394
-1.066
-0.528
0.242
1.041
1.735
2.365
2.787
2.764
2.345
1.825
1.461
1.193
0.802
0.319
-0.038
-0.131
0
0.328
0.873
1.508
1.984
2.184
2.093
1.762
1.247
0.603
-0.02
-0.417
-0.487
-0.219
0.478
1.628
2.926
3.997
4.656
4.956
4.774
4.058
3.187
2.711
2.674
2.701
2.667
2.821
3.205
3.488
3.499
3.441
3.431
3.304
2.851
2.165
1.64
1.378
1.15
0.991
1.111
1.304
1.313
1.458
2.1
2.894
3.336
3.346
3.116
2.64
1.798
0.827
0.115
-0.306
-0.512
-0.403
-0.023
0.428
1.029
1.782
2.372
2.559
2.297
1.728
1.163
0.685
0.24
-0.102
-0.344
-0.528
-0.499
-0.338
-0.202
0.092
0.626
1.174
1.494
1.469
1.152
0.658
0.04
-0.538
-0.878
-0.891
-0.562
0.091
0.95
1.808
2.465
2.998
3.482
3.482
2.665
1.478
0.666
0.408
0.394
0.469
0.857
1.608
2.536
3.597
4.736
5.643
6.05
6.106
5.99
5.634
5.057
4.516
4.221
4.155
4.118
4.123
4.344
4.688
4.949
5.183
5.571
5.954
6.054
5.882
5.707
5.656
5.595
5.536
5.675
6.027
6.353
6.498
6.575
6.761
7.041
7.136
6.973
6.679
6.421
6.299
6.464
6.866
7.299
7.744
8.327
9.036
9.561
9.599
9.231
8.622
7.92
7.294
6.775
6.271
5.834
5.663
5.856
6.319
6.905
7.51
8.079
8.669
9.388
10.102
10.524
10.556
10.328
9.982
9.61
9.288
9.131
9.227
9.494
9.998
10.883
11.863
12.532
12.858
12.994
12.849
12.378
11.813
11.339
10.967
10.744
10.679
10.776
11.162
11.815
12.495
13.031
13.457
13.868
14.192
14.328
14.347
14.24
13.904
13.387
12.858
12.446
12.174
12.126
12.482
13.146
13.788
14.12
14.027
13.555
12.913
12.287
11.699
11.246
11.144
11.32
11.482
11.618
11.829
12.017
12.174
12.233
11.933
11.151
10.15
9.318
8.703
8.208
7.945
8.127
8.56
8.884
9.039
9.215
9.402
9.435
9.243
8.784
8.049
7.231
6.562
6.095
5.727
5.489
5.555
5.915
6.342
6.738
7.208
7.776
8.154
8.124
7.823
7.389
6.793
6.119
5.564
5.267
5.26
5.441
5.736
6.183
6.698
7.138
7.467
7.587
7.381
7.052
6.857
6.852
6.961
7.104
7.29
7.508
7.648
7.651
7.553
7.462
7.437
7.467
7.494
7.598
7.88
8.207
8.381
8.44
8.474
8.571
8.832
9.267
9.735
10.06
10.196
10.18
9.908
9.263
8.512
8.086
7.952
7.871
7.916
8.236
8.751
9.345
9.944
10.312
10.223
9.74
9.05
8.133
7.029
6.258
6.342
7.072
7.825
8.338
8.775
9.189
9.524
9.719
9.667
9.366
8.998
8.764
8.574
8.161
7.562
7.081
6.918
6.952
7.004
7.174
7.676
8.344
8.859
9.089
9.131
9.057
8.826
8.519
8.297
8.259
8.331
8.535
8.828
9.059
9.109
9.048
9.032
8.964
8.807
8.858
9.207
9.638
10.116
10.717
11.257
11.509
11.461
11.205
10.844
10.574
10.565
10.788
11.121
11.495
11.931
12.333
12.559
12.65
12.741
12.841
12.942
13.142
13.512
14.007
14.546
15.083
15.533
15.878
16.141
16.265
16.143
15.955
16.005
16.327
16.737
17.255
17.91
18.59
19.224
19.854
20.364
20.578
20.532
20.43
20.348
20.171
19.94
19.872
19.979
20.187
20.539
20.974
21.326
21.653
22.133
22.773
23.295
23.393
23.136
22.852
22.716
22.787
23.023
23.309
23.66
24.148
24.588
24.794
24.888
25.046
25.099
24.828
24.313
23.844
23.461
23.17
23.295
23.839
24.434
24.904
25.291
25.487
25.212
24.517
23.817
23.299
22.816
22.249
21.841
21.812
22.025
22.336
22.699
23.03
23.166
22.92
22.447
22.038
21.677
21.283
20.899
20.707
20.602
20.362
20.254
20.516
20.961
21.165
21.094
21.12
21.251
21.201
21.015
20.911
20.886
20.836
20.723
20.639
20.598
20.482
20.254
20.049
19.863
19.543
19.128
18.684
18.278
18.003
17.742
17.486
17.343
17.15
16.899
16.832
16.96
17.055
17.019
16.951
16.896
16.831
16.753
16.703
16.644
16.501
16.361
16.311
16.424
16.644
16.787
16.86
17.119
17.586
17.982
18.233
18.237
17.844
17.277
16.869
16.533
16.082
15.66
15.494
15.576
15.889
16.385
16.808
17.052
17.309
17.831
18.641
19.564
20.351
20.822
21.165
21.489
21.458
20.945
20.317
19.813
19.487
19.428
19.713
20.219
20.757
21.246
21.608
21.689
21.358
20.582
19.455
18.364
17.844
17.974
18.338
18.697
18.872
18.926
19.035
19.228
19.293
19.126
18.915
18.953
19.303
19.747
19.995
20.16
20.482
20.898
21.183
21.269
21.188
20.999
20.798
20.763
20.811
20.714
20.514
20.276
19.995
19.559
19.01
18.593
18.538
18.904
19.219
19.164
19.02
18.881
18.593
17.965
17.152
16.728
16.748
17.12
17.735
18.01
17.946
18.028
18.411
18.679
18.384
17.786
17.25
16.923
16.74
16.579
16.385
16.306
16.536
16.696
16.209
15.51
15.356
15.472
15.546
15.737
16.123
16.352
16.041
15.422
14.719
14.07
13.593
13.328
13.121
13.058
13.178
13.409
13.811
14.124
14.144
14.143
14.451
14.539
14.065
13.444
13.083
13.068
13.228
13.244
12.936
12.732
12.743
12.469
11.509
10.422
9.903
9.946
10.148
9.939
9.558
9.488
9.869
10.154
9.926
9.509
9.267
9.127
8.832
8.291
7.608
7.369
7.821
8.651
9.279
9.486
9.438
9.114
8.616
8.077
7.557
6.993
6.48
6.042
5.588
5.228
5.147
5.399
5.911
6.482
6.789
6.825
6.542
5.729
4.649
3.677
2.984
2.506
2.084
1.835
2.071
2.615
3
3.075
2.951
2.756
2.279
1.413
0.417
-0.27
-0.575
-0.637
-0.371
0.092
0.499
0.748
0.779
0.519
-0.174
-1.218
-2.087
-2.447
-2.638
-2.899
-2.928
-2.506
-1.973
-1.76
-1.869
-2.034
-2.075
-2.157
-2.556
-3.314
-4.105
-4.597
-4.745
-4.701
-4.513
-4.214
-3.881
-3.531
-3.307
-3.323
-3.506
-3.663
-3.767
-4.042
-4.674
-5.468
-5.997
-6.103
-5.838
-5.353
-4.638
-3.813
-3.271
-3.309
-3.778
-4.337
-4.804
-5.115
-5.459
-6.015
-6.532
-6.573
-6.203
-5.815
-5.548
-5.339
-5.144
-5.035
-4.999
-5.073
-5.305
-5.561
-5.598
-5.493
-5.53
-5.707
-5.834
-5.85
-5.823
-5.761
-5.636
-5.337
-4.849
-4.377
-4.023
-3.686
-3.377
-3.325
-3.59
-3.958
-4.164
-4.176
-4.164
-4.234
-4.316
-4.207
-3.976
-3.706
-3.454
-3.447
-3.765
-4.207
-4.512
-4.604
-4.656
-4.701
-4.611
-4.38
-4.18
-4.18
-4.201
-4.023
-3.849
-3.883
-4.157
-4.659
-5.244
-5.891
-6.653
-7.349
-7.825
-8.061
-8.061
-7.866
-7.628
-7.349
-6.868
-6.346
-6.17
-6.557
-7.56
-8.821
-9.824
-10.332
-10.497
-10.588
-10.448
-9.908
-9.245
-8.882
-8.878
-9.034
-9.254
-9.635
-10.164
-10.72
-11.203
-11.527
-11.682
-11.713
-11.692
-11.599
-11.432
-11.352
-11.461
-11.563
-11.4
-11.021
-10.752
-10.797
-11.187
-11.692
-12.026
-12.298
-12.781
-13.38
-13.573
-13.056
-12.133
-11.362
-10.98
-10.797
-10.753
-11.032
-11.661
-12.432
-12.956
-12.938
-12.373
-11.602
-10.885
-10.225
-9.649
-9.252
-9.136
-9.27
-9.549
-9.903
-10.354
-10.835
-11.137
-10.989
-10.357
-9.601
-9.041
-8.592
-7.887
-6.89
-6.013
-5.532
-5.407
-5.568
-5.988
-6.575
-7.262
-7.868
-8.081
-7.676
-6.673
-5.303
-3.871
-2.522
-1.383
-0.674
-0.564
-0.957
-1.592
-2.248
-2.869
-3.252
-3.089
-2.275
-1.047
0.113
0.81
0.923
0.696
0.431
0.179
-0.097
-0.333
-0.322
0.023
0.501
0.794
0.947
1.236
1.762
2.386
3.037
3.545
3.609
3.132
2.372
1.698
1.451
1.676
2.129
2.624
3.166
3.756
4.316
4.661
4.69
4.438
3.926
3.262
2.653
2.112
1.533
0.998
0.73
0.937
1.61
2.381
2.828
2.776
2.265
1.415
0.422
-0.399
-0.943
-1.514
-2.248
-2.683
-2.627
-2.32
-1.973
-1.592
-1.245
-1.077
-1.027
-1.011
-1.186
-1.653
-2.202
-2.583
-2.787
-2.983
-3.393
-4.087
-4.827
-5.284
-5.315
-5.171
-5.162
-5.253
-5.21
-4.96
-4.602
-4.244
-4.028
-4.081
-4.296
-4.552
-4.947
-5.582
-6.323
-6.934
-7.274
-7.346
-7.24
-7.093
-6.966
-6.786
-6.435
-5.986
-5.636
-5.53
-5.708
-6.024
-6.255
-6.449
-6.793
-7.292
-7.791
-8.179
-8.347
-8.249
-8.043
-7.971
-8.104
-8.324
-8.483
-8.637
-8.68
-8.528
-8.415
-8.479
-8.44
-7.981
-7.258
-6.748
-6.738
-7.14
-7.655
-8.124
-8.526
-8.826
-8.979
-8.842
-8.292
-7.483
-6.634
-6.058
-6.013
-6.378
-6.716
-6.89
-7.136
-7.521
-7.861
-8.124
-8.229
-8.072
-7.855
-7.939
-8.351
-8.603
-8.374
-7.977
-7.941
-8.211
-8.372
-8.442
-8.68
-9.139
-9.699
-10.27
-10.597
-10.3
-9.347
-8.213
-7.321
-6.705
-6.362
-6.439
-7.026
-7.965
-9.026
-10.086
-10.957
-11.221
-10.516
-9.123
-7.789
-7.042
-6.773
-6.594
-6.573
-7.02
-7.877
-8.832
-9.662
-10.173
-10.228
-10.018
-9.801
-9.499
-9.068
-8.699
-8.612
-8.767
-8.934
-9.043
-9.286
-9.726
-10.153
-10.459
-10.86
-11.432
-11.883
-11.931
-11.531
-10.79
-9.982
-9.522
-9.549
-9.81
-10.105
-10.608
-11.414
-12.174
-12.314
-11.827
-11.312
-11.096
-10.996
-10.948
-11.168
-11.766
-12.561
-13.378
-14.097
-14.453
-14.127
-13.269
-12.427
-11.724
-10.983
-10.568
-10.948
-11.731
-12.128
-12.123
-12.167
-12.221
-11.835
-11.01
-10.341
-10.238
-10.486
-10.731
-10.872
-11.021
-11.278
-11.622
-12.003
-12.207
-12.128
-12.06
-12.21
-12.427
-12.498
-12.326
-11.947
-11.488
-11.015
-10.516
-10.112
-10.001
-10.13
-10.237
-10.123
-9.955
-9.971
-10.105
-10.15
-10.08
-10.16
-10.549
-11.016
-11.244
-11.194
-11.028
-10.795
-10.595
-10.532
-10.402
-9.917
-9.32
-9.118
-9.383
-9.808
-10.105
-10.3
-10.429
-10.416
-10.257
-10.093
-9.96
-9.667
-9.218
-8.735
-8.322
-8.093
-8.304
-8.952
-9.701
-10.338
-10.858
-11.131
-11.016
-10.674
-10.397
-10.313
-10.284
-10.191
-10.048
-9.917
-9.881
-9.966
-10.241
-10.685
-11.083
-11.196
-11.032
-10.74
-10.449
-10.193
-9.992
-9.842
-9.524
-9.084
-8.853
-8.991
-9.329
-9.821
-10.588
-11.468
-12.071
-12.19
-12.049
-11.886
-11.65
-11.298
-11.008
-10.869
-10.774
-10.627
-10.464
-10.35
-10.273
-10.207
-10.17
-10.154
-10.198
-10.338
-10.54
-10.774
-11.137
-11.607
-11.994
-12.067
-11.815
-11.463
-11.116
-10.624
-9.905
-9.139
-8.674
-8.703
-9.041
-9.47
-10.06
-10.924
-11.918
-12.768
-13.305
-13.498
-13.401
-13.085
-12.566
-11.856
-10.963
-10.076
-9.531
-9.406
-9.411
-9.463
-9.755
-10.234
-10.653
-10.951
-11.164
-11.189
-10.967
-10.617
-10.27
-9.86
-9.442
-9.338
-9.567
-9.828
-9.957
-10.105
-10.334
-10.459
-10.38
-10.207
-10.16
-10.225
-10.244
-10.164
-10.096
-10.157
-10.397
-10.649
-10.676
-10.432
-10.093
-9.749
-9.334
-9
-8.853
-8.796
-8.762
-8.812
-9.014
-9.386
-9.941
-10.717
-11.579
-12.167
-12.212
-11.89
-11.411
-10.792
-10.032
-9.295
-8.787
-8.696
-8.998
-9.556
-10.254
-11.044
-11.808
-12.394
-12.554
-12.169
-11.416
-10.556
-9.631
-8.648
-7.796
-7.32
-7.399
-7.855
-8.238
-8.344
-8.435
-8.858
-9.624
-10.361
-10.812
-11.107
-11.357
-11.436
-11.221
-10.704
-10.121
-9.767
-9.706
-9.866
-10.102
-10.266
-10.316
-10.322
-10.332
-10.354
-10.393
-10.42
-10.429
-10.52
-10.772
-11.199
-11.713
-12.058
-12.017
-11.602
-11.037
-10.645
-10.486
-10.359
-10.3
-10.588
-11.398
-12.421
-13.04
-13.165
-13.356
-13.784
-13.909
-13.725
-13.661
-13.532
-13.299
-13.181
-13.133
-13.053
-12.954
-12.773
-12.591
-12.537
-12.48
-12.598
-12.994
-13.292
-13.272
-13.069
-12.725
-12.514
-12.523
-12.244
-11.724
-11.588
-12.019
-12.507
-12.858
-13.217
-13.455
-13.516
-13.729
-14.143
-14.04
-13.432
-13.088
-13.208
-13.281
-13.036
-12.67
-12.343
-11.919
-11.355
-11.096
-11.016
-10.663
-10.338
-10.352
-10.413
-10.341
-10.497
-10.953
-11.323
-11.403
-11.384
-11.275
-10.928
-10.488
-10.125
-9.91
-9.978
-10.144
-9.923
-9.654
-9.882
-10.409
-10.888
-11.148
-11.246
-11.364
-11.368
-10.883
-10.107
-9.374
-8.674
-8.311
-8.424
-8.603
-8.744
-9.105
-9.687
-10.322
-10.69
-10.685
-10.429
-9.98
-9.422
-8.927
-8.626
-8.551
-8.835
-9.379
-9.733
-9.876
-10.014
-10.034
-9.662
-9.079
-8.796
-8.971
-9.25
-9.483
-9.819
-10.169
-10.377
-10.384
-10.164
-9.824
-9.608
-9.542
-9.474
-9.374
-9.261
-9.367
-9.758
-9.969
-9.844
-9.797
-9.971
-10.286
-10.64
-10.758
-10.685
-10.556
-10.413
-10.338
-10.232
-9.878
-9.615
-9.785
-10.153
-10.543
-10.98
-11.55
-12.126
-12.242
-11.656
-10.842
-10.137
-9.558
-9.366
-9.599
-9.964
-10.354
-10.86
-11.325
-11.479
-11.278
-10.924
-10.581
-10.169
-9.835
-9.661
-9.415
-9.026
-8.8
-9.071
-9.613
-9.921
-9.808
-9.549
-9.379
-9.263
-9.043
-8.762
-8.556
-8.419
-8.359
-8.508
-8.812
-9.048
-9.189
-9.343
-9.513
-9.486
-9.118
-8.628
-8.177
-7.58
-6.916
-6.611
-6.607
-6.398
-6.07
-6.17
-6.746
-7.374
-7.787
-7.725
-7.102
-6.394
-6.015
-5.618
-4.913
-4.16
-3.69
-3.771
-4.437
-5.321
-6.154
-6.905
-7.504
-7.789
-7.605
-7.034
-6.491
-6.122
-5.747
-5.383
-5.367
-5.747
-6.294
-6.637
-6.63
-6.523
-6.453
-6.339
-6.097
-5.675
-5.271
-5.219
-5.58
-6.029
-6.283
-6.281
-6.21
-6.235
-6.326
-6.328
-6.262
-6.274
-6.342
-6.238
-5.899
-5.639
-5.688
-5.936
-6.222
-6.627
-7.178
-7.669
-7.891
-7.882
-7.705
-7.449
-7.315
-7.258
-6.909
-6.265
-5.772
-5.77
-6.135
-6.417
-6.387
-6.29
-6.285
-6.165
-5.779
-5.276
-4.979
-5.21
-5.854
-6.337
-6.262
-5.791
-5.339
-4.999
-4.616
-4.302
-4.357
-4.754
-5.255
-5.625
-5.788
-5.788
-5.72
-5.584
-5.337
-5.024
-4.716
-4.454
-4.377
-4.393
-4.241
-4.014
-3.967
-4.021
-3.869
-3.388
-2.74
-2.216
-1.961
-1.948
-2.139
-2.436
-2.692
-2.878
-2.948
-2.883
-2.851
-2.935
-3.01
-3.028
-3.062
-3.139
-3.218
-3.159
-2.903
-2.547
-2.236
-2.075
-2.064
-1.993
-1.828
-1.86
-2.165
-2.447
-2.47
-2.202
-1.749
-1.209
-0.626
-0.129
0.156
0.213
0.015
-0.378
-0.764
-1.038
-1.186
-1.177
-0.995
-0.834
-0.841
-0.916
-0.927
-0.911
-0.905
-0.837
-0.775
-0.878
-1.166
-1.649
-2.241
-2.86
-3.414
-3.731
-3.842
-3.869
-3.708
-3.155
-2.248
-1.352
-0.807
-0.711
-1.043
-1.751
-2.699
-3.661
-4.275
-4.305
-3.822
-3.051
-2.225
-1.514
-1.05
-0.891
-1.063
-1.422
-1.71
-1.948
-2.239
-2.413
-2.272
-1.778
-1.098
-0.401
0.242
0.628
0.58
0.299
-0.036
-0.422
-0.778
-0.968
-0.995
-1.016
-1.109
-0.93
-0.156
0.902
1.814
2.533
3.087
3.347
3.142
2.377
1.257
0.136
-0.698
-1.016
-0.705
0.113
1.197
2.311
3.323
3.962
3.949
3.436
2.695
1.717
0.635
-0.118
-0.283
-0.04
0.342
0.875
1.689
2.665
3.325
3.554
3.541
3.279
2.821
2.345
1.919
1.436
0.827
0.222
-0.136
-0.15
0.197
0.875
1.719
2.52
3.019
3.198
3.187
3.042
2.688
2.109
1.465
0.998
0.853
0.963
1.141
1.358
1.708
2.08
2.216
1.953
1.438
0.889
0.415
0.144
0.204
0.444
0.621
0.759
1.059
1.426
1.535
1.513
1.604
1.703
1.514
1.077
0.771
0.73
0.791
0.921
1.286
1.825
2.22
2.424
2.69
3.058
3.275
3.21
2.951
2.572
2
1.302
0.818
0.878
1.329
1.798
2.304
3.023
3.718
4.049
4.139
4.239
4.239
3.926
3.459
3.13
3.028
3.082
3.346
3.851
4.414
4.829
5.156
5.496
5.747
5.811
5.768
5.788
5.879
5.752
5.271
4.747
4.532
4.545
4.593
4.668
4.868
5.284
5.85
6.43
6.889
7.061
6.916
6.659
6.474
6.355
6.353
6.494
6.673
6.798
6.861
6.974
7.297
7.753
8.086
8.179
8.065
7.88
7.687
7.299
6.782
6.474
6.451
6.51
6.595
6.698
6.861
7.249
7.945
8.728
9.168
9.095
8.758
8.408
8.013
7.744
7.891
8.449
9.13
9.794
10.561
11.443
12.169
12.606
12.861
12.79
12.28
11.661
11.235
10.973
10.797
10.801
11.141
11.797
12.486
12.968
13.33
13.797
14.385
14.791
14.658
13.997
13.24
12.857
12.988
13.405
13.829
14.296
14.871
15.31
15.403
15.322
15.181
14.931
14.544
13.939
13.099
12.314
11.944
12.091
12.582
13.11
13.487
13.797
14.02
13.984
13.673
13.23
12.822
12.425
11.838
11.001
10.257
9.998
10.259
10.652
10.957
11.332
11.831
12.142
12.097
11.72
11.005
10.105
9.222
8.367
7.551
7.022
7.152
7.861
8.615
9.078
9.329
9.488
9.526
9.354
8.887
8.116
7.204
6.355
5.666
5.141
4.917
5.224
6.034
7.025
7.848
8.496
9.102
9.458
9.252
8.451
7.372
6.362
5.489
4.842
4.674
5.065
5.852
6.905
8.088
9.026
9.288
9.027
8.616
8.056
7.229
6.537
6.587
7.215
7.703
7.877
8.363
9.27
10.028
10.144
9.517
8.56
7.964
8.056
7.993
7.126
6.451
6.863
7.732
8.528
9.425
10.244
10.889
11.55
12.038
11.593
10.28
9.039
8.056
7.013
6.16
5.924
5.966
6.337
7.519
8.835
9.379
9.601
10.085
10.332
9.74
8.644
7.934
7.533
7.145
7.217
7.592
7.64
7.648
8.072
8.726
9.261
9.325
9.22
9.503
9.828
9.778
9.374
8.422
7.369
7.274
7.68
7.813
7.981
8.272
8.579
9.293
10.38
11.003
10.801
10.543
10.873
11.003
10.422
10.132
10.585
10.963
11.225
11.886
12.353
12.191
12.155
12.652
13.045
13.076
13.083
13.108
13.12
13.357
13.739
13.968
14.111
14.438
14.794
14.805
14.716
14.93
15.202
15.335
15.665
16.116
16.236
16.168
16.465
17.059
17.399
17.667
18.457
19.337
19.695
20.108
20.861
21.188
20.866
20.414
19.883
19.199
18.697
18.801
19.393
20.008
20.653
21.555
22.304
22.687
23.059
23.377
23.388
23.247
23.078
22.78
22.329
22.175
22.587
22.948
22.927
23.218
24.037
24.84
25.513
26.167
26.537
26.466
26.174
25.727
25.048
24.305
23.885
23.982
24.334
24.721
25.205
25.629
25.765
25.874
26.094
26.039
25.627
25.209
24.924
24.697
24.685
24.949
25.244
25.319
25.132
24.98
25.076
25.171
25.112
24.917
24.525
24.073
23.671
23.146
22.563
22.372
22.751
23.347
23.814
24.057
24.055
23.792
23.367
22.884
22.143
21.156
20.394
20.008
19.775
19.713
19.902
20.315
20.85
21.229
21.285
21.104
20.909
20.702
20.278
19.632
19.176
19.026
18.847
18.684
18.804
19.072
19.308
19.664
19.995
19.888
19.43
19.021
18.794
18.429
17.923
17.634
17.64
17.81
18.153
18.681
19.104
19.273
19.468
19.625
19.407
18.908
18.497
18.393
18.525
18.636
18.709
18.917
19.253
19.435
19.368
19.309
19.439
19.623
19.552
19.196
18.745
18.473
18.541
18.679
18.745
18.921
19.192
19.387
19.498
19.475
19.445
19.557
19.687
19.691
19.616
19.48
19.305
19.321
19.643
20.054
20.267
20.362
20.625
20.945
21.07
21.113
21.265
21.382
21.345
21.265
21.165
21.041
21.034
21.122
20.963
20.571
20.323
20.271
20.217
20.307
20.598
20.831
21.025
21.215
21.217
21.083
20.931
20.705
20.208
19.552
19.146
19.255
19.7
20.096
20.407
20.766
20.979
20.981
20.934
20.618
20.002
19.451
19.224
19.062
18.693
18.28
18.069
18.103
18.257
18.502
18.731
18.761
18.581
18.445
18.509
18.611
18.489
18.11
17.833
17.869
18.112
18.202
17.951
17.642
17.658
18.062
18.375
18.139
17.398
16.676
16.352
16.148
15.744
15.574
16.068
16.805
17.223
17.2
16.624
15.524
14.698
14.487
14.258
13.58
12.881
12.858
13.464
14.264
14.548
14.227
13.959
13.997
13.986
13.541
12.952
12.57
12.643
12.92
12.904
12.314
11.475
11.137
11.336
11.236
10.49
10.139
10.708
11.352
11.307
10.821
10.296
9.658
9.021
8.576
8.297
7.836
7.535
7.821
8.161
8.143
8.123
8.463
8.823
8.923
8.692
8.268
7.708
6.934
6.079
5.289
4.652
4.232
4.073
3.892
3.713
3.865
4.157
4.4
4.48
4.28
3.997
3.855
3.45
2.676
2.013
1.74
1.953
2.427
2.688
2.559
2.454
2.583
2.722
2.465
1.751
1.158
1.029
1.011
0.678
0.108
-0.333
-0.333
-0.008
0.159
-0.095
-0.721
-1.241
-1.31
-1.226
-1.306
-1.362
-1.306
-1.322
-1.37
-1.598
-2.023
-2.252
-2.145
-2.148
-2.407
-2.685
-2.915
-3.105
-3.415
-3.851
-4.207
-4.346
-4.393
-4.445
-4.512
-4.477
-4.198
-3.969
-4.198
-4.749
-5.073
-4.979
-4.765
-4.777
-5.004
-5.321
-5.652
-5.799
-6.006
-6.616
-7.374
-7.714
-7.598
-7.267
-6.784
-6.217
-5.623
-5.246
-5.346
-5.838
-6.582
-7.444
-8.039
-8.07
-7.828
-7.58
-7.145
-6.355
-5.575
-5.319
-5.457
-5.543
-5.655
-6.015
-6.453
-6.759
-6.868
-6.625
-6.013
-5.269
-4.704
-4.529
-4.649
-4.804
-5.126
-5.792
-6.616
-7.229
-7.512
-7.578
-7.465
-7.086
-6.355
-5.519
-4.752
-4.055
-3.527
-3.363
-3.493
-3.735
-4.098
-4.548
-4.908
-5.069
-5.053
-5.005
-4.972
-4.817
-4.545
-4.377
-4.37
-4.309
-4.117
-4.023
-4.223
-4.679
-5.353
-6.124
-6.784
-7.185
-7.462
-7.708
-7.934
-8.129
-8.288
-8.49
-8.767
-8.9
-8.8
-8.655
-8.653
-8.715
-8.687
-8.608
-8.703
-9.191
-9.953
-10.674
-11.214
-11.588
-11.695
-11.456
-11.057
-10.669
-10.318
-10.093
-10.329
-11.073
-11.892
-12.457
-12.766
-12.836
-12.673
-12.327
-11.87
-11.407
-11.137
-11.191
-11.647
-12.532
-13.645
-14.58
-15.014
-14.894
-14.447
-13.861
-13.185
-12.473
-11.838
-11.488
-11.57
-11.858
-12.028
-12.067
-12.146
-12.221
-12.233
-12.212
-12.155
-12.085
-11.967
-11.75
-11.423
-10.937
-10.266
-9.646
-9.411
-9.631
-10.184
-11.001
-12.06
-13.131
-13.827
-13.956
-13.629
-12.952
-11.919
-10.708
-9.737
-9.351
-9.397
-9.526
-9.746
-10.164
-10.611
-10.781
-10.538
-9.955
-9.207
-8.558
-8.1
-7.7
-7.142
-6.571
-6.353
-6.38
-6.249
-5.951
-5.967
-6.517
-7.168
-7.313
-6.95
-6.511
-6.171
-5.704
-4.822
-3.629
-2.628
-2.352
-2.69
-3.103
-3.278
-3.273
-3.275
-3.189
-2.66
-1.613
-0.512
0.186
0.378
0.34
0.338
0.265
-0.102
-0.612
-0.879
-0.68
-0.138
0.31
0.478
0.603
0.968
1.529
2.032
2.323
2.527
2.816
3.078
3.114
2.939
2.596
2.155
1.642
1.005
0.351
0.179
0.664
1.549
2.628
3.751
4.516
4.464
3.543
2.177
0.764
-0.478
-1.331
-1.656
-1.494
-1.009
-0.376
0.302
0.779
0.848
0.553
0.136
-0.31
-0.93
-1.825
-2.719
-3.18
-3.266
-3.463
-3.937
-4.443
-4.727
-4.652
-4.205
-3.531
-2.951
-2.753
-3.019
-3.654
-4.654
-5.986
-7.168
-7.664
-7.442
-6.777
-5.96
-5.144
-4.568
-4.604
-5.351
-6.351
-7.262
-8.154
-9.082
-9.85
-10.096
-9.626
-8.916
-8.408
-8.027
-7.594
-7.183
-6.974
-7.104
-7.617
-8.252
-8.558
-8.374
-8.159
-8.463
-9.214
-9.966
-10.409
-10.441
-10.177
-9.753
-9.13
-8.26
-7.413
-6.921
-6.958
-7.551
-8.522
-9.61
-10.543
-10.999
-10.917
-10.465
-9.83
-9.22
-8.73
-8.143
-7.444
-7.074
-7.344
-7.986
-8.488
-8.728
-8.916
-9.175
-9.286
-9.089
-8.563
-7.868
-7.399
-7.329
-7.433
-7.573
-7.784
-8.064
-8.356
-8.696
-9.163
-9.751
-10.146
-10.023
-9.442
-8.778
-8.249
-7.816
-7.269
-6.611
-6.192
-6.228
-6.555
-6.961
-7.433
-8.018
-8.651
-9.275
-9.769
-9.957
-9.781
-9.515
-9.458
-9.493
-9.259
-8.712
-8.041
-7.435
-7.036
-6.947
-7.217
-7.8
-8.574
-9.345
-10.082
-10.821
-11.491
-11.863
-11.643
-10.828
-9.837
-9.043
-8.583
-8.454
-8.49
-8.608
-9.032
-9.873
-10.747
-11.207
-11.355
-11.572
-11.815
-11.782
-11.52
-11.316
-11.267
-11.341
-11.493
-11.711
-11.958
-11.951
-11.486
-10.872
-10.649
-10.928
-11.511
-12.206
-12.789
-13.146
-13.417
-13.816
-14.285
-14.428
-14.013
-13.233
-12.391
-11.547
-10.756
-10.184
-10.002
-10.336
-11.099
-11.829
-12.282
-12.637
-12.974
-13.189
-13.236
-13.09
-12.632
-11.958
-11.348
-11.003
-10.956
-11.196
-11.745
-12.457
-12.999
-13.262
-13.341
-13.38
-13.435
-13.312
-12.816
-12.165
-11.702
-11.382
-10.937
-10.484
-10.343
-10.506
-10.742
-10.885
-10.831
-10.501
-10.085
-9.95
-10.107
-10.296
-10.493
-10.956
-11.615
-12.191
-12.523
-12.586
-12.407
-11.983
-11.268
-10.329
-9.467
-8.91
-8.68
-8.683
-8.853
-9.275
-9.95
-10.613
-11.026
-11.219
-11.273
-11.219
-11.035
-10.608
-9.903
-9.123
-8.56
-8.327
-8.349
-8.528
-8.835
-9.327
-9.957
-10.513
-10.82
-10.917
-10.951
-10.837
-10.368
-9.642
-8.987
-8.616
-8.469
-8.449
-8.551
-8.732
-8.934
-9.082
-9.046
-8.728
-8.291
-8.02
-7.981
-8.018
-8.059
-8.215
-8.624
-9.209
-9.767
-10.137
-10.221
-9.976
-9.547
-9.154
-8.839
-8.556
-8.449
-8.655
-8.995
-9.154
-9.071
-8.979
-9.162
-9.554
-9.921
-10.186
-10.364
-10.332
-10.009
-9.597
-9.397
-9.39
-9.418
-9.608
-10.139
-10.828
-11.314
-11.618
-11.96
-12.364
-12.598
-12.333
-11.52
-10.513
-9.801
-9.662
-10.03
-10.608
-11.151
-11.584
-11.922
-12.126
-12.042
-11.586
-11.135
-11.257
-11.783
-12.028
-11.747
-11.368
-11.236
-11.112
-10.837
-10.69
-10.808
-10.976
-11.16
-11.443
-11.614
-11.611
-11.575
-11.371
-10.842
-10.16
-9.687
-9.513
-9.463
-9.458
-9.629
-9.937
-10.248
-10.413
-10.284
-9.923
-9.608
-9.488
-9.458
-9.399
-9.279
-9.173
-9.107
-8.998
-8.903
-9.005
-9.247
-9.381
-9.425
-9.556
-9.881
-10.25
-10.396
-10.261
-9.962
-9.606
-9.143
-8.603
-8.272
-8.311
-8.564
-8.905
-9.325
-9.631
-9.603
-9.51
-9.578
-9.467
-9.066
-8.871
-9.075
-9.32
-9.363
-9.379
-9.567
-9.73
-9.629
-9.431
-9.44
-9.599
-9.771
-10.025
-10.341
-10.506
-10.422
-10.25
-10.114
-9.946
-9.74
-9.697
-10.053
-10.805
-11.668
-12.214
-12.333
-12.128
-11.545
-10.577
-9.654
-9.125
-8.716
-8.372
-8.783
-10.053
-11.171
-11.699
-12.421
-13.092
-13.052
-12.695
-12.178
-11.407
-10.805
-10.684
-10.795
-10.996
-11.089
-11.359
-12.19
-13.049
-13.557
-13.997
-14.308
-14.106
-13.729
-13.076
-12.107
-11.491
-11.357
-11.284
-11.387
-12.139
-13.101
-13.652
-14.113
-14.871
-14.939
-13.736
-12.427
-11.67
-10.989
-10.234
-10.107
-10.753
-11.631
-12.469
-13.587
-14.651
-14.626
-13.757
-12.922
-12.181
-11.191
-10.302
-10.06
-10.35
-10.863
-11.504
-12.003
-12.078
-12.298
-12.77
-12.745
-12.185
-11.622
-10.883
-9.976
-9.51
-9.367
-9.136
-8.775
-8.558
-8.975
-10.08
-11.128
-11.647
-11.881
-11.795
-11.314
-10.577
-9.581
-8.49
-7.609
-7.102
-7.099
-7.66
-8.456
-9.091
-9.397
-9.404
-9.082
-8.496
-7.78
-7.12
-6.806
-6.825
-7.188
-7.798
-8.417
-8.942
-9.288
-9.509
-9.751
-9.962
-10.107
-10.313
-10.325
-9.989
-9.649
-9.366
-8.871
-8.374
-8.143
-8.084
-8.317
-8.807
-9.425
-10.053
-10.336
-10.396
-10.509
-10.252
-9.458
-8.848
-8.687
-8.775
-8.957
-9.23
-9.881
-10.824
-11.572
-12.001
-12.23
-12.103
-11.856
-11.654
-11.323
-11.053
-10.879
-10.638
-10.569
-10.672
-10.509
-10.332
-10.568
-10.996
-11.11
-10.729
-10.404
-10.652
-11.003
-10.624
-9.749
-9.186
-9.162
-9.44
-9.745
-9.785
-9.71
-9.905
-10.418
-10.924
-11.037
-10.699
-10.359
-10.384
-10.291
-9.661
-8.971
-8.719
-8.796
-8.989
-9.062
-8.846
-8.49
-8.272
-8.195
-7.929
-7.367
-6.627
-5.913
-5.546
-5.55
-5.632
-5.671
-5.815
-6.133
-6.614
-7.12
-7.505
-7.782
-7.816
-7.414
-6.947
-6.784
-6.711
-6.582
-6.578
-6.67
-6.757
-6.845
-6.957
-7.086
-7.097
-6.925
-6.634
-6.165
-5.571
-5.028
-4.643
-4.412
-4.262
-4.076
-3.935
-4.155
-4.822
-5.48
-5.786
-5.966
-6.326
-6.678
-6.589
-6.269
-6.008
-5.693
-5.462
-5.656
-6.147
-6.571
-7.031
-7.714
-8.27
-8.356
-8.145
-7.855
-7.34
-6.543
-5.734
-5.01
-4.461
-4.289
-4.509
-4.953
-5.43
-5.876
-6.426
-6.925
-6.913
-6.532
-6.103
-5.571
-5.057
-4.813
-4.597
-4.348
-4.409
-4.763
-5.26
-5.99
-6.738
-7.07
-6.929
-6.527
-6.019
-5.423
-4.756
-4.207
-3.958
-3.965
-4.144
-4.398
-4.543
-4.529
-4.432
-4.248
-3.935
-3.334
-2.499
-1.893
-1.672
-1.497
-1.401
-1.585
-1.905
-2.27
-2.574
-2.624
-2.436
-2.071
-1.682
-1.572
-1.746
-1.873
-1.896
-1.921
-1.989
-2.089
-2.113
-2.013
-1.984
-2.148
-2.427
-2.674
-2.653
-2.311
-1.832
-1.293
-0.719
-0.254
-0.113
-0.276
-0.542
-0.827
-1.195
-1.624
-1.892
-1.932
-2.007
-2.145
-1.996
-1.399
-0.791
-0.648
-0.666
-0.519
-0.628
-0.984
-0.934
-0.575
-0.591
-1.136
-1.792
-2.311
-2.896
-3.547
-3.683
-3.194
-2.717
-2.15
-1.277
-0.83
-1.113
-1.613
-1.866
-1.869
-1.887
-2.213
-2.728
-3.162
-3.622
-3.897
-3.702
-3.236
-2.706
-2.349
-2.417
-2.528
-2.363
-2.073
-1.737
-1.442
-1.136
-0.975
-1.283
-1.78
-2.021
-2.375
-3.075
-3.325
-3.014
-2.801
-2.728
-2.333
-1.598
-0.932
-0.494
-0.06
0.347
0.351
0.172
0.124
0.081
-0.12
-0.551
-1.089
-1.374
-1.358
-1.274
-0.953
-0.512
-0.195
0.227
0.85
1.551
2.15
2.4
2.313
2.218
2.012
1.43
0.769
0.319
0.052
-0.228
-0.766
-1.345
-1.449
-1.057
-0.272
0.746
1.672
2.368
3.005
3.399
3.078
2.309
1.608
0.816
-0.211
-1.075
-1.533
-1.399
-0.426
0.979
2.148
2.819
3.094
3.323
3.609
3.493
2.887
2.181
1.598
1.041
0.24
-0.658
-0.953
-0.347
0.723
1.714
2.309
2.656
3.037
3.159
2.808
2.286
1.789
1.408
1.163
0.878
0.794
1.236
1.932
2.499
2.576
1.961
1.145
0.603
0.202
-0.131
-0.263
-0.052
0.623
1.533
2.37
3.042
3.323
3.15
2.76
2.213
1.485
0.727
0.07
-0.392
-0.514
-0.381
-0.013
0.614
1.374
2.18
3.096
3.874
4.18
3.96
3.302
2.288
1.073
-0.024
-0.75
-0.954
-0.483
0.727
2.317
3.819
5.06
5.902
6.086
5.6
4.684
3.561
2.485
1.71
1.394
1.649
2.422
3.407
4.237
4.716
4.879
4.788
4.52
4.228
3.997
3.761
3.588
3.756
4.105
4.144
3.946
4.092
4.593
5.04
5.373
5.798
6.323
6.685
6.732
6.548
6.128
5.335
4.538
4.25
4.285
4.405
4.704
5.232
5.84
6.306
6.471
6.407
6.103
5.561
5.112
5.078
5.321
5.555
5.775
6.106
6.491
6.707
6.773
6.925
7.106
7.29
7.576
7.859
7.904
7.757
7.676
7.68
7.564
7.326
7.213
7.378
7.777
8.411
9.282
10.148
10.636
10.538
10.018
9.393
8.8
8.438
8.517
8.975
9.608
10.436
11.418
12.249
12.734
12.999
13.288
13.641
13.813
13.639
13.326
13.101
12.929
12.725
12.538
12.343
12.085
11.954
12.174
12.621
13.056
13.421
13.872
14.279
14.296
13.929
13.396
12.831
12.201
11.711
11.858
12.743
13.852
14.675
15.129
15.247
14.986
14.299
13.283
12.262
11.579
11.296
11.391
11.822
12.359
12.909
13.356
13.523
13.335
12.797
12.133
11.67
11.395
10.933
10.244
9.624
9.259
8.973
8.676
8.58
8.952
9.624
10.264
10.676
10.713
10.291
9.397
8.17
6.947
5.879
5.026
4.641
4.847
5.509
6.478
7.625
8.699
9.341
9.338
8.728
7.651
6.212
4.701
3.509
2.98
3.123
3.615
4.298
5.169
6.092
6.936
7.564
7.796
7.705
7.46
7.004
6.349
5.648
5.047
4.633
4.509
4.79
5.487
6.385
7.246
8
8.526
8.671
8.367
7.773
7.274
6.986
6.893
6.938
6.806
6.664
7.074
8.079
8.871
9.055
9.236
9.578
9.524
9.193
9.086
9.026
8.9
9.302
10.422
11.196
11.167
11.196
11.509
11.418
10.765
9.976
9.179
8.599
8.564
8.7
8.676
8.775
9.139
9.583
9.905
9.918
9.771
9.531
9.367
9.474
9.331
8.911
8.966
9.318
9.379
9.261
8.952
8.658
8.821
9.204
9.61
10.105
10.277
10.148
10.112
9.61
8.696
8.308
8.295
8.145
8.091
8.233
8.184
7.716
7.449
7.968
8.495
8.492
8.716
9.22
9.257
9.186
9.535
9.846
9.944
10.137
10.357
10.302
10.009
9.685
9.488
9.74
10.554
11.425
12.022
12.478
12.779
12.747
12.369
12.101
12.175
12.142
11.876
11.838
12.067
12.244
12.598
13.421
14.147
14.306
14.326
14.68
14.952
14.762
14.716
15.319
16.093
16.703
17.379
18.053
18.416
18.626
19.028
19.38
19.264
18.958
19.024
19.285
19.4
19.591
19.988
20.453
20.934
21.496
22.168
22.673
22.799
22.762
22.692
22.428
22.077
21.777
21.562
21.592
22.045
22.83
23.645
24.434
25.167
25.754
26.139
26.219
25.895
25.214
24.477
24.007
23.801
23.624
23.708
24.237
24.919
25.471
25.819
25.86
25.668
25.445
25.046
24.406
23.807
23.447
23.395
23.615
23.987
24.563
25.244
25.608
25.695
25.66
25.411
24.967
24.504
23.965
23.277
22.616
22.236
22.075
22.007
22.24
22.848
23.318
23.283
22.898
22.401
21.837
21.235
20.686
20.185
19.636
19.088
18.884
19.162
19.593
20.051
20.594
21.081
21.358
21.17
20.453
19.675
19.149
18.688
18.241
17.976
17.751
17.486
17.414
17.751
18.334
18.693
18.62
18.482
18.445
18.137
17.483
16.824
16.429
16.327
16.363
16.433
16.572
16.789
17.025
17.246
17.411
17.407
17.295
17.316
17.511
17.67
17.592
17.384
17.323
17.514
17.835
18.137
18.343
18.518
18.602
18.418
18.003
17.551
17.204
17.127
17.377
17.776
18.117
18.411
18.822
19.351
19.788
19.986
19.983
19.906
19.831
19.7
19.461
19.28
19.277
19.523
20.015
20.448
20.657
20.815
21.063
21.381
21.692
21.889
21.981
22.011
21.959
21.721
21.186
20.39
19.507
18.849
18.532
18.293
18.017
17.958
18.246
18.686
19.144
19.664
20.179
20.439
20.278
19.84
19.457
19.183
18.681
17.982
17.468
17.327
17.461
17.783
18.298
18.869
19.391
19.906
20.244
20.17
19.745
19.088
18.479
18.217
18.143
17.919
17.606
17.495
17.595
17.747
17.817
17.758
17.654
17.611
17.567
17.375
17.119
16.987
17.051
17.259
17.414
17.361
17.188
16.976
16.728
16.529
16.515
16.527
16.317
15.885
15.397
14.962
14.501
13.959
13.412
13.047
13.045
13.36
13.668
13.673
13.432
13.221
13.181
13.053
12.564
11.876
11.371
11.212
11.293
11.446
11.718
12.219
12.645
12.766
12.663
12.389
11.978
11.618
11.404
11.259
11.184
11.189
11.18
10.912
10.352
9.892
9.751
9.737
9.64
9.381
8.994
8.676
8.488
8.254
7.807
7.342
7.229
7.462
7.628
7.608
7.705
7.932
8.056
8.052
7.813
7.29
6.734
6.371
6.07
5.798
5.724
5.831
5.82
5.53
5.08
4.701
4.452
4.344
4.47
4.808
5.231
5.577
5.582
5.028
3.939
2.631
1.572
1.054
0.946
0.993
1.186
1.465
1.701
1.808
1.762
1.626
1.533
1.465
1.261
0.937
0.63
0.351
-0.083
-0.787
-1.39
-1.626
-1.735
-1.982
-2.288
-2.254
-1.694
-0.991
-0.879
-1.576
-2.547
-3.252
-3.658
-4.005
-4.382
-4.548
-4.28
-3.745
-3.3
-3.184
-3.488
-4.005
-4.421
-4.724
-5.124
-5.6
-5.792
-5.604
-5.383
-5.321
-5.246
-5.141
-5.178
-5.309
-5.432
-5.568
-5.754
-5.897
-5.861
-5.795
-6.004
-6.391
-6.585
-6.585
-6.698
-6.95
-6.952
-6.564
-5.997
-5.407
-4.969
-4.933
-5.283
-5.714
-6.04
-6.396
-6.748
-6.843
-6.738
-6.669
-6.623
-6.566
-6.548
-6.503
-6.276
-5.927
-5.761
-5.856
-5.904
-5.779
-5.541
-5.173
-4.697
-4.298
-4.05
-3.892
-3.667
-3.304
-2.96
-2.796
-2.747
-2.792
-3.058
-3.561
-4.198
-4.706
-4.879
-4.781
-4.541
-4.25
-4.098
-4.153
-4.223
-4.149
-4.117
-4.484
-5.257
-6.024
-6.532
-6.821
-6.929
-6.859
-6.702
-6.573
-6.433
-6.21
-5.927
-5.752
-5.922
-6.455
-7.126
-7.728
-8.304
-8.842
-9.309
-9.722
-10.086
-10.245
-10.13
-9.955
-9.862
-9.842
-9.889
-10.001
-10.193
-10.543
-10.98
-11.325
-11.516
-11.602
-11.599
-11.498
-11.332
-11.205
-11.103
-10.828
-10.313
-9.839
-9.771
-10.177
-10.713
-11.064
-11.264
-11.446
-11.718
-12.015
-12.083
-11.822
-11.35
-10.924
-10.737
-10.792
-10.842
-10.804
-10.951
-11.575
-12.402
-12.879
-12.825
-12.373
-11.75
-11.103
-10.501
-10.002
-9.687
-9.667
-10.021
-10.676
-11.387
-11.886
-11.963
-11.618
-11.019
-10.268
-9.524
-8.966
-8.551
-8.086
-7.744
-7.845
-8.292
-8.706
-8.859
-8.9
-9.046
-9.15
-8.891
-8.229
-7.369
-6.521
-5.759
-5.144
-4.695
-4.425
-4.434
-4.822
-5.389
-5.818
-5.979
-5.854
-5.473
-4.833
-3.89
-2.763
-1.78
-1.157
-0.789
-0.587
-0.591
-0.902
-1.42
-1.925
-2.361
-2.66
-2.747
-2.724
-2.669
-2.311
-1.445
-0.306
0.635
1.213
1.556
1.757
1.71
1.362
0.863
0.458
0.34
0.512
0.918
1.49
2.034
2.354
2.497
2.499
2.34
1.996
1.474
0.825
0.299
0.008
-0.138
-0.131
0.002
0.143
0.215
0.227
0.183
0.063
-0.163
-0.326
-0.29
-0.281
-0.526
-0.959
-1.333
-1.451
-1.394
-1.372
-1.342
-1.127
-0.782
-0.503
-0.542
-0.989
-1.63
-2.281
-3.007
-3.865
-4.606
-4.952
-4.795
-4.269
-3.642
-3.257
-3.257
-3.454
-3.577
-3.677
-3.881
-4.225
-4.688
-5.33
-6.255
-7.292
-7.939
-7.841
-7.125
-5.99
-4.604
-3.302
-2.524
-2.433
-2.91
-3.722
-4.716
-5.852
-7.068
-8.179
-8.962
-9.288
-9.168
-8.751
-8.327
-8.043
-7.75
-7.336
-7.12
-7.43
-8.12
-8.769
-9.136
-9.275
-9.442
-9.687
-9.85
-9.81
-9.538
-8.934
-8.165
-7.512
-7.099
-6.993
-7.253
-7.929
-8.962
-10.066
-10.901
-11.275
-11.069
-10.27
-9.146
-8.1
-7.404
-7.185
-7.381
-7.936
-8.911
-10.082
-11.021
-11.455
-11.395
-10.86
-9.778
-8.363
-7.061
-6.158
-5.859
-6.194
-6.954
-7.855
-8.628
-9.125
-9.422
-9.513
-9.304
-8.842
-8.315
-7.812
-7.304
-6.743
-6.208
-5.934
-5.922
-5.981
-6.186
-6.773
-7.712
-8.658
-9.293
-9.54
-9.499
-9.336
-9.075
-8.671
-8.179
-7.673
-7.362
-7.304
-7.306
-7.246
-7.274
-7.489
-7.828
-8.179
-8.464
-8.753
-9.146
-9.574
-9.914
-10.123
-10.164
-10.007
-9.687
-9.273
-8.878
-8.664
-8.715
-8.927
-9.055
-9.05
-9.215
-9.837
-10.704
-11.296
-11.452
-11.393
-11.216
-11.032
-10.994
-11.047
-11.008
-10.873
-10.797
-10.727
-10.536
-10.232
-10.07
-10.334
-10.942
-11.688
-12.407
-12.913
-13.169
-13.346
-13.455
-13.373
-12.997
-12.371
-11.691
-11.105
-10.679
-10.529
-10.676
-10.973
-11.312
-11.708
-12.144
-12.432
-12.346
-11.967
-11.638
-11.502
-11.296
-10.831
-10.296
-9.992
-10.05
-10.345
-10.76
-11.275
-11.824
-12.446
-13.062
-13.324
-13.142
-12.845
-12.684
-12.57
-12.346
-12.042
-11.797
-11.636
-11.52
-11.416
-11.212
-10.917
-10.824
-11.01
-11.189
-11.2
-11.219
-11.427
-11.656
-11.614
-11.45
-11.398
-11.439
-11.654
-11.983
-12.091
-11.997
-12.067
-12.282
-12.246
-11.811
-11.246
-10.901
-10.931
-11.278
-11.761
-12.194
-12.453
-12.516
-12.296
-11.683
-10.869
-10.173
-9.76
-9.646
-9.733
-9.849
-9.91
-9.949
-9.95
-9.803
-9.615
-9.697
-10.16
-10.713
-11.076
-11.325
-11.504
-11.403
-10.837
-9.898
-8.887
-8.149
-7.8
-7.692
-7.75
-8.093
-8.859
-9.76
-10.282
-10.325
-10.118
-9.878
-9.706
-9.556
-9.367
-9.299
-9.509
-9.885
-10.093
-9.918
-9.583
-9.418
-9.399
-9.259
-8.957
-8.71
-8.669
-8.771
-8.76
-8.548
-8.388
-8.515
-8.767
-8.937
-9.13
-9.515
-10.007
-10.348
-10.25
-9.671
-8.942
-8.395
-8.107
-7.971
-8.049
-8.556
-9.597
-10.736
-11.409
-11.643
-11.802
-11.872
-11.536
-10.812
-10.05
-9.551
-9.474
-9.837
-10.409
-10.91
-11.303
-11.668
-11.944
-11.935
-11.638
-11.314
-11.255
-11.35
-11.268
-11.039
-11.016
-11.219
-11.411
-11.364
-11.162
-11.071
-11.083
-10.978
-10.753
-10.62
-10.685
-10.863
-11.003
-10.971
-10.783
-10.633
-10.781
-11.164
-11.343
-11.267
-11.241
-11.212
-10.889
-10.316
-9.724
-9.295
-9.043
-8.926
-8.866
-8.843
-9.026
-9.594
-10.32
-10.824
-11.064
-11.212
-11.309
-11.255
-10.999
-10.758
-10.804
-11.003
-11.051
-10.935
-10.795
-10.574
-10.164
-9.593
-9.191
-9.222
-9.486
-9.74
-9.946
-10.021
-9.808
-9.343
-8.814
-8.279
-7.816
-7.68
-7.9
-8.129
-8.256
-8.456
-8.742
-8.884
-8.878
-8.896
-8.955
-8.942
-8.889
-8.95
-9.154
-9.465
-9.855
-10.148
-10.134
-9.862
-9.583
-9.338
-9.134
-9.1
-9.193
-9.27
-9.304
-9.218
-8.955
-8.637
-8.46
-8.556
-8.778
-9.018
-9.399
-9.892
-10.196
-10.221
-10.161
-10.073
-9.91
-9.755
-9.73
-9.896
-10.297
-11.01
-12.006
-12.947
-13.589
-13.913
-13.932
-13.682
-13.267
-12.75
-12.194
-11.683
-11.33
-11.244
-11.312
-11.42
-11.643
-12.078
-12.629
-13.121
-13.357
-13.038
-12.271
-11.668
-11.364
-10.879
-10.309
-10.404
-11.053
-11.942
-13.129
-14.179
-14.703
-14.97
-15.225
-15.349
-15.089
-14.024
-12.786
-12.371
-12.469
-12.586
-12.789
-12.902
-13.031
-13.707
-14.319
-14.131
-13.528
-13.008
-12.342
-11.388
-10.569
-9.846
-9.046
-8.758
-9.51
-10.393
-10.708
-11.199
-12.165
-12.91
-12.861
-12.19
-11.323
-10.275
-8.91
-8
-7.816
-7.753
-8.059
-8.932
-9.685
-9.928
-10.085
-10.302
-10.209
-9.572
-8.644
-7.624
-6.498
-5.829
-5.936
-6.281
-6.675
-7.44
-8.295
-9.057
-9.892
-10.252
-9.908
-9.218
-8.415
-7.735
-7.242
-6.759
-6.55
-6.879
-7.315
-8.049
-9.318
-10.286
-10.454
-10.4
-10.529
-10.477
-9.892
-9.116
-8.753
-8.775
-8.823
-8.887
-9.234
-9.808
-10.322
-10.749
-11.005
-11.096
-11.001
-10.517
-9.638
-8.71
-8.118
-7.805
-7.488
-7.385
-7.986
-8.93
-9.83
-10.795
-11.652
-11.967
-11.99
-11.842
-11.183
-10.254
-9.47
-9.01
-8.975
-9.177
-9.479
-9.986
-10.631
-11.28
-11.944
-12.155
-11.906
-11.683
-11.325
-10.647
-9.917
-9.225
-8.762
-8.648
-8.606
-8.832
-9.214
-9.277
-9.351
-9.697
-9.842
-9.626
-9.311
-8.866
-8.451
-8.202
-8.041
-8.043
-8.172
-8.154
-8.041
-8.081
-8.249
-8.472
-8.551
-8.558
-8.653
-8.637
-8.254
-7.66
-7.109
-6.548
-6.103
-5.904
-5.754
-5.471
-5.419
-5.875
-6.469
-6.829
-6.913
-6.859
-6.748
-6.501
-5.979
-5.319
-4.722
-4.416
-4.641
-5.21
-5.627
-5.818
-6.135
-6.598
-6.845
-6.732
-6.362
-5.913
-5.552
-5.219
-4.706
-4.144
-3.806
-3.726
-3.903
-4.359
-4.879
-5.305
-5.791
-6.128
-6.002
-5.473
-4.716
-3.96
-3.498
-3.359
-3.431
-3.77
-4.35
-5.089
-5.883
-6.546
-6.916
-6.929
-6.505
-5.868
-5.269
-4.565
-3.945
-3.761
-4.005
-4.575
-5.439
-6.539
-7.637
-8.363
-8.485
-8.181
-7.646
-6.89
-5.951
-4.899
-3.894
-3.379
-3.567
-4.176
-4.868
-5.645
-6.514
-7.138
-7.274
-6.906
-6.044
-4.942
-3.91
-3.042
-2.497
-2.388
-2.595
-3.148
-3.974
-4.716
-5.319
-5.815
-5.915
-5.477
-4.649
-3.583
-2.692
-2.254
-2.134
-2.177
-2.443
-2.978
-3.74
-4.518
-5.017
-5.078
-4.648
-3.855
-2.874
-1.782
-0.719
0.099
0.538
0.483
-0.068
-0.827
-1.526
-2.123
-2.667
-3.062
-3.194
-2.983
-2.379
-1.594
-0.957
-0.49
-0.292
-0.596
-1.288
-2.116
-2.968
-3.758
-4.402
-4.785
-4.652
-4.026
-3.1
-1.934
-0.691
0.365
1.121
1.417
1.125
0.342
-0.794
-2.013
-2.919
-3.304
-3.273
-2.971
-2.515
-1.921
-1.166
-0.519
-0.26
-0.34
-0.558
-0.884
-1.42
-2.196
-3.016
-3.619
-3.953
-4.005
-3.672
-3.007
-2.295
-1.719
-1.304
-1.127
-1.283
-1.685
-2.029
-2.188
-2.375
-2.66
-2.726
-2.407
-1.957
-1.626
-1.42
-1.281
-1.157
-1.106
-1.272
-1.61
-1.86
-1.808
-1.449
-0.993
-0.68
-0.526
-0.333
0.083
0.535
0.711
0.535
0.043
-0.626
-1.356
-2.08
-2.527
-2.456
-2.052
-1.476
-0.626
0.381
1.293
1.88
1.998
1.66
1.084
0.519
0.186
0.045
-0.076
-0.202
-0.224
-0.14
0.002
0.24
0.53
0.905
1.352
1.749
2.041
2.207
2.177
1.955
1.53
0.953
0.39
-0.197
-0.866
-1.268
-1.105
-0.53
0.075
0.56
0.986
1.383
1.642
1.649
1.488
1.22
0.785
0.195
-0.281
-0.455
-0.435
-0.315
-0.05
0.215
0.256
0.302
0.746
1.41
1.85
1.98
2.041
2.1
1.964
1.546
1.052
0.757
0.742
0.977
1.168
1.047
0.886
1.047
1.302
1.19
0.637
-0.05
-0.431
-0.265
0.399
1.283
2.087
2.635
2.955
3.051
2.803
2.173
1.394
0.83
0.56
0.355
0.134
0.118
0.494
1.263
2.388
3.599
4.459
4.779
4.709
4.409
3.771
2.644
1.29
0.202
-0.485
-0.914
-1.016
-0.451
0.743
2.139
3.466
4.516
5.067
5.153
4.906
4.266
3.234
2.123
1.306
0.957
1.022
1.481
2.52
4.014
5.396
6.174
6.301
6.044
5.727
5.36
4.836
4.149
3.545
3.341
3.538
3.792
3.903
4.141
4.749
5.389
5.618
5.496
5.284
5.137
5.189
5.428
5.566
5.514
5.52
5.747
5.99
6.09
6.212
6.532
6.775
6.614
6.219
5.999
6.031
6.206
6.453
6.766
7.152
7.587
7.986
8.268
8.313
8.161
7.939
7.564
6.947
6.201
5.468
4.969
4.926
5.212
5.623
6.183
6.834
7.458
8.145
8.939
9.69
10.184
10.245
9.828
9.052
8.191
7.578
7.337
7.351
7.635
8.259
9.109
10.007
10.812
11.235
11.255
11.128
10.912
10.533
10.148
10.085
10.443
10.973
11.372
11.683
12.062
12.401
12.559
12.689
12.936
13.217
13.38
13.396
13.337
13.249
13.253
13.444
13.727
13.836
13.736
13.689
13.884
14.088
13.939
13.555
13.376
13.385
13.262
13.008
12.884
13.026
13.36
13.7
13.902
13.904
13.712
13.367
12.888
12.312
11.79
11.38
11.031
10.752
10.556
10.384
10.232
10.322
10.779
11.443
12.076
12.561
12.784
12.509
11.79
10.924
10.101
9.435
8.998
8.648
8.328
8.217
8.354
8.488
8.379
8.068
7.8
7.666
7.578
7.426
7.206
7.011
6.99
7.057
6.906
6.466
6.029
5.936
6.155
6.339
6.38
6.443
6.526
6.475
6.103
5.367
4.602
4.246
4.398
4.784
5.194
5.75
6.641
7.655
8.306
8.286
7.75
7.133
6.534
5.807
5.047
4.541
4.45
4.8
5.419
5.99
6.501
7.224
8.2
9.079
9.531
9.467
8.948
8.075
6.984
5.772
4.561
3.699
3.493
3.949
4.872
6.07
7.372
8.538
9.234
9.283
8.798
7.9
6.746
5.716
5.153
5.101
5.448
6.099
6.852
7.592
8.252
8.696
8.848
8.615
8.149
7.823
7.8
7.92
8.034
8.272
8.764
9.343
9.692
9.765
9.767
9.835
9.957
10.025
9.96
9.785
9.593
9.32
9.071
9.023
9.306
10.069
11.246
12.493
13.467
14.049
14.317
14.326
13.995
13.308
12.559
12.122
12.049
12.271
12.766
13.521
14.49
15.485
16.322
16.928
17.232
17.157
16.717
16.025
15.381
15.052
14.982
15.009
15.145
15.41
15.78
16.238
16.764
17.325
17.885
18.416
18.947
19.344
19.316
18.822
18.23
18.023
18.307
18.642
18.852
19.271
20.002
20.743
21.281
21.544
21.505
21.213
20.925
20.811
20.737
20.605
20.589
20.89
21.405
21.802
21.932
21.866
21.744
21.673
21.714
21.809
21.877
21.973
22.188
22.474
22.826
23.366
23.996
24.506
24.833
25.003
25.13
25.232
25.248
25.078
24.717
24.397
24.268
24.254
24.341
24.606
24.989
25.309
25.588
25.854
25.838
25.404
24.826
24.343
23.869
23.37
23.041
22.941
22.93
22.844
22.592
22.254
21.973
21.76
21.573
21.405
21.265
21.222
21.329
21.526
21.621
21.585
21.487
21.349
21.183
21.047
21.02
21.015
20.943
20.847
20.805
20.845
20.886
20.737
20.459
20.254
19.996
19.55
19.101
18.752
18.393
18.155
18.194
18.246
18.143
18.153
18.468
18.899
19.105
19.126
19.135
19.046
18.72
18.309
18.096
18.091
18.133
18.178
18.321
18.482
18.493
18.37
18.233
17.997
17.695
17.529
17.424
17.164
16.889
16.831
16.905
16.941
16.955
17.059
17.218
17.268
17.223
17.248
17.427
17.543
17.404
17.18
17.18
17.461
17.935
18.604
19.298
19.666
19.711
19.668
19.535
19.205
18.72
18.38
18.445
18.733
19.031
19.368
19.791
20.18
20.412
20.378
20.063
19.711
19.52
19.464
19.461
19.507
19.596
19.755
20.015
20.276
20.471
20.566
20.695
20.941
21.165
21.308
21.444
21.492
21.333
21.079
21.004
21.197
21.433
21.592
21.712
21.832
22.023
22.369
22.699
22.601
22.029
21.299
20.641
20.208
20.09
20.247
20.523
20.825
21.034
21.045
20.831
20.511
20.14
19.768
19.403
18.913
18.373
18.082
18.155
18.479
18.861
19.094
19.076
18.904
18.593
18.162
17.767
17.445
17.071
16.68
16.447
16.385
16.277
16.054
15.953
16.073
16.238
16.159
15.817
15.39
14.979
14.528
13.991
13.435
13.042
13.031
13.364
13.836
14.195
14.419
14.678
14.911
14.886
14.546
14.038
13.48
13.061
12.82
12.697
12.79
13.169
13.781
14.424
14.773
14.642
14.056
13.106
12.008
11.128
10.668
10.545
10.695
11.016
11.246
11.284
11.221
11.062
10.627
9.933
9.374
9.059
8.728
8.265
7.836
7.619
7.651
7.929
8.388
8.807
9.094
9.275
9.207
8.68
7.834
7.093
6.623
6.281
5.983
5.784
5.723
5.808
6.011
6.122
5.913
5.368
4.74
4.212
3.713
3.187
2.819
2.751
2.923
3.13
3.178
3.028
2.779
2.443
2.068
1.717
1.472
1.451
1.649
1.848
1.98
2.087
2.143
2.104
1.903
1.529
1.038
0.467
-0.138
-0.607
-0.794
-0.759
-0.61
-0.512
-0.551
-0.687
-0.911
-1.218
-1.667
-2.288
-2.844
-3.091
-3.126
-3.195
-3.506
-3.96
-4.107
-3.883
-3.64
-3.642
-3.819
-3.91
-3.897
-4.062
-4.489
-4.861
-4.911
-4.643
-4.234
-3.91
-3.797
-3.792
-3.771
-3.733
-3.865
-4.325
-4.981
-5.561
-5.992
-6.307
-6.498
-6.587
-6.537
-6.299
-6.06
-6.086
-6.203
-6.149
-6.029
-6.074
-6.197
-6.201
-6.128
-6.171
-6.367
-6.601
-6.777
-6.843
-6.769
-6.585
-6.455
-6.346
-5.966
-5.376
-5.096
-5.305
-5.634
-5.768
-5.766
-5.791
-6.05
-6.464
-6.618
-6.276
-5.827
-5.695
-5.836
-5.882
-5.714
-5.582
-5.636
-5.645
-5.373
-4.937
-4.565
-4.438
-4.52
-4.532
-4.38
-4.305
-4.513
-4.906
-5.294
-5.582
-5.818
-5.97
-5.906
-5.64
-5.244
-4.824
-4.538
-4.597
-4.952
-5.344
-5.72
-6.186
-6.678
-7.036
-7.238
-7.413
-7.621
-7.735
-7.617
-7.346
-7.133
-7.079
-7.152
-7.417
-7.916
-8.474
-8.796
-8.839
-8.794
-8.716
-8.585
-8.538
-8.635
-8.771
-8.9
-9.147
-9.61
-10.189
-10.758
-11.255
-11.615
-11.792
-11.666
-11.219
-10.581
-9.986
-9.442
-8.796
-8.256
-8.181
-8.735
-9.671
-10.665
-11.713
-12.786
-13.551
-13.809
-13.657
-13.069
-12.081
-11.016
-10.16
-9.649
-9.617
-10.053
-10.811
-11.661
-12.312
-12.659
-12.8
-12.831
-12.725
-12.405
-11.926
-11.484
-11.2
-10.889
-10.393
-9.964
-9.918
-10.134
-10.291
-10.359
-10.52
-10.79
-11.099
-11.403
-11.482
-11.236
-10.933
-10.842
-10.824
-10.64
-10.456
-10.538
-10.863
-11.047
-10.781
-10.169
-9.594
-9.236
-9.005
-8.812
-8.678
-8.608
-8.444
-8
-7.369
-6.784
-6.36
-5.974
-5.432
-4.781
-4.239
-3.976
-3.982
-4.089
-4.049
-3.694
-3.148
-2.427
-1.478
-0.535
-0.002
0.06
-0.17
-0.467
-0.71
-0.846
-0.825
-0.675
-0.433
-0.059
0.469
1.127
1.857
2.544
3.157
3.658
3.881
3.861
3.817
3.687
3.35
3.08
3.123
3.304
3.441
3.713
4.298
5.083
5.863
6.365
6.29
5.55
4.418
3.226
2.148
1.422
1.365
2.05
3.171
4.257
4.972
5.199
4.868
3.913
2.54
1.025
-0.29
-1.034
-1.027
-0.553
0.013
0.451
0.694
0.779
0.655
0.147
-0.662
-1.399
-1.762
-1.753
-1.649
-1.733
-1.889
-1.923
-1.966
-2.241
-2.831
-3.504
-3.89
-3.862
-3.697
-3.634
-3.758
-4.062
-4.522
-5.04
-5.557
-6.011
-6.176
-5.882
-5.264
-4.774
-4.654
-4.788
-5.105
-5.724
-6.571
-7.156
-7.12
-6.809
-6.773
-6.95
-7.006
-6.852
-6.662
-6.666
-6.868
-7.138
-7.369
-7.544
-7.58
-7.505
-7.374
-7.17
-6.993
-7.015
-7.14
-7.217
-7.369
-7.676
-8.045
-8.223
-7.95
-7.469
-7.213
-7.414
-8
-8.651
-9.078
-9.329
-9.366
-9.026
-8.401
-7.725
-7.233
-6.958
-6.793
-6.686
-6.748
-7.063
-7.492
-7.798
-7.868
-7.916
-8.041
-7.971
-7.517
-6.97
-6.725
-6.884
-7.147
-7.161
-6.911
-6.659
-6.73
-7.276
-7.996
-8.449
-8.664
-8.771
-8.612
-8.018
-7.113
-6.323
-6.002
-6.108
-6.443
-6.884
-7.374
-7.836
-8.224
-8.406
-8.272
-7.991
-7.791
-7.739
-7.732
-7.737
-7.793
-8.013
-8.356
-8.522
-8.333
-8.018
-7.932
-7.959
-7.755
-7.301
-7.034
-7.222
-7.753
-8.506
-9.429
-10.373
-11.123
-11.509
-11.507
-11.184
-10.554
-9.76
-9.059
-8.495
-8.095
-8.081
-8.655
-9.61
-10.532
-11.2
-11.77
-12.355
-12.684
-12.485
-11.903
-11.275
-10.812
-10.624
-10.645
-10.684
-10.681
-10.679
-10.681
-10.647
-10.481
-10.205
-10.2
-10.692
-11.57
-12.663
-13.771
-14.546
-14.757
-14.424
-13.704
-12.754
-11.656
-10.547
-9.73
-9.479
-9.837
-10.613
-11.456
-12.058
-12.478
-12.77
-12.802
-12.366
-11.466
-10.568
-10.085
-9.865
-9.697
-9.706
-10.064
-10.833
-11.766
-12.423
-12.761
-12.997
-13.081
-12.845
-12.359
-11.792
-11.264
-10.74
-10.252
-10.002
-9.978
-10.153
-10.624
-11.18
-11.32
-10.94
-10.302
-9.645
-9.041
-8.444
-8.132
-8.433
-9.347
-10.532
-11.57
-12.191
-12.453
-12.507
-12.198
-11.418
-10.268
-9.111
-8.181
-7.587
-7.349
-7.501
-8.1
-9.1
-10.166
-10.849
-11.024
-10.94
-10.808
-10.517
-9.937
-9.241
-8.651
-8.265
-8.02
-7.887
-7.952
-8.327
-9.005
-9.846
-10.536
-10.88
-11.103
-11.309
-11.275
-10.763
-9.908
-9.039
-8.438
-8.097
-7.945
-7.971
-8.252
-8.826
-9.494
-9.976
-10.228
-10.365
-10.432
-10.432
-10.357
-10.186
-10.017
-9.93
-9.881
-9.792
-9.755
-10.017
-10.577
-11.069
-11.336
-11.588
-11.91
-12.165
-12.183
-11.847
-11.137
-10.409
-9.985
-9.724
-9.472
-9.399
-9.765
-10.454
-11.11
-11.514
-11.736
-11.799
-11.675
-11.377
-10.91
-10.348
-9.962
-10.066
-10.731
-11.698
-12.57
-13.169
-13.58
-13.825
-13.777
-13.317
-12.695
-12.274
-11.919
-11.293
-10.774
-10.847
-11.298
-11.834
-12.394
-12.826
-12.849
-12.491
-12.001
-11.388
-10.47
-9.517
-9.173
-9.426
-9.733
-10.005
-10.595
-11.509
-12.398
-12.917
-12.781
-12.139
-11.439
-10.91
-10.47
-10.009
-9.597
-9.431
-9.597
-9.962
-10.354
-10.781
-11.252
-11.482
-11.205
-10.532
-9.869
-9.449
-9.218
-8.991
-8.662
-8.372
-8.379
-8.583
-8.658
-8.547
-8.496
-8.769
-9.238
-9.381
-9.13
-9.043
-9.429
-9.996
-10.396
-10.636
-10.842
-10.94
-10.82
-10.556
-10.139
-9.578
-9.204
-9.267
-9.447
-9.411
-9.298
-9.357
-9.474
-9.334
-8.942
-8.683
-8.719
-8.758
-8.524
-8.102
-7.845
-7.945
-8.26
-8.447
-8.36
-8.265
-8.46
-8.846
-9.12
-9.247
-9.458
-9.858
-10.373
-10.781
-10.883
-10.869
-11.153
-11.729
-12.074
-11.851
-11.352
-11.024
-10.865
-10.545
-9.901
-9.261
-9.114
-9.617
-10.418
-11.028
-11.307
-11.53
-11.881
-12.094
-11.879
-11.377
-11.048
-11.115
-11.348
-11.568
-11.876
-12.417
-13.094
-13.698
-14.027
-14.115
-14.279
-14.558
-14.705
-14.68
-14.431
-13.85
-13.417
-13.614
-13.907
-13.707
-13.661
-14.244
-14.914
-15.173
-14.771
-14.095
-13.791
-13.752
-13.471
-13.038
-12.505
-12.015
-12.076
-12.48
-12.865
-13.244
-13.482
-13.457
-13.725
-14.186
-14.138
-13.797
-13.725
-13.963
-14.083
-14.015
-13.804
-13.278
-12.67
-12.561
-12.595
-12.038
-11.289
-10.915
-10.826
-10.752
-10.749
-10.894
-10.869
-10.305
-9.912
-10.406
-10.976
-11.214
-11.38
-11.316
-10.924
-10.522
-10.365
-10.121
-9.393
-8.563
-8.161
-7.873
-7.745
-8.354
-9.282
-9.949
-10.543
-11.024
-11.103
-10.957
-10.418
-9.458
-8.49
-7.789
-7.705
-8.123
-8.359
-8.395
-8.816
-9.425
-9.898
-10.354
-10.475
-10.15
-9.755
-9.44
-9.05
-8.612
-8.254
-8.192
-8.474
-8.843
-9.082
-9.162
-9.218
-9.395
-9.722
-9.708
-9.173
-8.616
-8.308
-8.233
-8.395
-8.907
-9.745
-10.653
-11.448
-12.128
-12.485
-12.364
-12.074
-11.631
-10.767
-9.817
-9.322
-9.215
-9.354
-9.629
-10.002
-10.74
-11.482
-11.656
-11.377
-10.801
-10.002
-9.513
-9.379
-9.306
-9.467
-9.771
-10.005
-10.322
-10.847
-11.425
-11.792
-11.743
-11.611
-11.611
-11.293
-10.724
-10.504
-10.547
-10.479
-10.513
-10.76
-10.964
-10.948
-10.765
-10.652
-10.554
-10.225
-9.703
-9.184
-8.767
-8.664
-8.719
-8.517
-8.308
-8.56
-9.046
-9.311
-9.343
-9.341
-9.186
-8.744
-8.211
-7.95
-7.943
-7.971
-8.22
-8.778
-9.107
-9.094
-9.245
-9.601
-9.681
-9.338
-8.771
-8.12
-7.514
-7.086
-6.829
-6.616
-6.471
-6.487
-6.555
-6.569
-6.571
-6.546
-6.587
-6.805
-6.984
-6.922
-6.641
-6.171
-5.663
-5.323
-5.151
-5.219
-5.604
-6.027
-6.353
-6.743
-7.057
-7.162
-7.193
-7.026
-6.55
-6.051
-5.75
-5.6
-5.477
-5.323
-5.414
-5.906
-6.39
-6.686
-6.974
-6.974
-6.433
-5.747
-5.278
-4.958
-4.729
-4.7
-4.849
-5.028
-5.131
-5.192
-5.088
-4.904
-5.001
-5.353
-5.591
-5.761
-6.051
-6.358
-6.562
-6.648
-6.763
-7.054
-7.449
-7.773
-7.871
-7.669
-7.336
-7.022
-6.773
-6.65
-6.678
-6.868
-7.117
-7.162
-7.088
-7.158
-7.12
-6.775
-6.375
-5.931
-5.393
-5.024
-4.921
-4.879
-4.874
-4.908
-5.02
-5.215
-5.389
-5.484
-5.491
-5.444
-5.439
-5.539
-5.693
-5.927
-6.271
-6.611
-6.789
-6.791
-6.655
-6.443
-6.142
-5.7
-5.183
-4.613
-3.967
-3.398
-3.032
-2.706
-2.397
-2.352
-2.563
-2.855
-3.168
-3.436
-3.595
-3.588
-3.282
-2.764
-2.317
-1.973
-1.766
-1.853
-2.157
-2.531
-2.921
-3.211
-3.314
-3.139
-2.692
-2.363
-2.284
-2.113
-1.772
-1.497
-1.413
-1.581
-1.955
-2.345
-2.547
-2.481
-2.218
-1.893
-1.445
-0.766
-0.088
0.267
0.331
0.235
-0.015
-0.494
-1.189
-1.885
-2.438
-2.821
-2.88
-2.528
-2.025
-1.644
-1.322
-1.034
-0.937
-1.143
-1.672
-2.407
-3.18
-3.899
-4.432
-4.513
-4.062
-3.398
-2.764
-2.148
-1.551
-1.111
-0.947
-1.079
-1.383
-1.685
-1.889
-1.96
-1.928
-1.794
-1.537
-1.173
-0.707
-0.283
0.02
0.286
0.433
0.349
0.102
-0.335
-1.029
-1.746
-2.277
-2.485
-2.333
-1.916
-1.181
-0.092
0.902
1.377
1.338
0.986
0.549
-0.038
-0.811
-1.293
-1.066
-0.446
0.222
1.034
1.955
2.572
2.651
2.413
2.093
1.608
1.05
0.807
0.914
0.982
1.043
1.401
1.998
2.479
2.522
2.152
1.619
1.061
0.648
0.522
0.551
0.612
0.814
1.131
1.367
1.585
1.971
2.581
3.307
3.749
3.713
3.438
3.178
2.799
2.102
1.302
0.895
1.09
1.676
2.388
3.105
3.787
4.298
4.412
4.037
3.399
2.801
2.407
2.264
2.368
2.624
2.821
2.853
2.663
2.218
1.535
0.891
0.594
0.621
0.791
1.181
2.013
3.103
3.971
4.244
3.91
3.268
2.527
1.825
1.27
0.961
0.984
1.293
1.651
1.896
2.173
2.583
2.951
3.159
3.289
3.362
3.295
3.13
3.007
2.855
2.595
2.268
1.953
1.692
1.619
1.98
2.785
3.631
4.107
4.191
4.076
3.763
3.294
2.86
2.737
3.078
3.822
4.822
5.808
6.442
6.653
6.503
6.002
5.253
4.38
3.529
2.944
2.853
3.354
4.186
5.057
5.945
6.734
7.136
7.188
7.22
7.253
7.122
6.746
6.165
5.591
5.246
5.051
4.96
5.026
5.212
5.747
6.698
7.635
8.231
8.594
8.88
9.021
8.647
7.78
7.061
6.811
6.918
7.388
8.124
8.69
9.021
9.329
9.606
9.873
10.014
9.971
9.998
10.291
10.595
10.815
11.139
11.654
12.117
12.203
12.103
12.049
11.981
11.974
12.353
13.146
14.138
15.093
15.56
15.433
15.254
15.286
15.349
15.628
16.209
16.695
16.867
17
17.302
17.277
16.529
15.734
15.646
15.907
15.976
16.129
16.658
17.491
18.318
18.645
18.361
17.687
16.776
15.886
15.086
14.097
13.14
12.909
13.405
14.011
14.303
14.256
14.222
14.272
14.217
14.122
13.877
13.256
12.645
12.187
11.523
10.779
10.154
9.633
9.367
9.295
9.263
9.357
9.635
9.835
9.824
9.782
9.722
9.331
8.415
7.478
7.049
6.85
6.453
6.269
6.653
6.947
6.637
6.206
6.04
5.823
5.572
5.675
6.027
6.201
6.19
6.249
6.353
6.176
5.739
5.464
5.296
5.151
5.269
5.555
5.655
5.747
6.147
6.517
6.369
5.891
5.747
5.886
5.852
5.813
6.015
6.403
7.025
7.813
8.272
8.243
8.049
8.039
8.231
8.317
8.26
8.372
8.742
9.286
9.808
10.085
10.166
10.432
10.833
10.826
10.653
10.883
11.196
11.162
11.008
10.957
10.883
10.674
10.706
11.151
11.622
12.119
12.829
13.356
13.217
12.606
11.89
11.071
10.284
9.778
9.819
10.375
11.051
11.682
12.275
12.534
12.589
12.713
12.569
12.023
11.121
10.018
9.372
9.341
9.411
9.713
10.325
10.88
11.477
11.929
11.949
11.881
11.74
11.307
11.092
10.987
10.422
9.824
9.599
9.578
9.755
10.13
10.516
10.837
11.107
11.323
11.368
11.062
10.656
10.316
9.714
8.878
8.39
8.381
8.69
9.259
9.96
10.624
11.196
11.751
12.087
11.976
11.699
11.54
11.42
11.375
11.479
11.64
11.874
12.405
13.344
14.344
14.85
14.755
14.428
14.167
13.939
13.743
13.72
13.675
13.5
13.584
14.256
15.241
16.193
17.059
17.642
17.862
17.79
17.398
16.815
16.4
16.336
16.56
16.883
17.218
17.758
18.554
19.535
20.679
21.8
22.395
22.327
21.934
21.489
21.102
20.775
20.648
20.763
21.054
21.564
22.231
22.742
23.032
23.411
23.881
24.091
23.844
23.314
22.787
22.533
22.655
23.093
23.787
24.72
25.765
26.721
27.353
27.524
27.417
27.072
26.425
25.555
24.729
24.364
24.577
25.001
25.293
25.679
26.342
26.967
27.226
27.065
26.677
26.232
25.645
24.953
24.284
23.522
22.851
22.667
22.941
23.356
23.813
24.28
24.526
24.348
23.851
23.302
22.671
21.866
21.011
20.322
20.004
20.231
20.807
21.201
21.251
21.213
21.174
20.979
20.482
19.679
18.849
18.434
18.52
18.804
18.82
18.522
18.361
18.416
18.241
17.559
16.62
16.052
16.277
16.899
17.302
17.436
17.529
17.667
17.771
17.656
17.209
16.726
16.484
16.511
16.679
16.899
17.3
17.935
18.438
18.57
18.57
18.649
18.613
18.293
18.103
18.416
18.92
19.117
19.026
19.035
19.364
19.838
20.035
20.012
20.015
20.212
20.616
21.015
20.945
20.383
19.881
19.808
20.004
20.242
20.564
21.015
21.587
22.059
22.201
21.943
21.478
21.156
20.945
20.562
20.011
19.702
19.895
20.335
20.702
21.02
21.365
21.621
21.582
21.126
20.582
20.287
20.212
20.072
19.84
19.795
19.886
19.879
19.895
20.154
20.61
20.999
21.106
20.898
20.443
19.84
19.267
18.853
18.406
17.894
17.797
18.239
18.836
19.393
19.875
20.122
20.033
19.572
18.824
17.89
17.148
16.941
17.241
17.831
18.448
18.983
19.439
19.863
19.97
19.414
18.457
17.645
17.059
16.485
16
15.778
15.792
15.912
16.197
16.49
16.56
16.456
16.44
16.506
16.288
15.78
15.399
15.283
15.152
15.002
15.077
15.286
15.462
15.594
15.714
15.841
15.88
15.73
15.377
14.862
14.358
13.961
13.596
13.367
13.519
13.888
14.07
14.008
13.741
13.104
12.133
11.125
10.397
9.91
9.493
9.358
9.769
10.62
11.604
12.317
12.616
12.586
12.237
11.534
10.604
9.866
9.503
9.23
9.043
9.15
9.386
9.429
9.279
9.127
8.948
8.732
8.571
8.528
8.467
8.268
8.029
7.844
7.609
7.356
7.249
7.358
7.637
7.981
8.229
8.268
8.197
8.072
7.716
7.061
6.283
5.671
5.319
5.128
5.056
5.189
5.477
5.772
5.995
5.945
5.399
4.52
3.715
3.136
2.779
2.565
2.459
2.377
2.118
1.701
1.326
1.1
0.934
0.755
0.633
0.642
0.669
0.519
0.202
-0.174
-0.526
-0.832
-1.1
-1.404
-1.824
-2.248
-2.429
-2.356
-2.295
-2.407
-2.615
-2.923
-3.425
-4.005
-4.38
-4.452
-4.314
-4.053
-3.84
-3.846
-4.076
-4.434
-4.879
-5.421
-5.951
-6.335
-6.553
-6.648
-6.678
-6.602
-6.446
-6.251
-6.011
-5.815
-5.918
-6.374
-6.898
-7.236
-7.413
-7.489
-7.42
-7.17
-6.818
-6.503
-6.391
-6.602
-7.068
-7.469
-7.703
-7.945
-8.07
-7.832
-7.381
-7.009
-6.761
-6.553
-6.38
-6.217
-6.038
-5.892
-5.886
-5.983
-6.044
-5.899
-5.564
-5.215
-5.047
-5.056
-5.047
-4.953
-4.879
-4.949
-5.067
-5.037
-4.897
-4.84
-4.852
-4.743
-4.518
-4.194
-3.751
-3.227
-2.737
-2.475
-2.579
-2.93
-3.346
-3.683
-3.774
-3.663
-3.57
-3.459
-3.194
-2.711
-2.191
-2.009
-2.223
-2.611
-3.139
-3.949
-4.933
-5.77
-6.251
-6.283
-5.861
-5.273
-4.879
-4.686
-4.484
-4.438
-5.004
-6.181
-7.34
-8.045
-8.417
-8.76
-9.147
-9.288
-8.948
-8.388
-7.897
-7.546
-7.321
-7.353
-7.821
-8.662
-9.745
-10.826
-11.584
-11.85
-11.827
-11.899
-12.071
-11.981
-11.559
-11.271
-11.38
-11.607
-11.751
-12.094
-12.845
-13.684
-14.127
-14.008
-13.589
-13.144
-12.766
-12.391
-12.062
-11.913
-12.003
-12.366
-12.879
-13.305
-13.598
-13.836
-14.047
-14.156
-14.004
-13.564
-13.083
-12.763
-12.521
-12.133
-11.53
-11.057
-11.076
-11.536
-12.013
-12.298
-12.559
-12.854
-12.972
-12.702
-12.071
-11.323
-10.647
-10.014
-9.451
-9.131
-9.241
-9.785
-10.422
-10.901
-11.189
-11.228
-11.055
-10.824
-10.543
-10.028
-9.327
-8.746
-8.359
-8.016
-7.682
-7.553
-7.682
-7.85
-7.877
-7.776
-7.533
-7.122
-6.55
-5.872
-5.183
-4.633
-4.237
-3.754
-3.098
-2.581
-2.447
-2.596
-2.821
-3.003
-3.019
-2.91
-2.796
-2.601
-2.139
-1.426
-0.723
-0.231
0.183
0.721
1.195
1.265
0.925
0.49
0.312
0.485
0.785
1.014
1.286
1.717
2.184
2.559
2.869
3.08
3.094
2.871
2.449
1.948
1.521
1.336
1.499
1.873
2.173
2.352
2.527
2.611
2.536
2.327
2.071
1.696
1.057
0.238
-0.546
-1.05
-1.168
-0.966
-0.628
-0.281
0.038
0.192
0.115
-0.14
-0.596
-1.247
-1.976
-2.658
-3.248
-3.622
-3.656
-3.409
-3.127
-2.862
-2.556
-2.216
-1.955
-1.973
-2.42
-3.223
-4.176
-5.208
-6.219
-7.049
-7.544
-7.564
-7.183
-6.614
-6.024
-5.477
-5.115
-5.06
-5.26
-5.686
-6.287
-6.986
-7.776
-8.533
-9.014
-9.046
-8.631
-8.081
-7.689
-7.504
-7.262
-6.827
-6.451
-6.403
-6.691
-7.29
-8.127
-8.821
-9.218
-9.51
-9.844
-9.917
-9.467
-8.862
-8.54
-8.435
-8.279
-7.991
-7.689
-7.567
-7.836
-8.479
-9.154
-9.445
-9.193
-8.61
-8.093
-7.757
-7.569
-7.533
-7.608
-7.745
-7.852
-8.091
-8.616
-9.334
-9.871
-9.905
-9.465
-8.911
-8.344
-7.564
-6.798
-6.41
-6.478
-6.952
-7.716
-8.396
-8.835
-9.154
-9.472
-9.833
-10.014
-9.742
-9.111
-8.406
-7.784
-7.177
-6.555
-6.149
-6.323
-7.084
-8.018
-8.887
-9.677
-10.284
-10.441
-9.896
-8.814
-7.803
-7.24
-7.072
-7.106
-7.383
-8.059
-9.114
-10.291
-11.131
-11.304
-10.917
-10.289
-9.606
-8.839
-7.986
-7.333
-7.288
-8.036
-9.257
-10.345
-11.055
-11.524
-11.792
-11.724
-11.268
-10.504
-9.746
-9.325
-9.143
-8.975
-8.968
-9.418
-10.254
-11.205
-12.183
-13.144
-13.836
-14.043
-13.761
-13.083
-12.13
-11.194
-10.593
-10.244
-9.901
-9.656
-9.835
-10.629
-11.786
-12.868
-13.729
-14.403
-14.734
-14.453
-13.675
-12.727
-11.845
-11.089
-10.497
-10.17
-10.28
-10.706
-11.137
-11.477
-11.834
-12.239
-12.582
-12.632
-12.251
-11.566
-10.82
-10.268
-9.953
-9.71
-9.615
-9.889
-10.429
-10.985
-11.403
-11.631
-11.783
-11.983
-12.167
-12.226
-12.074
-11.811
-11.615
-11.534
-11.484
-11.475
-11.702
-12.191
-12.705
-12.933
-12.993
-13.076
-12.956
-12.235
-11.067
-10.109
-9.767
-9.837
-10.032
-10.449
-11.236
-12.314
-13.376
-14.024
-13.981
-13.312
-12.375
-11.459
-10.538
-9.629
-9.098
-9.404
-10.264
-11.016
-11.452
-11.731
-11.908
-11.872
-11.595
-11.196
-10.783
-10.511
-10.42
-10.289
-9.992
-9.824
-10.057
-10.433
-10.49
-10.221
-10.132
-10.588
-11.312
-11.776
-11.818
-11.593
-11.314
-10.956
-10.252
-9.177
-8.147
-7.766
-8.156
-8.952
-9.73
-10.375
-10.992
-11.472
-11.502
-10.926
-10.009
-9.1
-8.367
-7.873
-7.728
-7.952
-8.415
-9.016
-9.599
-10.062
-10.429
-10.737
-10.889
-10.811
-10.448
-9.876
-9.347
-8.914
-8.492
-8.136
-8.027
-8.435
-9.202
-9.973
-10.608
-11.094
-11.289
-11.015
-10.28
-9.29
-8.245
-7.349
-6.918
-7.245
-8.256
-9.638
-11.184
-12.609
-13.398
-13.38
-12.9
-12.207
-11.199
-9.953
-8.952
-8.508
-8.647
-9.241
-10.018
-10.737
-11.359
-11.856
-12.149
-12.142
-11.77
-11.153
-10.549
-9.969
-9.37
-8.837
-8.547
-8.571
-8.812
-9.147
-9.593
-10.196
-10.801
-11.139
-11.128
-10.851
-10.429
-9.914
-9.399
-9.068
-9.063
-9.411
-10.066
-10.876
-11.652
-12.312
-12.75
-12.816
-12.441
-11.645
-10.533
-9.422
-8.628
-8.288
-8.376
-8.764
-9.313
-9.896
-10.364
-10.69
-10.91
-10.978
-10.812
-10.481
-10.144
-9.871
-9.683
-9.629
-9.703
-9.881
-10.157
-10.506
-10.79
-10.88
-10.926
-11.024
-10.983
-10.64
-10.064
-9.325
-8.558
-7.965
-7.766
-8.016
-8.535
-9.191
-9.93
-10.524
-10.747
-10.556
-10.053
-9.374
-8.524
-7.544
-6.685
-6.255
-6.344
-6.852
-7.612
-8.508
-9.404
-10.186
-10.88
-11.448
-11.666
-11.466
-11.032
-10.6
-10.123
-9.506
-8.919
-8.696
-8.943
-9.458
-10.014
-10.538
-11.008
-11.434
-11.738
-11.756
-11.486
-11.028
-10.484
-9.892
-9.315
-8.887
-8.771
-8.978
-9.402
-9.964
-10.547
-11.055
-11.42
-11.554
-11.362
-10.865
-10.464
-10.604
-11.078
-11.187
-11.259
-12.078
-13.053
-13.682
-13.991
-13.752
-13.256
-13.031
-12.863
-12.402
-11.656
-10.684
-10.229
-10.601
-11.171
-11.67
-12.191
-12.493
-12.711
-13.189
-13.126
-12.378
-11.745
-11.475
-11.083
-10.584
-10.472
-10.543
-10.513
-10.924
-12.144
-13.085
-13.256
-13.389
-13.75
-13.784
-13.228
-12.591
-12.015
-11.055
-9.719
-9.109
-9.257
-9.39
-9.762
-10.477
-11.028
-11.214
-11.439
-11.666
-11.362
-10.445
-9.497
-8.715
-7.986
-7.773
-7.984
-8.036
-8.079
-8.488
-8.9
-9.425
-10.205
-10.585
-10.381
-9.878
-9.472
-9.343
-9.075
-8.483
-8.195
-8.476
-8.959
-9.839
-11.076
-11.774
-11.588
-11.18
-11.005
-10.752
-9.885
-8.447
-7.256
-6.753
-6.743
-7.011
-7.589
-8.415
-9.425
-10.388
-10.765
-10.54
-10.014
-9.363
-8.685
-8.088
-7.873
-8.041
-8.288
-8.667
-9.425
-10.345
-11.346
-12.389
-12.994
-12.806
-12.162
-11.359
-10.517
-9.746
-8.88
-8.356
-8.647
-9.351
-10.182
-11.123
-11.708
-11.865
-11.715
-10.967
-9.917
-8.812
-7.524
-6.426
-6.031
-6.358
-7.253
-8.347
-9.347
-10.461
-11.44
-11.976
-12.343
-12.296
-11.325
-10.03
-9.166
-8.637
-8.22
-7.845
-7.773
-8.268
-9.152
-10.039
-10.568
-10.529
-10.237
-10.121
-9.876
-9.163
-8.165
-7.213
-6.435
-5.897
-5.684
-5.704
-5.863
-6.21
-6.693
-7.178
-7.442
-7.265
-6.879
-6.559
-6.19
-5.902
-5.875
-6.019
-6.489
-7.46
-8.522
-9.277
-9.903
-10.313
-10.221
-9.654
-8.871
-8.029
-7.236
-6.607
-6.086
-5.435
-4.901
-4.967
-5.435
-5.813
-5.997
-6.081
-6.314
-6.711
-6.884
-6.621
-6.099
-5.332
-4.584
-4.212
-4.137
-4.26
-4.659
-5.364
-6.43
-7.614
-8.315
-8.367
-8.177
-8.02
-7.741
-7.17
-6.501
-6.212
-6.33
-6.414
-6.442
-6.648
-6.979
-7.193
-7.12
-6.691
-6.019
-5.4
-5.01
-4.596
-3.897
-3.13
-2.708
-2.726
-2.848
-3.048
-3.618
-4.602
-5.666
-6.462
-6.77
-6.607
-6.239
-5.643
-4.772
-3.937
-3.379
-3.173
-3.479
-4.182
-4.904
-5.425
-5.702
-5.836
-5.802
-5.216
-4.089
-3.132
-2.517
-1.805
-1.109
-0.75
-0.594
-0.522
-0.614
-0.83
-1.054
-1.302
-1.685
-2.016
-1.921
-1.542
-1.241
-1.041
-0.843
-0.753
-0.968
-1.578
-2.479
-3.363
-4.098
-4.752
-5.128
-4.924
-4.186
-3.123
-2.016
-1.157
-0.585
-0.31
-0.458
-0.991
-1.741
-2.583
-3.263
-3.461
-3.205
-2.647
-1.937
-1.222
-0.485
0.208
0.603
0.496
-0.118
-1.002
-1.882
-2.744
-3.581
-4.262
-4.754
-4.853
-4.4
-3.638
-2.896
-2.279
-1.808
-1.504
-1.51
-1.908
-2.4
-2.744
-3.035
-3.343
-3.461
-3.227
-2.611
-1.772
-0.991
-0.396
-0.072
-0.143
-0.562
-1.177
-2.08
-3.257
-4.173
-4.264
-3.724
-3.178
-2.737
-2.136
-1.393
-0.839
-0.825
-1.404
-2.329
-3.307
-4.123
-4.763
-5.335
-5.618
-5.346
-4.668
-3.874
-3.046
-2.129
-1.082
-0.195
0.224
0.265
0.038
-0.469
-1.098
-1.714
-2.207
-2.397
-2.248
-1.909
-1.524
-1.07
-0.399
0.396
0.879
0.834
0.363
-0.446
-1.286
-1.773
-1.821
-1.61
-1.322
-0.938
-0.351
0.235
0.53
0.567
0.454
0.303
0.211
0.211
0.234
0.208
0.163
0.315
0.794
1.236
1.394
1.483
1.741
2.112
2.361
2.443
2.384
2.139
1.667
1.154
0.755
0.487
0.431
0.653
0.998
1.272
1.404
1.613
2.077
2.513
2.511
2.193
1.98
1.941
1.957
1.798
1.438
1.211
1.445
1.923
2.2
2.2
2.148
2.202
2.22
1.971
1.544
1.222
1.068
1.034
1.09
1.166
1.254
1.446
1.692
1.905
2.077
2.148
2.077
1.887
1.604
1.261
0.943
0.698
0.449
0.102
-0.134
0.063
0.705
1.397
1.794
1.939
2.034
2.021
1.787
1.401
0.998
0.639
0.431
0.272
0.066
-0.081
0.056
0.546
1.129
1.514
1.825
2.272
2.615
2.583
2.2
1.762
1.497
1.254
0.816
0.319
0.129
0.465
1.32
2.333
2.998
3.171
3.207
3.304
3.159
2.52
1.673
0.982
0.535
0.29
0.349
0.862
1.746
2.66
3.363
3.861
4.182
4.391
4.652
4.924
4.92
4.652
4.429
4.37
4.344
4.301
4.475
4.921
5.419
5.686
5.609
5.43
5.455
5.686
5.934
6.008
5.902
5.847
6.076
6.553
7
7.324
7.573
7.576
7.229
6.77
6.458
6.328
6.306
6.351
6.543
7.009
7.761
8.603
9.27
9.626
9.742
9.699
9.336
8.548
7.619
6.882
6.426
6.262
6.278
6.294
6.443
6.979
7.841
8.715
9.363
9.765
9.978
9.889
9.456
8.878
8.406
8.059
7.739
7.601
7.855
8.508
9.526
10.736
11.706
12.187
12.359
12.401
12.178
11.579
10.821
10.275
10.139
10.332
10.577
10.763
11.053
11.62
12.342
12.915
13.144
13.121
13.056
13.033
13.065
13.176
13.265
13.16
12.999
13.058
13.267
13.326
13.242
13.272
13.378
13.169
12.616
12.16
12.033
12.087
12.258
12.579
13.052
13.541
13.872
13.916
13.684
13.341
13.004
12.546
11.813
10.947
10.245
9.957
10.17
10.733
11.355
11.987
12.7
13.212
13.23
12.852
12.31
11.598
10.672
9.701
8.966
8.569
8.444
8.563
8.88
9.222
9.431
9.486
9.358
9.021
8.644
8.427
8.233
7.812
7.236
6.854
6.854
7.061
7.074
6.809
6.595
6.627
6.689
6.639
6.621
6.718
7.011
7.569
8.127
8.24
7.943
7.692
7.489
7.034
6.38
5.813
5.459
5.383
5.609
6.056
6.618
7.233
7.753
7.861
7.401
6.748
6.391
6.374
6.446
6.471
6.562
6.782
7.031
7.245
7.414
7.526
7.644
7.793
7.832
7.766
7.832
8.184
8.676
9.023
9.05
8.846
8.472
7.936
7.356
6.847
6.534
6.464
6.489
6.494
6.503
6.475
6.412
6.623
7.174
7.714
8.072
8.463
8.896
9.023
8.73
8.213
7.696
7.213
6.737
6.317
6.226
6.614
7.285
8
8.648
9.298
9.894
10.166
10.009
9.593
9.048
8.463
7.968
7.596
7.317
7.326
7.807
8.626
9.429
10.086
10.79
11.545
12.09
12.187
11.879
11.5
11.33
11.264
11.06
10.744
10.668
11.062
11.799
12.616
13.294
13.877
14.406
14.705
14.671
14.396
14.018
13.629
13.396
13.476
13.871
14.419
14.941
15.399
15.896
16.422
16.779
16.821
16.536
16.152
16.018
16.361
17.143
18.006
18.638
19.16
19.687
20.07
20.122
19.747
19.073
18.448
18.142
18.053
18.014
18.035
18.27
18.942
19.99
21.026
21.805
22.39
22.852
23.075
22.932
22.531
22.049
21.478
20.805
20.262
20.106
20.233
20.575
21.317
22.435
23.599
24.6
25.427
25.994
25.954
24.983
23.456
22.191
21.578
21.45
21.528
21.9
22.8
23.917
24.69
24.883
24.61
24.248
24.057
23.855
23.427
22.914
22.653
22.896
23.617
24.37
24.747
24.867
24.91
24.694
24.18
23.515
22.799
22.132
21.66
21.33
21.002
20.768
20.698
20.716
20.805
20.934
20.986
21.002
20.983
20.718
20.183
19.664
19.276
18.785
18.071
17.47
17.468
18.112
18.906
19.428
19.591
19.616
19.695
19.755
19.48
18.717
17.846
17.32
17.071
16.78
16.459
16.304
16.417
16.612
16.572
16.202
15.681
15.338
15.365
15.644
15.948
16.286
16.728
17.062
17.073
16.903
16.826
16.847
16.808
16.783
16.892
17.039
17.13
17.307
17.599
17.854
17.93
17.876
17.838
17.854
17.831
17.726
17.713
17.77
17.703
17.482
17.262
17.141
16.916
16.579
16.413
16.595
16.907
17.246
17.683
18.21
18.629
18.936
19.3
19.684
19.986
20.164
20.18
19.995
19.709
19.5
19.387
19.251
19.101
19.137
19.428
19.888
20.383
20.775
20.85
20.569
20.158
19.779
19.487
19.241
19.076
19.028
19.051
19.124
19.323
19.539
19.65
19.808
20.128
20.582
20.957
21.025
20.727
20.332
20.103
20.047
20.07
20.086
20.054
20.067
20.274
20.659
20.983
20.938
20.412
19.607
18.79
18.178
17.719
17.336
17.159
17.33
17.774
18.298
18.638
18.557
18.105
17.606
17.252
16.984
16.649
16.384
16.404
16.751
17.152
17.393
17.486
17.547
17.483
17.234
16.968
16.884
17.046
17.191
16.892
16.014
15.098
14.779
14.827
14.503
13.827
13.589
14.031
14.612
14.674
14.219
13.793
13.691
13.757
13.519
12.711
11.745
11.443
11.902
12.427
12.709
13.117
13.788
14.217
14.047
13.451
12.75
12.19
11.808
11.343
10.606
9.882
9.583
9.918
10.5
10.835
11.026
11.368
11.634
11.303
10.313
8.975
7.884
7.388
7.138
6.863
6.825
7.324
8.245
9.082
9.415
9.372
8.905
7.897
6.705
5.552
4.512
4.076
4.434
4.976
5.387
5.904
6.553
6.936
6.662
5.807
4.969
4.264
3.404
2.499
1.714
1.304
1.685
2.692
3.55
3.749
3.407
3.039
2.983
2.717
1.808
0.714
0.027
-0.07
0.143
0.106
-0.063
0.326
1.234
1.898
1.794
1.131
0.455
-0.108
-0.869
-1.667
-2.136
-2.241
-1.921
-1.349
-1.093
-1.193
-1.22
-1.161
-1.168
-1.461
-2.059
-2.499
-2.543
-2.604
-3.042
-3.572
-3.656
-3.234
-2.821
-2.764
-2.892
-3.121
-3.431
-3.631
-3.953
-4.643
-5.239
-5.341
-5.219
-5.26
-5.543
-5.747
-5.572
-5.089
-4.604
-4.389
-4.573
-4.953
-5.203
-5.269
-5.094
-4.732
-4.486
-4.527
-4.795
-5.162
-5.467
-5.552
-5.403
-5.133
-5.037
-5.183
-5.205
-5.105
-5.337
-5.827
-6.119
-6.217
-6.249
-5.99
-5.414
-5.08
-5.43
-5.899
-5.804
-5.487
-5.566
-5.807
-5.743
-5.572
-5.627
-5.804
-5.87
-5.799
-5.684
-5.403
-4.849
-4.384
-4.338
-4.405
-4.27
-4.176
-4.337
-4.565
-4.716
-4.881
-5.096
-5.248
-5.115
-4.679
-4.244
-4.01
-3.91
-3.919
-4.201
-4.674
-5.005
-5.057
-5.089
-5.237
-5.341
-5.399
-5.595
-5.82
-5.829
-5.827
-6.09
-6.585
-7.204
-7.725
-7.959
-8.002
-7.932
-7.732
-7.444
-7.233
-7.31
-7.673
-8.107
-8.449
-8.712
-8.874
-8.973
-9.055
-9.071
-8.991
-8.964
-9.184
-9.601
-9.949
-10.207
-10.54
-10.947
-11.223
-11.236
-11.016
-10.704
-10.465
-10.275
-10.123
-10.218
-10.597
-11.057
-11.312
-11.246
-11.123
-11.028
-10.865
-10.919
-11.357
-11.695
-11.756
-11.856
-11.865
-11.343
-10.456
-9.903
-9.996
-10.409
-10.744
-10.994
-11.251
-11.427
-11.418
-11.251
-10.88
-10.248
-9.697
-9.515
-9.526
-9.458
-9.361
-9.413
-9.681
-9.898
-9.713
-9.202
-8.889
-9.003
-9.236
-9.438
-9.667
-9.928
-9.98
-9.71
-9.27
-8.658
-7.807
-7.026
-6.721
-6.811
-6.902
-6.925
-6.966
-6.805
-6.26
-5.455
-4.684
-4.13
-3.681
-3.346
-3.22
-3.184
-3.03
-2.806
-2.522
-2.125
-1.656
-1.111
-0.442
0.211
0.698
0.989
1.07
1.073
1.041
0.941
0.816
0.739
0.642
0.538
0.583
0.886
1.458
2.197
3.014
3.878
4.67
5.148
5.183
4.729
3.965
3.278
2.903
2.774
2.751
2.91
3.377
4.101
4.779
5.112
5.124
4.884
4.391
3.686
2.978
2.588
2.592
2.808
3.003
2.939
2.608
2.272
2.107
1.953
1.651
1.315
1.173
1.127
0.909
0.587
0.455
0.544
0.603
0.419
0
-0.494
-0.873
-1.027
-1.111
-1.388
-1.86
-2.259
-2.44
-2.449
-2.401
-2.295
-2.077
-1.844
-1.787
-2.118
-2.831
-3.645
-4.384
-5.169
-6.004
-6.543
-6.55
-6.081
-5.353
-4.643
-4.139
-3.908
-4.098
-4.701
-5.52
-6.385
-7.126
-7.496
-7.456
-7.242
-6.986
-6.769
-6.571
-6.255
-5.892
-5.775
-6.004
-6.491
-7.052
-7.476
-7.753
-7.923
-8.048
-8.181
-8.27
-8.181
-7.968
-7.821
-7.693
-7.424
-6.989
-6.607
-6.548
-6.793
-7.197
-7.771
-8.415
-8.868
-9.078
-9.039
-8.798
-8.411
-7.909
-7.417
-7.122
-7.147
-7.424
-7.777
-7.95
-7.807
-7.496
-7.21
-7.054
-6.961
-6.811
-6.732
-6.921
-7.136
-7.058
-6.743
-6.417
-6.258
-6.199
-6.05
-5.824
-5.813
-6.106
-6.555
-6.963
-7.217
-7.321
-7.31
-7.113
-6.802
-6.455
-6.16
-6.113
-6.267
-6.371
-6.287
-6.038
-5.782
-5.656
-5.704
-5.915
-6.437
-7.488
-8.79
-9.769
-10.196
-10.241
-9.996
-9.347
-8.351
-7.383
-6.662
-6.231
-6.269
-6.873
-7.909
-9.043
-10.025
-10.833
-11.403
-11.54
-11.289
-10.951
-10.577
-10.073
-9.558
-9.236
-9.198
-9.336
-9.456
-9.681
-10.232
-10.842
-11.223
-11.446
-11.591
-11.62
-11.488
-11.194
-10.737
-10.293
-9.978
-9.923
-10.184
-10.624
-10.983
-11.141
-11.076
-10.901
-10.781
-10.767
-10.948
-11.364
-11.895
-12.41
-12.936
-13.444
-13.696
-13.516
-12.933
-12.074
-11.157
-10.397
-9.839
-9.54
-9.531
-9.792
-10.3
-11.001
-11.636
-11.895
-11.722
-11.357
-10.908
-10.286
-9.577
-9.189
-9.263
-9.551
-9.881
-10.316
-10.905
-11.507
-11.865
-11.906
-11.872
-11.802
-11.504
-11.031
-10.597
-10.302
-10.17
-10.297
-10.679
-11.132
-11.427
-11.393
-11.146
-10.894
-10.674
-10.433
-10.307
-10.454
-10.821
-11.236
-11.774
-12.489
-13.094
-13.296
-13.212
-12.999
-12.618
-12.039
-11.393
-10.858
-10.52
-10.336
-10.273
-10.361
-10.509
-10.643
-10.91
-11.416
-11.895
-11.908
-11.509
-11.1
-10.713
-10.175
-9.574
-9.062
-8.755
-8.685
-8.878
-9.381
-10.089
-10.776
-11.303
-11.611
-11.698
-11.561
-11.284
-10.937
-10.606
-10.275
-9.824
-9.331
-9.123
-9.252
-9.388
-9.374
-9.434
-9.626
-9.638
-9.388
-9.311
-9.626
-9.898
-9.803
-9.624
-9.54
-9.189
-8.472
-8.002
-8.07
-8.256
-8.32
-8.499
-8.842
-9.057
-9.041
-8.982
-9.191
-9.486
-9.59
-9.654
-9.873
-10.002
-9.878
-9.735
-9.769
-9.794
-9.467
-8.907
-8.644
-8.842
-9.163
-9.404
-9.751
-10.32
-10.856
-11.06
-11.078
-11.105
-11.2
-11.371
-11.595
-11.708
-11.64
-11.57
-11.539
-11.416
-11.146
-10.799
-10.556
-10.617
-11.003
-11.495
-11.883
-12.178
-12.606
-12.949
-12.729
-12.133
-11.577
-11.005
-10.338
-9.814
-9.626
-9.782
-10.114
-10.486
-10.921
-11.359
-11.682
-11.919
-12.169
-12.319
-12.303
-12.282
-12.334
-12.198
-11.692
-11.041
-10.554
-10.259
-10.021
-9.946
-10.282
-10.889
-11.403
-11.715
-11.854
-11.766
-11.35
-10.62
-9.839
-9.311
-9.127
-9.247
-9.597
-10.021
-10.4
-10.842
-11.362
-11.782
-11.949
-11.903
-11.845
-11.899
-12.049
-12.13
-12.028
-11.806
-11.618
-11.472
-11.236
-10.899
-10.656
-10.713
-10.937
-11.044
-11.016
-10.889
-10.62
-10.296
-10.114
-10.046
-9.917
-9.746
-9.661
-9.629
-9.454
-9.052
-8.533
-8.025
-7.603
-7.46
-7.7
-8.223
-8.934
-9.803
-10.647
-11.236
-11.5
-11.418
-11.019
-10.443
-9.917
-9.506
-9.154
-8.846
-8.685
-8.784
-9.052
-9.286
-9.29
-9.075
-8.88
-8.874
-8.971
-9.1
-9.357
-9.73
-10.069
-10.254
-10.234
-10.082
-9.866
-9.687
-9.649
-9.703
-9.785
-10.05
-10.62
-11.335
-11.924
-12.385
-12.917
-13.485
-13.839
-13.947
-13.909
-13.818
-13.781
-13.668
-12.965
-11.704
-10.894
-11.047
-11.359
-11.355
-11.72
-12.323
-12.886
-13.671
-14.172
-14.033
-13.648
-13.444
-13.409
-13.551
-13.314
-12.802
-13.113
-13.924
-14.501
-14.934
-15.166
-15.129
-15.415
-15.65
-15.209
-14.689
-14.619
-14.653
-14.324
-14.133
-14.054
-13.566
-13.031
-13.22
-13.401
-12.546
-11.679
-11.876
-12.67
-12.999
-12.954
-13.324
-13.855
-13.493
-12.933
-12.978
-12.355
-11.137
-10.572
-10.554
-10.121
-9.449
-9.293
-9.594
-9.971
-10.448
-11.083
-11.187
-10.815
-10.805
-11.235
-11.475
-11.178
-10.18
-9.027
-8.775
-8.964
-8.88
-8.508
-8.095
-8.286
-8.998
-9.222
-8.896
-8.744
-8.34
-7.677
-7.676
-7.968
-7.671
-7.256
-7.553
-8.359
-8.896
-8.921
-8.962
-9.048
-8.79
-8.213
-7.673
-7.267
-6.974
-7.125
-7.521
-7.845
-8.301
-9.12
-9.966
-10.191
-10.153
-10.391
-10.459
-9.964
-9.334
-8.551
-7.483
-6.886
-7.093
-7.608
-8.338
-9.318
-10.177
-10.921
-11.271
-11.083
-10.811
-10.329
-9.601
-9.147
-8.875
-8.508
-8.506
-8.984
-9.742
-10.844
-11.96
-12.722
-12.942
-12.618
-12.31
-12.181
-11.527
-10.697
-10.3
-9.955
-9.771
-10.17
-10.817
-11.3
-11.683
-11.951
-12.099
-11.919
-11.241
-10.416
-9.771
-9.334
-9.068
-8.926
-8.907
-9.191
-9.708
-10.207
-10.649
-11.001
-11.041
-10.708
-10.357
-10.154
-9.898
-9.593
-9.472
-9.581
-9.876
-10.289
-10.69
-10.915
-10.601
-9.865
-9.374
-9.082
-8.363
-7.365
-6.614
-6.242
-6.335
-6.789
-7.224
-7.56
-8.065
-8.758
-9.266
-9.388
-9.141
-8.48
-7.514
-6.693
-6.299
-6.192
-6.034
-5.827
-6.031
-6.732
-7.261
-7.276
-7.283
-7.292
-6.941
-6.501
-6.095
-5.532
-4.958
-4.641
-4.62
-4.84
-5.133
-5.444
-5.727
-5.895
-5.986
-5.915
-5.467
-4.788
-4.178
-3.525
-2.892
-2.592
-2.669
-2.998
-3.577
-4.307
-4.852
-5.094
-5.224
-5.335
-5.215
-4.695
-4.101
-3.929
-3.982
-3.91
-3.91
-4.16
-4.5
-4.895
-5.436
-5.954
-6.171
-6.103
-5.913
-5.838
-5.883
-5.868
-5.691
-5.421
-5.21
-5.187
-5.164
-4.956
-4.92
-5.315
-5.863
-6.337
-6.753
-7.002
-7.081
-7.136
-7.07
-6.73
-6.296
-5.959
-5.743
-5.636
-5.614
-5.671
-5.915
-6.344
-6.761
-6.993
-7.09
-7.11
-7.036
-6.748
-6.287
-5.863
-5.604
-5.378
-5.051
-4.693
-4.516
-4.584
-4.8
-5.162
-5.561
-5.607
-5.367
-5.103
-4.688
-3.887
-2.9
-2.171
-1.98
-2.272
-2.748
-3.22
-3.718
-4.234
-4.622
-4.659
-4.223
-3.483
-2.667
-1.782
-0.927
-0.494
-0.785
-1.635
-2.559
-3.352
-4.082
-4.588
-4.641
-4.207
-3.352
-2.249
-1.095
-0.066
0.626
0.859
0.691
0.17
-0.666
-1.769
-3.059
-4.255
-4.952
-5.015
-4.625
-4.013
-3.243
-2.377
-1.546
-0.927
-0.769
-1.181
-1.93
-2.717
-3.298
-3.414
-3.096
-2.642
-1.991
-0.918
0.219
0.848
0.723
0.224
0.04
0.228
0.17
-0.281
-0.378
0.344
1.378
2.064
2.332
2.431
2.499
2.543
2.27
1.446
0.37
-0.394
-0.73
-0.947
-1.261
-1.277
-0.415
0.954
2.045
2.712
3.246
3.694
3.799
3.327
2.252
0.821
-0.392
-0.947
-1.05
-1.086
-0.907
-0.258
0.655
1.508
2.025
2.096
1.885
1.526
1.054
0.533
0.072
-0.224
-0.426
-0.719
-0.993
-1.054
-0.957
-0.703
-0.213
0.387
0.886
1.254
1.521
1.682
1.59
1.136
0.474
-0.195
-0.766
-1.161
-1.299
-1.152
-0.726
-0.007
0.766
1.218
1.288
1.193
0.968
0.538
0.219
0.439
0.946
1.129
1.054
1.073
1.115
1.014
0.879
0.843
0.916
1.136
1.578
2.148
2.538
2.601
2.574
2.688
2.722
2.476
2.181
2.165
2.433
2.717
2.88
2.844
2.488
1.88
1.378
1.131
0.953
0.743
0.746
1.206
2.029
2.839
3.316
3.388
3.11
2.699
2.417
2.363
2.352
2.286
2.343
2.47
2.343
2.023
1.919
2.102
2.429
2.987
3.79
4.627
5.183
5.315
5.028
4.369
3.427
2.32
1.274
0.748
1.037
1.928
3.248
4.94
6.67
7.732
7.841
7.394
6.809
6.135
5.271
4.359
3.787
3.677
3.942
4.529
5.296
6.006
6.537
7.117
7.836
8.331
8.376
8.236
8.175
7.887
6.981
5.779
4.974
4.806
5.026
5.548
6.421
7.426
8.24
8.798
9.018
8.774
8.26
7.773
7.383
7.094
7.077
7.592
8.716
10.002
10.792
10.937
10.731
10.348
9.642
8.472
7.129
6.291
6.396
7.19
8.17
9.218
10.529
12.042
13.267
13.739
13.509
13.013
12.417
11.62
10.679
9.833
9.358
9.499
10.182
11.073
12.022
13.24
14.882
16.553
17.514
17.422
16.637
15.598
14.435
13.244
12.223
11.607
11.661
12.47
13.793
15.235
16.508
17.366
17.715
17.538
16.819
15.789
14.827
14.092
13.619
13.373
13.357
13.636
14.036
14.24
14.251
14.292
14.38
14.342
14.143
13.864
13.509
13.169
12.874
12.407
11.692
11.148
11.062
11.11
11.051
11.041
11.057
10.947
10.658
10.153
9.44
8.712
8.256
8.227
8.427
8.735
9.227
9.782
10.118
10.009
9.425
8.622
7.819
6.947
6.019
5.26
4.824
4.681
4.869
5.346
5.945
6.573
7.315
8.186
8.787
8.631
7.897
7.099
6.291
5.248
4.144
3.393
3.058
3.005
3.295
4.164
5.512
6.954
8.231
9.238
9.866
10.037
9.774
9.068
8.034
6.984
6.102
5.393
4.979
5.026
5.451
6.17
7.34
8.823
10.105
10.888
11.316
11.509
11.309
10.608
9.687
8.807
8.052
7.462
7.22
7.453
8.041
8.774
9.619
10.547
11.368
11.818
11.84
11.634
11.335
10.91
10.396
9.976
9.699
9.39
9.111
9.134
9.499
9.853
9.957
10.007
10.107
10.137
9.973
9.677
9.426
9.363
9.438
9.722
10.153
10.433
10.533
10.617
10.549
10.123
9.519
8.979
8.671
8.585
8.626
8.934
9.572
10.475
11.484
12.371
12.942
13.133
12.926
12.298
11.314
10.128
8.927
8.009
7.524
7.44
7.741
8.399
9.366
10.593
11.881
13.022
13.796
14.075
13.897
13.351
12.573
11.89
11.563
11.527
11.691
12.028
12.605
13.487
14.455
15.218
15.841
16.354
16.501
16.177
15.594
15.005
14.553
14.296
14.385
14.859
15.49
16.134
16.853
17.567
18.143
18.566
18.81
18.863
18.838
18.826
18.91
19.194
19.655
20.167
20.689
21.206
21.664
22.033
22.195
21.954
21.496
21.158
20.99
20.95
21.025
21.174
21.53
22.295
23.279
24.105
24.668
25.08
25.261
25.083
24.668
24.157
23.626
23.231
23.147
23.315
23.676
24.3
25.198
26.133
26.825
27.21
27.33
27.201
26.818
26.33
25.759
25.162
24.801
24.758
24.778
24.776
24.962
25.434
25.912
26.142
26.117
25.887
25.448
24.915
24.406
23.965
23.522
23.152
23.091
23.422
23.869
24.137
24.245
24.227
24.01
23.519
22.841
22.213
21.753
21.453
21.274
21.258
21.314
21.301
21.088
20.757
20.542
20.446
20.233
19.775
19.199
18.82
18.79
18.872
18.858
18.763
18.668
18.702
18.861
18.906
18.704
18.445
18.354
18.443
18.5
18.275
17.883
17.551
17.288
17.141
17.172
17.291
17.359
17.434
17.615
17.914
18.253
18.538
18.745
18.793
18.558
18.091
17.651
17.399
17.291
17.132
16.86
16.753
17.057
17.613
18.071
18.418
18.953
19.756
20.48
20.83
20.836
20.686
20.487
20.274
20.051
19.695
19.225
19.037
19.38
20.022
20.591
20.941
21.14
21.181
20.988
20.63
20.248
19.995
20.006
20.206
20.5
20.857
21.229
21.624
22.018
22.297
22.363
22.211
21.848
21.435
21.165
21.099
21.217
21.43
21.632
21.748
21.755
21.805
21.936
22.027
21.965
21.728
21.346
20.857
20.285
19.711
19.267
18.994
18.838
18.831
19.035
19.33
19.609
19.999
20.553
20.943
20.791
20.11
19.348
18.777
18.479
18.479
18.716
19.004
19.276
19.536
19.616
19.341
18.838
18.398
17.974
17.583
17.279
17.039
17.023
17.191
17.461
17.724
17.751
17.515
17.302
17.239
17.073
16.658
16.352
16.173
15.882
15.633
15.469
15.576
15.785
15.953
16.138
16.125
15.802
15.277
15.022
14.999
14.732
14.102
13.508
13.201
13.104
12.92
12.632
12.654
12.938
13.441
13.902
14.156
13.875
13.169
12.729
12.498
12.087
11.366
10.944
11.057
11.52
12.081
12.614
12.872
12.729
12.348
11.813
11.398
10.917
10.479
10.465
10.912
11.307
11.368
11.436
11.368
10.999
10.25
9.313
8.488
8.004
7.576
7.109
7.054
7.405
7.793
7.871
7.836
7.764
7.582
7.222
6.793
6.496
6.249
5.96
5.514
5.131
4.94
4.921
4.992
5.094
5.221
5.237
5.042
4.604
3.978
3.178
2.388
1.912
1.916
2.186
2.352
2.307
2.304
2.485
2.354
1.672
0.723
-0.202
-0.909
-1.302
-1.315
-1.105
-0.837
-0.578
-0.338
-0.244
-0.428
-0.816
-1.236
-1.662
-2.175
-2.59
-2.764
-2.753
-2.878
-3.191
-3.399
-3.388
-3.132
-2.851
-2.887
-3.236
-3.624
-3.894
-4.133
-4.6
-5.391
-6.119
-6.498
-6.55
-6.503
-6.385
-5.966
-5.11
-4.044
-3.178
-2.787
-2.962
-3.543
-4.37
-5.346
-6.319
-6.945
-6.829
-6.072
-5.11
-4.454
-4.118
-3.926
-3.906
-4.198
-4.777
-5.467
-6.018
-6.201
-6.108
-5.911
-5.671
-5.283
-4.781
-4.47
-4.596
-5.037
-5.319
-5.337
-5.444
-5.656
-5.743
-5.786
-5.959
-6.222
-6.351
-6.222
-5.856
-5.239
-4.529
-3.887
-3.47
-3.427
-3.742
-4.269
-4.861
-5.548
-6.26
-6.746
-6.832
-6.598
-6.178
-5.682
-5.083
-4.448
-4.055
-4.076
-4.412
-4.861
-5.337
-5.716
-5.87
-5.852
-5.739
-5.504
-5.321
-5.487
-5.983
-6.419
-6.421
-6.051
-5.645
-5.309
-5.063
-4.988
-5.162
-5.527
-5.986
-6.507
-7.125
-7.689
-8.139
-8.48
-8.563
-8.344
-8.002
-7.834
-8.009
-8.479
-8.955
-9.298
-9.669
-10.153
-10.504
-10.52
-10.291
-10.025
-9.862
-9.729
-9.622
-9.64
-9.737
-9.787
-9.839
-10.089
-10.595
-11.171
-11.702
-12.19
-12.521
-12.638
-12.527
-12.146
-11.52
-10.781
-10.2
-10.069
-10.32
-10.577
-10.82
-11.271
-11.929
-12.682
-13.317
-13.512
-13.169
-12.561
-11.808
-10.994
-10.368
-10.154
-10.373
-10.917
-11.615
-12.307
-12.773
-12.999
-13.158
-13.294
-13.174
-12.493
-11.434
-10.5
-9.855
-9.481
-9.494
-10.007
-10.74
-11.325
-11.656
-11.729
-11.686
-11.711
-11.708
-11.425
-10.86
-10.15
-9.426
-8.843
-8.496
-8.535
-9.071
-9.878
-10.613
-11.06
-11.164
-11.015
-10.572
-9.667
-8.419
-7.149
-6.178
-5.591
-5.419
-5.759
-6.523
-7.177
-7.317
-7.115
-6.837
-6.523
-6.019
-5.221
-4.269
-3.35
-2.533
-1.9
-1.733
-2.118
-2.701
-3.096
-3.336
-3.495
-3.42
-3.119
-2.776
-2.309
-1.608
-0.834
-0.14
0.386
0.743
0.934
0.823
0.401
0.031
0.079
0.562
1.22
1.678
1.892
2.191
2.619
2.912
2.919
2.581
1.961
1.449
1.241
1.037
0.705
0.535
0.789
1.242
1.526
1.642
1.828
2.077
2.157
2.064
1.817
1.22
0.292
-0.569
-1.138
-1.598
-1.98
-1.968
-1.442
-0.75
-0.308
-0.045
0.283
0.591
0.642
0.242
-0.734
-2.141
-3.325
-3.865
-4.06
-4.382
-4.756
-4.656
-4.042
-3.45
-3.194
-2.978
-2.756
-2.923
-3.511
-4.257
-4.995
-5.648
-6.008
-5.983
-5.802
-5.693
-5.507
-5.033
-4.59
-4.593
-4.979
-5.26
-5.232
-5.289
-5.716
-6.19
-6.322
-6.285
-6.353
-6.51
-6.678
-6.984
-7.326
-7.433
-7.304
-7.245
-7.467
-7.809
-8.147
-8.628
-9.322
-9.83
-9.697
-9.094
-8.36
-7.646
-7.079
-6.675
-6.446
-6.698
-7.51
-8.662
-9.905
-10.971
-11.518
-11.368
-10.821
-10.17
-9.381
-8.401
-7.617
-7.41
-7.567
-7.728
-7.943
-8.469
-9.215
-9.805
-10.114
-10.328
-10.461
-10.449
-10.305
-9.98
-9.517
-9.055
-8.758
-8.642
-8.515
-8.349
-8.583
-9.419
-10.37
-10.969
-11.223
-11.214
-10.924
-10.312
-9.434
-8.551
-8.018
-7.975
-8.102
-8.059
-7.829
-7.662
-7.755
-7.984
-8.181
-8.37
-8.567
-8.862
-9.293
-9.762
-10.082
-10.112
-9.817
-9.322
-8.712
-7.968
-7.313
-6.995
-6.957
-7.106
-7.476
-8.016
-8.767
-9.554
-9.985
-10.028
-9.918
-9.61
-8.984
-8.256
-7.816
-7.861
-8.37
-9.141
-9.846
-10.114
-9.994
-9.912
-9.957
-9.937
-9.85
-9.828
-9.941
-10.232
-10.613
-10.944
-11.137
-11.051
-10.731
-10.357
-9.937
-9.502
-9.261
-9.313
-9.606
-10.146
-10.937
-11.77
-12.387
-12.79
-13.144
-13.514
-13.713
-13.473
-12.809
-12.017
-11.343
-10.978
-10.91
-11.096
-11.54
-12.183
-12.92
-13.523
-13.75
-13.553
-12.984
-12.137
-11.148
-10.114
-9.27
-8.952
-9.325
-10.373
-11.915
-13.539
-14.814
-15.562
-15.705
-15.302
-14.635
-13.9
-13.117
-12.41
-11.96
-11.892
-12.126
-12.47
-12.845
-13.335
-13.791
-13.956
-13.68
-12.925
-11.949
-11.216
-11.016
-11.273
-11.736
-12.28
-12.845
-13.289
-13.512
-13.551
-13.421
-13.113
-12.677
-12.158
-11.495
-10.744
-10.17
-9.928
-9.966
-10.237
-10.729
-11.348
-11.919
-12.244
-12.198
-11.874
-11.427
-10.792
-9.865
-8.923
-8.308
-8.016
-7.996
-8.279
-8.783
-9.388
-9.996
-10.529
-10.851
-10.779
-10.268
-9.529
-8.771
-8.072
-7.467
-6.943
-6.587
-6.564
-6.843
-7.174
-7.378
-7.526
-7.744
-8.068
-8.415
-8.606
-8.46
-7.968
-7.467
-7.285
-7.308
-7.383
-7.64
-8.129
-8.699
-9.146
-9.472
-9.801
-10.093
-10.214
-10.096
-9.755
-9.257
-8.671
-8.127
-7.784
-7.75
-8.055
-8.712
-9.574
-10.293
-10.661
-10.785
-10.856
-10.869
-10.765
-10.529
-10.313
-10.329
-10.47
-10.527
-10.488
-10.495
-10.695
-11.026
-11.271
-11.4
-11.524
-11.699
-11.881
-12.074
-12.285
-12.375
-12.269
-12.054
-11.774
-11.393
-11.076
-11.078
-11.32
-11.472
-11.38
-11.2
-11.062
-10.928
-10.72
-10.563
-10.554
-10.645
-10.903
-11.395
-11.818
-11.824
-11.523
-11.235
-11.064
-10.903
-10.779
-10.763
-10.781
-10.795
-10.924
-11.08
-11.024
-10.799
-10.685
-10.756
-10.91
-11.041
-11.048
-10.928
-10.729
-10.501
-10.275
-9.93
-9.327
-8.671
-8.324
-8.404
-8.771
-9.227
-9.742
-10.296
-10.727
-10.853
-10.647
-10.184
-9.461
-8.703
-8.223
-7.991
-7.903
-8.055
-8.485
-9.027
-9.483
-9.862
-10.322
-10.731
-10.684
-10.066
-9.189
-8.396
-7.832
-7.521
-7.397
-7.462
-7.829
-8.469
-9.211
-9.746
-9.865
-9.703
-9.526
-9.358
-8.973
-8.347
-7.866
-7.859
-8.299
-8.962
-9.593
-10.085
-10.5
-10.833
-10.969
-10.863
-10.556
-10.146
-9.737
-9.413
-9.116
-8.8
-8.791
-9.51
-10.595
-11.096
-11.141
-11.584
-12.031
-11.897
-11.157
-10.123
-9.486
-9.567
-9.842
-10.021
-10.441
-11.083
-12.158
-13.387
-13.947
-13.732
-13.228
-12.516
-11.772
-11.278
-10.629
-10.25
-10.91
-12.206
-13.176
-13.802
-14.564
-15.143
-15.104
-14.866
-14.878
-14.432
-13.389
-12.621
-12.437
-12.323
-11.97
-11.708
-11.776
-11.94
-11.924
-12.212
-12.495
-12.112
-11.652
-11.718
-11.829
-11.427
-11.051
-11.241
-11.738
-12.21
-12.711
-13.013
-12.917
-12.965
-13.083
-12.634
-11.795
-11.191
-10.817
-10.853
-11.252
-11.312
-11.051
-10.964
-11.205
-11.659
-11.808
-11.446
-11.187
-11.196
-10.844
-10.381
-10.297
-10.37
-10.459
-10.6
-10.513
-9.982
-9.215
-8.59
-8.295
-8.204
-8.177
-8.272
-8.603
-8.994
-9.334
-9.665
-9.908
-10.193
-10.425
-10.509
-10.443
-10.228
-10.025
-9.939
-9.896
-10.023
-10.427
-10.713
-10.785
-10.851
-10.772
-10.443
-10.212
-9.96
-9.383
-8.655
-7.941
-7.544
-7.556
-7.582
-7.637
-8.032
-8.615
-9.215
-9.794
-10.134
-10.252
-10.17
-9.813
-9.451
-9.363
-9.531
-9.817
-9.978
-10.154
-10.772
-11.459
-11.743
-11.751
-11.44
-10.704
-9.976
-9.383
-8.648
-7.927
-7.428
-7.208
-7.458
-8.055
-8.544
-8.774
-8.819
-8.748
-8.622
-8.408
-8.161
-7.836
-7.356
-6.902
-6.947
-7.514
-8.159
-8.778
-9.531
-10.275
-10.811
-11.094
-11.015
-10.638
-10.146
-9.661
-9.357
-9.231
-9.098
-8.934
-8.911
-9.162
-9.587
-9.844
-9.599
-8.778
-7.764
-6.957
-6.303
-5.616
-5.085
-4.897
-5.169
-6.076
-7.428
-8.678
-9.603
-10.055
-9.855
-9.377
-8.905
-8.2
-7.389
-6.877
-6.685
-6.793
-7.317
-8.208
-9.207
-9.946
-10.228
-10.234
-9.976
-9.17
-7.945
-6.662
-5.52
-4.72
-4.325
-4.25
-4.602
-5.225
-5.792
-6.346
-6.909
-7.174
-6.993
-6.514
-5.976
-5.448
-4.888
-4.596
-4.816
-5.241
-5.675
-6.391
-7.414
-8.286
-8.599
-8.356
-7.819
-7.109
-6.231
-5.299
-4.55
-4.225
-4.334
-4.738
-5.328
-5.945
-6.254
-6.176
-5.856
-5.414
-4.785
-3.849
-2.764
-2.045
-1.88
-1.919
-2.057
-2.365
-2.774
-3.375
-4.098
-4.561
-4.629
-4.545
-4.377
-4.134
-3.858
-3.483
-3.042
-2.79
-2.86
-3.148
-3.545
-4.065
-4.747
-5.319
-5.444
-5.128
-4.57
-3.926
-3.21
-2.391
-1.51
-0.798
-0.438
-0.46
-0.726
-1.002
-1.147
-1.336
-1.626
-1.737
-1.667
-1.619
-1.59
-1.56
-1.633
-1.832
-2.064
-2.248
-2.368
-2.465
-2.556
-2.653
-2.801
-3.051
-3.168
-3.003
-2.81
-2.792
-2.695
-2.209
-1.576
-1.177
-0.968
-0.705
-0.401
-0.27
-0.467
-0.857
-1.286
-1.744
-2.055
-2.028
-1.841
-1.642
-1.361
-1.018
-0.846
-0.968
-1.315
-1.762
-2.196
-2.595
-3.023
-3.347
-3.467
-3.531
-3.595
-3.577
-3.391
-3.01
-2.567
-2.352
-2.413
-2.572
-2.787
-2.978
-3.127
-3.239
-3.259
-3.166
-2.915
-2.44
-1.889
-1.413
-1.106
-1.057
-1.272
-1.717
-2.381
-3.175
-4.014
-4.833
-5.315
-5.137
-4.496
-3.794
-3.058
-2.233
-1.524
-1.218
-1.462
-2.128
-3.066
-4.076
-4.842
-5.212
-5.278
-5.08
-4.443
-3.286
-1.923
-0.759
0.222
1.19
1.812
1.83
1.499
0.921
0.023
-1.034
-1.914
-2.349
-2.232
-1.66
-0.775
0.192
0.953
1.333
1.385
1.154
0.666
-0.129
-1.047
-1.614
-1.705
-1.497
-0.982
-0.115
0.918
1.9
2.674
3.046
2.962
2.497
1.85
1.29
0.941
0.805
0.95
1.349
1.835
2.309
2.735
3.028
3.123
3.019
2.711
2.152
1.42
0.717
0.208
-0.19
-0.446
-0.306
0.215
0.93
1.685
2.291
2.617
2.612
2.259
1.741
1.22
0.714
0.318
0.228
0.376
0.574
0.907
1.594
2.46
3.132
3.475
3.538
3.259
2.599
1.746
1.022
0.603
0.335
0.102
0.02
0.068
0.186
0.444
0.853
1.313
1.696
1.896
1.84
1.537
1.043
0.49
0.136
0.06
0.122
0.281
0.522
0.678
0.778
1.127
1.801
2.4
2.511
2.227
1.824
1.293
0.651
0.211
0.195
0.365
0.454
0.503
0.564
0.578
0.569
0.662
1.047
1.63
2.171
2.676
3.059
3.032
2.56
1.984
1.52
1.143
0.93
1.002
1.424
2.1
2.812
3.382
3.763
4.062
4.393
4.654
4.652
4.454
4.275
4.171
4.234
4.509
4.79
4.915
5.056
5.276
5.396
5.387
5.446
5.688
6.099
6.521
6.816
6.945
6.886
6.691
6.587
6.685
6.874
7.065
7.204
7.208
7.077
6.961
6.893
6.714
6.455
6.371
6.475
6.727
7.326
8.208
8.853
9.027
8.937
8.669
8.061
7.188
6.449
6.065
5.96
6.067
6.455
7.088
7.676
8.049
8.299
8.458
8.379
8.02
7.637
7.336
7.006
6.634
6.358
6.283
6.353
6.58
7.12
8.009
9.03
9.944
10.631
10.996
11.064
11.026
10.935
10.658
10.229
9.894
9.858
10.157
10.606
11.162
11.847
12.55
13.015
13.276
13.457
13.333
12.718
12.114
12.039
12.249
12.207
12.019
12.235
12.881
13.521
13.861
13.861
13.571
13.104
12.53
11.96
11.708
11.84
12.153
12.657
13.344
13.743
13.525
13.131
13.108
13.11
12.507
11.845
11.772
11.804
11.393
10.921
10.821
11.041
11.387
11.782
12.167
12.323
12.255
12.198
12.019
11.303
10.144
9.136
8.535
8.075
7.401
6.843
6.977
7.66
8.438
9.12
9.461
9.372
9.261
9.204
8.9
8.356
7.873
7.576
7.426
7.226
6.829
6.48
6.398
6.478
6.505
6.511
6.825
7.451
7.913
8.048
7.986
7.9
7.821
7.582
7.061
6.394
5.947
5.92
6.178
6.548
6.97
7.405
7.88
8.359
8.551
8.385
8.152
7.913
7.569
7.281
7.117
7.102
7.42
7.943
8.215
8.154
8.055
8.107
8.208
8.159
8.093
8.268
8.637
9.003
9.247
9.306
9.139
8.778
8.456
8.401
8.501
8.428
8.265
8.215
8.245
8.168
7.904
7.567
7.349
7.292
7.344
7.544
7.977
8.508
8.76
8.751
8.726
8.427
7.676
7.026
6.954
7.301
7.787
8.44
9.231
9.73
9.71
9.513
9.425
9.231
8.966
8.921
9.005
9.063
9.273
9.651
9.905
9.821
9.456
9.089
8.875
8.794
8.932
9.404
10.009
10.569
11.084
11.314
11.016
10.513
10.228
10.193
10.316
10.552
10.837
11.187
11.582
11.845
11.85
11.722
11.622
11.582
11.661
11.94
12.47
13.14
13.773
14.258
14.496
14.464
14.29
14.128
14.083
14.14
14.371
14.884
15.446
15.848
16.148
16.34
16.359
16.324
16.506
16.996
17.604
18.114
18.532
18.897
19.092
19.137
19.203
19.262
19.287
19.529
19.947
20.233
20.362
20.655
21.317
22.124
22.678
22.867
22.903
22.998
23.141
23.102
22.739
22.329
22.211
22.365
22.667
23.059
23.49
24.075
24.865
25.627
26.019
25.979
25.754
25.57
25.372
24.989
24.474
24.039
23.855
23.95
24.254
24.708
25.236
25.754
26.16
26.301
26.148
25.892
25.579
25.177
24.812
24.577
24.343
24.034
23.903
23.994
24.025
23.914
23.671
23.306
22.852
22.333
21.868
21.646
21.553
21.569
21.889
22.399
22.737
22.755
22.535
22.288
22.052
21.546
20.741
19.995
19.645
19.718
19.886
19.859
19.845
20.131
20.555
20.85
20.763
20.185
19.525
19.101
18.756
18.301
17.676
17.007
16.794
17.2
17.627
17.65
17.504
17.606
17.971
18.282
18.28
17.985
17.592
17.311
17.209
17.178
17.141
17.104
17.062
17.067
17.123
17.171
17.182
17.3
17.577
17.878
18.051
18.162
18.302
18.425
18.563
18.74
18.793
18.493
17.949
17.486
17.386
17.577
17.839
18.15
18.493
18.84
19.26
19.596
19.568
19.283
18.967
18.616
18.137
17.681
17.477
17.618
18.028
18.545
19.072
19.584
20.038
20.339
20.474
20.437
20.133
19.629
19.251
19.069
18.831
18.581
18.722
19.439
20.287
20.63
20.471
20.287
20.338
20.412
20.299
19.959
19.475
19.028
18.822
19.028
19.568
20.183
20.77
21.39
21.92
22.079
21.848
21.419
20.915
20.432
20.09
19.986
20.004
19.944
19.77
19.709
19.931
20.219
20.212
19.924
19.745
19.815
19.808
19.471
18.94
18.348
17.786
17.354
16.928
16.556
16.472
16.789
17.379
17.858
17.96
17.776
17.482
17.08
16.71
16.39
16.061
15.832
15.834
16.097
16.481
16.794
16.9
16.78
16.392
15.85
15.34
14.816
14.208
13.668
13.532
13.868
14.326
14.451
14.174
13.947
14.095
14.249
13.859
13.085
12.45
12.067
11.847
11.668
11.516
11.536
11.804
12.167
12.507
12.553
12.31
12.19
12.169
11.987
11.624
11.287
11.048
10.872
10.62
10.237
9.858
9.493
9.241
9.098
8.755
8.313
8.388
8.887
9.116
8.919
8.703
8.715
8.66
8.243
7.582
7.049
6.75
6.648
6.605
6.507
6.542
6.789
7.094
7.297
7.206
6.852
6.562
6.387
6.029
5.484
5.078
5.033
5.201
5.156
4.679
4.255
4.286
4.457
4.312
3.645
2.783
2.191
1.877
1.53
1.121
0.938
1.226
1.862
2.391
2.608
2.658
2.588
2.333
1.821
0.884
-0.228
-1.002
-1.333
-1.37
-1.209
-0.898
-0.358
0.324
0.711
0.59
0.222
-0.134
-0.378
-0.643
-1.121
-1.74
-2.395
-3.089
-3.697
-4.126
-4.344
-4.033
-3.223
-2.501
-2.245
-2.327
-2.628
-3.431
-4.861
-6.419
-7.428
-7.88
-8.072
-7.819
-7.026
-6.124
-5.321
-4.684
-4.484
-4.82
-5.407
-5.85
-6.276
-6.961
-7.594
-7.757
-7.501
-6.979
-6.269
-5.666
-5.403
-5.296
-5.08
-4.84
-4.879
-5.088
-5.092
-5.028
-5.308
-5.823
-6.391
-7.031
-7.526
-7.435
-6.689
-5.675
-4.838
-4.396
-4.382
-4.701
-5.162
-5.593
-5.99
-6.118
-5.698
-4.933
-4.273
-3.751
-3.25
-2.905
-2.883
-3.058
-3.234
-3.386
-3.574
-3.697
-3.574
-3.278
-3.059
-3.032
-3.198
-3.566
-4.094
-4.679
-5.115
-5.178
-4.915
-4.693
-4.697
-4.797
-4.911
-5.205
-5.802
-6.43
-6.773
-6.727
-6.383
-5.883
-5.507
-5.341
-5.299
-5.383
-5.561
-5.824
-6.285
-6.973
-7.605
-7.918
-7.957
-7.981
-8.052
-8.07
-8.072
-8.065
-8.052
-8.279
-8.739
-9.005
-8.842
-8.54
-8.587
-9.059
-9.762
-10.608
-11.393
-11.759
-11.572
-11.1
-10.445
-9.658
-9.123
-9.12
-9.54
-10.177
-10.915
-11.747
-12.486
-12.838
-12.781
-12.45
-11.967
-11.439
-10.804
-10.141
-9.871
-10.257
-11.001
-11.614
-12.003
-12.291
-12.418
-12.251
-11.971
-11.802
-11.627
-11.362
-11.168
-11.01
-10.711
-10.328
-10.121
-10.169
-10.38
-10.608
-10.892
-11.173
-11.196
-10.903
-10.532
-10.196
-9.776
-9.136
-8.463
-8.034
-7.889
-7.95
-8.161
-8.49
-8.927
-9.338
-9.338
-8.778
-7.904
-7.018
-6.283
-5.823
-5.648
-5.707
-6.027
-6.482
-6.809
-6.775
-6.337
-5.686
-4.999
-4.16
-3.023
-1.669
-0.494
0.115
0.231
0.068
-0.319
-0.882
-1.399
-1.624
-1.438
-0.975
-0.507
-0.083
0.523
1.331
2.107
2.674
2.912
2.837
2.588
2.064
1.261
0.512
0.215
0.503
